tag,count,href,category
Celty Sturluson,1315,/tags/Celty%20Sturluson,c
Heiwajima Shizuo,4341,/tags/Heiwajima%20Shizuo,c
Orihara Izaya,5104,/tags/Orihara%20Izaya,c
Ryuugamine Mikado/Everyone,1,/tags/Ryuugamine%20Mikado*s*Everyone,r
Ryuugamine Mikado,613,/tags/Ryuugamine%20Mikado,c
Tanaka Tom,487,/tags/Tanaka%20Tom,c
Yumasaki Walker,298,/tags/Yumasaki%20Walker,c
Sonohara Anri,367,/tags/Sonohara%20Anri,c
Kishitani Shinra,1679,/tags/Kishitani%20Shinra,c
Simon Brezhnev,251,/tags/Simon%20Brezhnev,c
Yagiri Seiji,57,/tags/Yagiri%20Seiji,c
Harima Mika,59,/tags/Harima%20Mika,c
Yagiri Namie,571,/tags/Yagiri%20Namie,c
Togusa Saburou,141,/tags/Togusa%20Saburou,c
Karisawa Erika,372,/tags/Karisawa%20Erika,c
Kadota Kyouhei,604,/tags/Kadota%20Kyouhei,c
Kishitani Shinra/Celty Sturluson,520,/tags/Kishitani%20Shinra*s*Celty%20Sturluson,r
Heiwajima Shizuo/Celty Sturluson,26,/tags/Heiwajima%20Shizuo*s*Celty%20Sturluson,r
Karisawa Erika/Yumasaki Walker,30,/tags/Karisawa%20Erika*s*Yumasaki%20Walker,r
Heiwajima Shizuo/Orihara Izaya,4948,/tags/Heiwajima%20Shizuo*s*Orihara%20Izaya,r
Kida Masaomi,600,/tags/Kida%20Masaomi,c
Kuronuma Aoba,180,/tags/Kuronuma%20Aoba,c
Orihara Kururi,447,/tags/Orihara%20Kururi,c
Orihara Mairu,450,/tags/Orihara%20Mairu,c
Kishitani Shingen,123,/tags/Kishitani%20Shingen,c
Harima Mika/Yagiri Seiji,24,/tags/Harima%20Mika*s*Yagiri%20Seiji,r
Kida Masaomi/Ryuugamine Mikado,151,/tags/Kida%20Masaomi*s*Ryuugamine%20Mikado,r
Mikajima Saki,119,/tags/Mikajima%20Saki,c
Heiwajima Kasuka,376,/tags/Heiwajima%20Kasuka,c
Heiwajima Shizuo/Kida Masaomi,11,/tags/Heiwajima%20Shizuo*s*Kida%20Masaomi,r
Durarara!! Kink Meme,59,/tags/Durarara!!%20Kink%20Meme,f
Kida Masaomi/Sonohara Anri,8,/tags/Kida%20Masaomi*s*Sonohara%20Anri,r
Kida Masaomi/Ryuugamine Mikado/Sonohara Anri,17,/tags/Kida%20Masaomi*s*Ryuugamine%20Mikado*s*Sonohara%20Anri,r
Heiwajima Kasuka/Heiwajima Shizuo,18,/tags/Heiwajima%20Kasuka*s*Heiwajima%20Shizuo,r
Orihara Izaya/Yagiri Namie,86,/tags/Orihara%20Izaya*s*Yagiri%20Namie,r
Kida Masaomi/Orihara Izaya,76,/tags/Kida%20Masaomi*s*Orihara%20Izaya,r
Heiwajima Shizuo/Kishitani Shinra/Celty Sturluson,4,/tags/Heiwajima%20Shizuo*s*Kishitani%20Shinra*s*Celty%20Sturluson,r
Heiwajima Kasuka/Kida Masaomi,1,/tags/Heiwajima%20Kasuka*s*Kida%20Masaomi,r
Heiwajima Shizuo/Tanaka Tom,38,/tags/Heiwajima%20Shizuo*s*Tanaka%20Tom,r
Sonohara Anri/Celty Sturluson,7,/tags/Sonohara%20Anri*s*Celty%20Sturluson,r
Ryuugamine Mikado/Sonohara Anri,58,/tags/Ryuugamine%20Mikado*s*Sonohara%20Anri,r
Heiwajima Shizuo/Vorona,48,/tags/Heiwajima%20Shizuo*s*Vorona,r
Kishitani Shinra/Orihara Izaya,155,/tags/Kishitani%20Shinra*s*Orihara%20Izaya,r
Kuronuma Aoba/Orihara Kururi,13,/tags/Kuronuma%20Aoba*s*Orihara%20Kururi,r
Yagiri Namie/Yagiri Seiji,7,/tags/Yagiri%20Namie*s*Yagiri%20Seiji,r
Jim Moriarty/Orihara Izaya,0,/tags/Jim%20Moriarty*s*Orihara%20Izaya,r
Harima Mika/Sonohara Anri,3,/tags/Harima%20Mika*s*Sonohara%20Anri,r
Heiwajima Kasuka/Orihara Izaya,19,/tags/Heiwajima%20Kasuka*s*Orihara%20Izaya,r
Orihara Izaya/Tsukumoya Shinichi,57,/tags/Orihara%20Izaya*s*Tsukumoya%20Shinichi,r
Tsukumoya Shinichi,124,/tags/Tsukumoya%20Shinichi,c
America (Hetalia)/Orihara Izaya,0,/tags/America%20(Hetalia)*s*Orihara%20Izaya,r
Duo Maxwell/Orihara Izaya,0,/tags/Duo%20Maxwell*s*Orihara%20Izaya,r
Heiwajima Shizuo & Orihara Izaya,572,/tags/Heiwajima%20Shizuo%20*a*%20Orihara%20Izaya,r
Heiwajima Shizuo/Tsugaru,4,/tags/Heiwajima%20Shizuo*s*Tsugaru,r
Bartimaeus (Bartimaeus)/Orihara Izaya,0,/tags/Bartimaeus%20(Bartimaeus)*s*Orihara%20Izaya,r
Orihara Izaya/Ryuugamine Mikado,93,/tags/Orihara%20Izaya*s*Ryuugamine%20Mikado,r
Heiwajima Shizuo/Harry Potter,1,/tags/Heiwajima%20Shizuo*s*Harry%20Potter,r
Heiwajima Namiko,51,/tags/Heiwajima%20Namiko,c
Heiwajima Kichirou,38,/tags/Heiwajima%20Kichirou,c
Kida Masaomi/Mikajima Saki,55,/tags/Kida%20Masaomi*s*Mikajima%20Saki,r
Awakusu Akane,64,/tags/Awakusu%20Akane,c
Heiwajima Shizuo/Ryuugamine Mikado,16,/tags/Heiwajima%20Shizuo*s*Ryuugamine%20Mikado,r
Kamichika Rio,10,/tags/Kamichika%20Rio,c
Saika (Durarara!!),40,/tags/Saika%20(Durarara!!),c
Psyche (Durarara!!),100,/tags/Psyche%20(Durarara!!),c
Tsugaru (Durarara!!),80,/tags/Tsugaru%20(Durarara!!),c
Delic (Durarara!!),121,/tags/Delic%20(Durarara!!),c
Hachimenroppi (Durarara!!),120,/tags/Hachimenroppi%20(Durarara!!),c
Hibiya (Durarara!!),78,/tags/Hibiya%20(Durarara!!),c
Psychedelic-420 (Durarara!!),5,/tags/Psychedelic-420%20(Durarara!!),c
Tsukishima (Durarara!!),79,/tags/Tsukishima%20(Durarara!!),c
Virus-138 (Durarara!!),6,/tags/Virus-138%20(Durarara!!),c
Psyche/Tsugaru (Durarara!!),35,/tags/Psyche*s*Tsugaru%20(Durarara!!),r
Hachimenroppi/Tsukishima (Durarara!!),60,/tags/Hachimenroppi*s*Tsukishima%20(Durarara!!),r
Heiwajima Shizuo & Celty Sturluson,34,/tags/Heiwajima%20Shizuo%20*a*%20Celty%20Sturluson,r
Delic/Hibiya (Durarara!!),53,/tags/Delic*s*Hibiya%20(Durarara!!),r
Heiwajima Kasuka & Heiwajima Shizuo,21,/tags/Heiwajima%20Kasuka%20*a*%20Heiwajima%20Shizuo,r
Awakusu Akane/Heiwajima Shizuo,1,/tags/Awakusu%20Akane*s*Heiwajima%20Shizuo,r
Orihara Izaya/Sheik (Legend of Zelda),0,/tags/Orihara%20Izaya*s*Sheik%20(Legend%20of%20Zelda),r
Orihara Izaya/Original Character(s),15,/tags/Orihara%20Izaya*s*Original%20Character(s),r
Kadota Kyouhei/Orihara Izaya,30,/tags/Kadota%20Kyouhei*s*Orihara%20Izaya,r
Kida Masaomi & Orihara Izaya,8,/tags/Kida%20Masaomi%20*a*%20Orihara%20Izaya,r
Kishitani Shinra & Orihara Izaya,152,/tags/Kishitani%20Shinra%20*a*%20Orihara%20Izaya,r
Heiwajima Shizuo/Orihara Izaya/Tanaka Tom,0,/tags/Heiwajima%20Shizuo*s*Orihara%20Izaya*s*Tanaka%20Tom,r
Psychedelic-420/Virus-138 (Durarara!!),4,/tags/Psychedelic-420*s*Virus-138%20(Durarara!!),r
Tanaka Tom/Original Female Character(s),0,/tags/Tanaka%20Tom*s*Original%20Female%20Character(s),r
Kamichika Rio/Celty Sturluson,3,/tags/Kamichika%20Rio*s*Celty%20Sturluson,r
Kuronuma Aoba/Ryuugamine Mikado,61,/tags/Kuronuma%20Aoba*s*Ryuugamine%20Mikado,r
Heiwajima Shizuo/Everyone,0,/tags/Heiwajima%20Shizuo*s*Everyone,r
Orihara Izaya/Tsugaru,7,/tags/Orihara%20Izaya*s*Tsugaru,r
Raijin Days,191,/tags/Raijin%20Days,f
Delic/Orihara Izaya,24,/tags/Delic*s*Orihara%20Izaya,r
Heiwajima Shizuo/Psyche,11,/tags/Heiwajima%20Shizuo*s*Psyche,r
Slon (Durarara!!),11,/tags/Slon%20(Durarara!!),c
Heiwajima Shizuo/Kishitani Shinra,11,/tags/Heiwajima%20Shizuo*s*Kishitani%20Shinra,r
Delic/Psyche (Durarara!!),8,/tags/Delic*s*Psyche%20(Durarara!!),r
Yodogiri Jinnai,17,/tags/Yodogiri%20Jinnai,c
Orihara Izaya/Saika,1,/tags/Orihara%20Izaya*s*Saika,r
Niekawa Haruna,22,/tags/Niekawa%20Haruna,c
Hachimenroppi/Tsugaru (Durarara!!),1,/tags/Hachimenroppi*s*Tsugaru%20(Durarara!!),r
Heiwajima Shizuo/Other(s),3,/tags/Heiwajima%20Shizuo*s*Other(s),r
Delic/Tsugaru (Durarara!!),4,/tags/Delic*s*Tsugaru%20(Durarara!!),r
Shooter (Durarara!!),9,/tags/Shooter%20(Durarara!!),c
Orihara Shirou,50,/tags/Orihara%20Shirou,c
Orihara Izaya/Psyche,8,/tags/Orihara%20Izaya*s*Psyche,r
Hachimenroppi/Psyche (Durarara!!),2,/tags/Hachimenroppi*s*Psyche%20(Durarara!!),r
Heiwajima Shizuo/Virus-138,0,/tags/Heiwajima%20Shizuo*s*Virus-138,r
Delic/Virus-138 (Durarara!!),0,/tags/Delic*s*Virus-138%20(Durarara!!),r
Hachimenroppi/Virus-138 (Durarara!!),0,/tags/Hachimenroppi*s*Virus-138%20(Durarara!!),r
Kuronuma Aoba/Mikajima Saki,0,/tags/Kuronuma%20Aoba*s*Mikajima%20Saki,r
Orihara Izaya/Reader,117,/tags/Orihara%20Izaya*s*Reader,r
Kida Masaomi/Reader,7,/tags/Kida%20Masaomi*s*Reader,r
Heiwajima Shizuo/Sonohara Anri,5,/tags/Heiwajima%20Shizuo*s*Sonohara%20Anri,r
Niekawa Haruna/Sonohara Anri,2,/tags/Niekawa%20Haruna*s*Sonohara%20Anri,r
Mamiya Manami,28,/tags/Mamiya%20Manami,c
Heiwajima Shizuo/Reader,55,/tags/Heiwajima%20Shizuo*s*Reader,r
Ryuugamine Mikado/Yumasaki Walker,1,/tags/Ryuugamine%20Mikado*s*Yumasaki%20Walker,r
Orihara Kyouko,56,/tags/Orihara%20Kyouko,c
Orihara Izaya & Orihara Mairu,20,/tags/Orihara%20Izaya%20*a*%20Orihara%20Mairu,r
Orihara Izaya & Orihara Kururi,19,/tags/Orihara%20Izaya%20*a*%20Orihara%20Kururi,r
Izumii Ran,45,/tags/Izumii%20Ran,c
Shitsuo (Durarara!!),23,/tags/Shitsuo%20(Durarara!!),c
Mizuchi Yahiro,10,/tags/Mizuchi%20Yahiro,c
Ryuugamine Mikado/Celty Sturluson,0,/tags/Ryuugamine%20Mikado*s*Celty%20Sturluson,r
Orihara Izaya/Orihara Izaya,1,/tags/Orihara%20Izaya*s*Orihara%20Izaya,r
Heiwajima Shizuo/Kida Masaomi/Orihara Izaya,1,/tags/Heiwajima%20Shizuo*s*Kida%20Masaomi*s*Orihara%20Izaya,r
Hijiribe Ruri,73,/tags/Hijiribe%20Ruri,c
Kida Masaomi/Orihara Izaya/Ryuugamine Mikado,3,/tags/Kida%20Masaomi*s*Orihara%20Izaya*s*Ryuugamine%20Mikado,r
Orihara Kururi/Orihara Mairu,19,/tags/Orihara%20Kururi*s*Orihara%20Mairu,r
Raira,5,/tags/Raira,f
Orihara Izaya/Allen Walker,0,/tags/Orihara%20Izaya*s*Allen%20Walker,r
Hachimenroppi/Orihara Izaya,20,/tags/Hachimenroppi*s*Orihara%20Izaya,r
Shiki Haruya,410,/tags/Shiki%20Haruya,c
Kida Masaomi & Ryuugamine Mikado,14,/tags/Kida%20Masaomi%20*a*%20Ryuugamine%20Mikado,r
Orihara Izaya/Celty Sturluson,7,/tags/Orihara%20Izaya*s*Celty%20Sturluson,r
Hachimenroppi/Heiwajima Shizuo,12,/tags/Hachimenroppi*s*Heiwajima%20Shizuo,r
Heiwajima Shizuo/Original Character(s),11,/tags/Heiwajima%20Shizuo*s*Original%20Character(s),r
Heiwajima Shizuo/Orihara Izaya/Original Character(s),5,/tags/Heiwajima%20Shizuo*s*Orihara%20Izaya*s*Original%20Character(s),r
Heiwajima Shizuo/Orihara Izaya/Other(s),0,/tags/Heiwajima%20Shizuo*s*Orihara%20Izaya*s*Other(s),r
Heiwajima Shizuo/Orihara Izaya/Psyche,1,/tags/Heiwajima%20Shizuo*s*Orihara%20Izaya*s*Psyche,r
Heiwajima Kasuka/Hijiribe Ruri,23,/tags/Heiwajima%20Kasuka*s*Hijiribe%20Ruri,r
Kida Masaomi/Original Character(s),2,/tags/Kida%20Masaomi*s*Original%20Character(s),r
Delic/Kida Masaomi,0,/tags/Delic*s*Kida%20Masaomi,r
Heiwajima Shizuo/Kadota Kyouhei,5,/tags/Heiwajima%20Shizuo*s*Kadota%20Kyouhei,r
Izumii Ran/Original Character(s),0,/tags/Izumii%20Ran*s*Original%20Character(s),r
Delic/Hibiya/Shitsuo (Durarara!!),0,/tags/Delic*s*Hibiya*s*Shitsuo%20(Durarara!!),r
Hibiya/Shitsuo (Durarara!!),0,/tags/Hibiya*s*Shitsuo%20(Durarara!!),r
Kida Masaomi & Ryuugamine Mikado & Sonohara Anri,15,/tags/Kida%20Masaomi%20*a*%20Ryuugamine%20Mikado%20*a*%20Sonohara%20Anri,r
Heiwajima Shizuo/Orihara Izaya/Ryuugamine Mikado,7,/tags/Heiwajima%20Shizuo*s*Orihara%20Izaya*s*Ryuugamine%20Mikado,r
Mikajima Saki & Sonohara Anri,1,/tags/Mikajima%20Saki%20*a*%20Sonohara%20Anri,r
Heiwajima Shizuo/Uchiha Sasuke,1,/tags/Heiwajima%20Shizuo*s*Uchiha%20Sasuke,r
Heiwajima Kasuka/Reader,0,/tags/Heiwajima%20Kasuka*s*Reader,r
Orihara Izaya/Sharaku Mikage,10,/tags/Orihara%20Izaya*s*Sharaku%20Mikage,r
Gretel (Black Lagoon)/Orihara Mairu,0,/tags/Gretel%20(Black%20Lagoon)*s*Orihara%20Mairu,r
Kuronuma Aoba & Ryuugamine Mikado,14,/tags/Kuronuma%20Aoba%20*a*%20Ryuugamine%20Mikado,r
Awakusu-Kai,11,/tags/Awakusu-Kai,f
Boss Ryuugamine Mikado,9,/tags/Boss%20Ryuugamine%20Mikado,f
Mikajima Saki & Orihara Izaya,1,/tags/Mikajima%20Saki%20*a*%20Orihara%20Izaya,r
Kuzuhara Kinnosuke,19,/tags/Kuzuhara%20Kinnosuke,c
Kuzuhara Shinju,4,/tags/Kuzuhara%20Shinju,c
Nasujima Takashi,9,/tags/Nasujima%20Takashi,c
Sonohara Sayaka,9,/tags/Sonohara%20Sayaka,c
Sharaku Eijirou,12,/tags/Sharaku%20Eijirou,c
Horada (Durarara!!),6,/tags/Horada%20(Durarara!!),c
Niekawa Shuuji,4,/tags/Niekawa%20Shuuji,c
Takiguchi Ryou,1,/tags/Takiguchi%20Ryou,c
Dollars (Durarara!!),27,/tags/Dollars%20(Durarara!!),f
Depressed Orihara Izaya,38,/tags/Depressed%20Orihara%20Izaya,f
Female Orihara Izaya,10,/tags/Female%20Orihara%20Izaya,f
Trans Orihara Izaya,29,/tags/Trans%20Orihara%20Izaya,f
Orihara Izaya & Ryuugamine Mikado,25,/tags/Orihara%20Izaya%20*a*%20Ryuugamine%20Mikado,r
Heiwajima Shizuo/Saika,1,/tags/Heiwajima%20Shizuo*s*Saika,r
Heiwajima Shizuo & Kishitani Shinra,31,/tags/Heiwajima%20Shizuo%20*a*%20Kishitani%20Shinra,r
Heiwajima Kasuka & Orihara Izaya,1,/tags/Heiwajima%20Kasuka%20*a*%20Orihara%20Izaya,r
Heiwajima Shizuo/Kadota Kyouhei/Orihara Izaya,0,/tags/Heiwajima%20Shizuo*s*Kadota%20Kyouhei*s*Orihara%20Izaya,r
Orihara Izaya/Vorona,2,/tags/Orihara%20Izaya*s*Vorona,r
Kishitani Shinra/Orihara Izaya/Celty Sturluson,3,/tags/Kishitani%20Shinra*s*Orihara%20Izaya*s*Celty%20Sturluson,r
Mikajima Saki/Orihara Izaya,3,/tags/Mikajima%20Saki*s*Orihara%20Izaya,r
Akabayashi Mizuki/Awakusu Akane,1,/tags/Akabayashi%20Mizuki*s*Awakusu%20Akane,r
Awakusu Mikiya,20,/tags/Awakusu%20Mikiya,c
Heiwajima Shizuo/Orihara Izaya/Reader,7,/tags/Heiwajima%20Shizuo*s*Orihara%20Izaya*s*Reader,r
Vorona & Yagiri Namie,1,/tags/Vorona%20*a*%20Yagiri%20Namie,r
Kine (Durarara!!),63,/tags/Kine%20(Durarara!!),c
Kuronuma Aoba/Orihara Izaya,1,/tags/Kuronuma%20Aoba*s*Orihara%20Izaya,r
Akabayashi Mizuki/Heiwajima Shizuo,2,/tags/Akabayashi%20Mizuki*s*Heiwajima%20Shizuo,r
Heiwajima Kasuka/Original Character(s),0,/tags/Heiwajima%20Kasuka*s*Original%20Character(s),r
Kishitani Shinra & Celty Sturluson,18,/tags/Kishitani%20Shinra%20*a*%20Celty%20Sturluson,r
Psyche/Shiki Haruya,0,/tags/Psyche*s*Shiki%20Haruya,r
Orihara Izaya & Shiki Haruya,37,/tags/Orihara%20Izaya%20*a*%20Shiki%20Haruya,r
Mamiya Manami/Orihara Izaya,1,/tags/Mamiya%20Manami*s*Orihara%20Izaya,r
Heiwajima Shizuo/Kishitani Shinra/Orihara Izaya/Celty Sturluson,1,/tags/Heiwajima%20Shizuo*s*Kishitani%20Shinra*s*Orihara%20Izaya*s*Celty%20Sturluson,r
Miyoshi Yoshimune,4,/tags/Miyoshi%20Yoshimune,c
Akabayashi Mizuki/Sonohara Sayaka,5,/tags/Akabayashi%20Mizuki*s*Sonohara%20Sayaka,r
Awakusu Mikiya/Awakusu Tomoko,1,/tags/Awakusu%20Mikiya*s*Awakusu%20Tomoko,r
Lingerin Douglanikov,2,/tags/Lingerin%20Douglanikov,c
Kagamine Len/Kida Masaomi,2,/tags/Kagamine%20Len*s*Kida%20Masaomi,r
Karisawa Erika/Orihara Izaya,0,/tags/Karisawa%20Erika*s*Orihara%20Izaya,r
Heiwajima Shizuo & Tanaka Tom,29,/tags/Heiwajima%20Shizuo%20*a*%20Tanaka%20Tom,r
Awakusu Tomoko,2,/tags/Awakusu%20Tomoko,c
Kida Masaomi & Kuronuma Aoba,0,/tags/Kida%20Masaomi%20*a*%20Kuronuma%20Aoba,r
Orihara Izaya & Celty Sturluson,18,/tags/Orihara%20Izaya%20*a*%20Celty%20Sturluson,r
Kida Masaomi/Kuronuma Aoba/Ryuugamine Mikado,1,/tags/Kida%20Masaomi*s*Kuronuma%20Aoba*s*Ryuugamine%20Mikado,r
Kuronuma Aoba/Orihara Kururi/Orihara Mairu,4,/tags/Kuronuma%20Aoba*s*Orihara%20Kururi*s*Orihara%20Mairu,r
Sebastian Michaelis/Orihara Izaya,0,/tags/Sebastian%20Michaelis*s*Orihara%20Izaya,r
Awakusu Dougen,14,/tags/Awakusu%20Dougen,c
Awakusu Tomoko/Shiki Haruya,0,/tags/Awakusu%20Tomoko*s*Shiki%20Haruya,r
Kida Masaomi/Kuronuma Aoba,6,/tags/Kida%20Masaomi*s*Kuronuma%20Aoba,r
Karisawa Erika/Other(s),0,/tags/Karisawa%20Erika*s*Other(s),r
Kadota Kyouhei/Karisawa Erika/Yumasaki Walker,1,/tags/Kadota%20Kyouhei*s*Karisawa%20Erika*s*Yumasaki%20Walker,r
Heiwajima Shizuo/Kishitani Shinra/Orihara Izaya,1,/tags/Heiwajima%20Shizuo*s*Kishitani%20Shinra*s*Orihara%20Izaya,r
Delic (Durarara!!)/Other(s),1,/tags/Delic%20(Durarara!!)*s*Other(s),r
Orihara Kururi & Orihara Mairu,11,/tags/Orihara%20Kururi%20*a*%20Orihara%20Mairu,r
Shishizaki Hajime,11,/tags/Shishizaki%20Hajime,c
Egor (Durarara!!),2,/tags/Egor%20(Durarara!!),c
Heiwajima Shizuo/Orihara Izaya/Psyche/Tsugaru,1,/tags/Heiwajima%20Shizuo*s*Orihara%20Izaya*s*Psyche*s*Tsugaru,r
Heiwajima Shizuo/Tsukumoya Shinichi,2,/tags/Heiwajima%20Shizuo*s*Tsukumoya%20Shinichi,r
Orihara Izaya & Reader,43,/tags/Orihara%20Izaya%20*a*%20Reader,r
Orihara Izaya & Original Female Character(s),33,/tags/Orihara%20Izaya%20*a*%20Original%20Female%20Character(s),r
Kuronuma Aoba/Orihara Mairu,0,/tags/Kuronuma%20Aoba*s*Orihara%20Mairu,r
Denmark (Hetalia)/Orihara Izaya,0,/tags/Denmark%20(Hetalia)*s*Orihara%20Izaya,r
Hibiya/Tsugaru (Durarara!!),0,/tags/Hibiya*s*Tsugaru%20(Durarara!!),r
Hachimenroppi/Heiwajima Shizuo/Orihara Izaya,0,/tags/Hachimenroppi*s*Heiwajima%20Shizuo*s*Orihara%20Izaya,r
Heiwajima Shizuo/Orihara Izaya/Tsukumoya Shinichi,1,/tags/Heiwajima%20Shizuo*s*Orihara%20Izaya*s*Tsukumoya%20Shinichi,r
Heiwajima Shizuo/Orihara Izaya/Psyche/Tsukumoya Shinichi,0,/tags/Heiwajima%20Shizuo*s*Orihara%20Izaya*s*Psyche*s*Tsukumoya%20Shinichi,r
Orihara Izaya/Shishizaki Hajime,0,/tags/Orihara%20Izaya*s*Shishizaki%20Hajime,r
Ryuugamine Mikado/Original Character(s),5,/tags/Ryuugamine%20Mikado*s*Original%20Character(s),r
Harima Mika & Sonohara Anri,2,/tags/Harima%20Mika%20*a*%20Sonohara%20Anri,r
Drakon (Durarara!!),2,/tags/Drakon%20(Durarara!!),c
Toudaimoto Kurashi,21,/tags/Toudaimoto%20Kurashi,c
Slon/Vorona (Durarara!!),1,/tags/Slon*s*Vorona%20(Durarara!!),r
Kida Masaomi/Toudaimoto Kurashi,0,/tags/Kida%20Masaomi*s*Toudaimoto%20Kurashi,r
Ruby no Yubiwa,25,/tags/Ruby%20no%20Yubiwa,c
Orihara Izaya/Sonohara Anri,0,/tags/Orihara%20Izaya*s*Sonohara%20Anri,r
Orihara Izaya/Uchiha Sasuke,0,/tags/Orihara%20Izaya*s*Uchiha%20Sasuke,r
Kinomiya Kazane,9,/tags/Kinomiya%20Kazane,c
Karisawa Erika/Sonohara Anri,18,/tags/Karisawa%20Erika*s*Sonohara%20Anri,r
Kadota Kyouhei/Rokujou Chikage,17,/tags/Kadota%20Kyouhei*s*Rokujou%20Chikage,r
Rokujou Chikage,61,/tags/Rokujou%20Chikage,c
Heiwajima Shizuo & Kida Masaomi,1,/tags/Heiwajima%20Shizuo%20*a*%20Kida%20Masaomi,r
Heiwajima Kasuka/Heiwajima Shizuo/Tanaka Tom,0,/tags/Heiwajima%20Kasuka*s*Heiwajima%20Shizuo*s*Tanaka%20Tom,r
Vorona/Yagiri Namie,13,/tags/Vorona*s*Yagiri%20Namie,r
Heiwajima Shizuo/Orihara Izaya/Yagiri Namie,4,/tags/Heiwajima%20Shizuo*s*Orihara%20Izaya*s*Yagiri%20Namie,r
Kine/Sharaku Mikage,0,/tags/Kine*s*Sharaku%20Mikage,r
Kida Masaomi & Sonohara Anri,4,/tags/Kida%20Masaomi%20*a*%20Sonohara%20Anri,r
Simon Brezhnev/Orihara Izaya,6,/tags/Simon%20Brezhnev*s*Orihara%20Izaya,r
Ruby no Yubiwa/Toudaimoto Kurashi,9,/tags/Ruby%20no%20Yubiwa*s*Toudaimoto%20Kurashi,r
Shizaya Week,57,/tags/Shizaya%20Week,f
Heiwajima Shizuo/You,2,/tags/Heiwajima%20Shizuo*s*You,r
Kadota Kyouhei/Other(s),1,/tags/Kadota%20Kyouhei*s*Other(s),r
Orihara Izaya/Tsukishima,0,/tags/Orihara%20Izaya*s*Tsukishima,r
Delic/Heiwajima Shizuo/Orihara Izaya/Tsugaru/Tsukishima,0,/tags/Delic*s*Heiwajima%20Shizuo*s*Orihara%20Izaya*s*Tsugaru*s*Tsukishima,r
Hijiribe Ruri & Sonohara Anri,1,/tags/Hijiribe%20Ruri%20*a*%20Sonohara%20Anri,r
Sonohara Anri & Celty Sturluson,3,/tags/Sonohara%20Anri%20*a*%20Celty%20Sturluson,r
Celty Sturluson/Other(s),0,/tags/Celty%20Sturluson*s*Other(s),r
Kadota Kyouhei/Kishitani Shinra,0,/tags/Kadota%20Kyouhei*s*Kishitani%20Shinra,r
Kishitani Shinra/Other(s),0,/tags/Kishitani%20Shinra*s*Other(s),r
Yumasaki Walker/Other(s),0,/tags/Yumasaki%20Walker*s*Other(s),r
Akabayashi Mizuki/Egor,2,/tags/Akabayashi%20Mizuki*s*Egor,r
Kadota Kyouhei/Sharaku Mikage,1,/tags/Kadota%20Kyouhei*s*Sharaku%20Mikage,r
Kida Masaomi/Mikajima Saki/Ryuugamine Mikado/Sonohara Anri,16,/tags/Kida%20Masaomi*s*Mikajima%20Saki*s*Ryuugamine%20Mikado*s*Sonohara%20Anri,r
Mikajima Saki/Ryuugamine Mikado,0,/tags/Mikajima%20Saki*s*Ryuugamine%20Mikado,r
Mikajima Saki/Sonohara Anri,7,/tags/Mikajima%20Saki*s*Sonohara%20Anri,r
Heiwajima Shizuo/Tanaka Tom/Vorona,20,/tags/Heiwajima%20Shizuo*s*Tanaka%20Tom*s*Vorona,r
Tanaka Tom/Vorona,7,/tags/Tanaka%20Tom*s*Vorona,r
Kine/Orihara Izaya,7,/tags/Kine*s*Orihara%20Izaya,r
Aozaki Shuu,44,/tags/Aozaki%20Shuu,c
Mimizu | Earthworm,8,/tags/Mimizu%20%7C%20Earthworm,c
Kazamoto Takaaki,16,/tags/Kazamoto%20Takaaki,c
Ryuugamine Tatsuya,0,/tags/Ryuugamine%20Tatsuya,c
Kaztano (Durarara!!),0,/tags/Kaztano%20(Durarara!!),c
Pritzuo (Durarara!!),1,/tags/Pritzuo%20(Durarara!!),c
Izetsuki (Durarara!!),2,/tags/Izetsuki%20(Durarara!!),c
Heiwajima Shizuo/Original Female Character(s),31,/tags/Heiwajima%20Shizuo*s*Original%20Female%20Character(s),r
Akabayashi Mizuki/Aozaki Shuu,6,/tags/Akabayashi%20Mizuki*s*Aozaki%20Shuu,r
Heiwajima Shizuo/Kadota Kyouhei/Rokujou Chikage,2,/tags/Heiwajima%20Shizuo*s*Kadota%20Kyouhei*s*Rokujou%20Chikage,r
Kadota Kyouhei/Karisawa Erika/Togusa Saburou/Yumasaki Walker,17,/tags/Kadota%20Kyouhei*s*Karisawa%20Erika*s*Togusa%20Saburou*s*Yumasaki%20Walker,r
Kida Masaomi/Rokujou Chikage,9,/tags/Kida%20Masaomi*s*Rokujou%20Chikage,r
Ryuugamine Mikado/Original Female Character(s),2,/tags/Ryuugamine%20Mikado*s*Original%20Female%20Character(s),r
Orihara Izaya/Rokujou Chikage,6,/tags/Orihara%20Izaya*s*Rokujou%20Chikage,r
Simon Brezhnev/Other(s),1,/tags/Simon%20Brezhnev*s*Other(s),r
Kaztano/Togusa Saburou,0,/tags/Kaztano*s*Togusa%20Saburou,r
Sonohara Anri/Other(s),0,/tags/Sonohara%20Anri*s*Other(s),r
Izumii Ran/Other(s),0,/tags/Izumii%20Ran*s*Other(s),r
Kazamoto Takaaki/Shiki Haruya,0,/tags/Kazamoto%20Takaaki*s*Shiki%20Haruya,r
Horada/Orihara Izaya,0,/tags/Horada*s*Orihara%20Izaya,r
Izetsuki/Pritzuo (Durarara!!),0,/tags/Izetsuki*s*Pritzuo%20(Durarara!!),r
Slon (Durarara!!)/Undisclosed,0,/tags/Slon%20(Durarara!!)*s*Undisclosed,r
Heiwajima Shizuo/Orihara Izaya/Shishizaki Hajime/Tsukumoya Shinichi,0,/tags/Heiwajima%20Shizuo*s*Orihara%20Izaya*s*Shishizaki%20Hajime*s*Tsukumoya%20Shinichi,r
Tsukumoya Shinichi/Virus-138,0,/tags/Tsukumoya%20Shinichi*s*Virus-138,r
Shishizaki Hajime/Tsukumoya Shinichi,4,/tags/Shishizaki%20Hajime*s*Tsukumoya%20Shinichi,r
Celty/Chikage/Izaya/Kadota/Namie/Shiki/Shinra/Shizuo,0,/tags/Celty*s*Chikage*s*Izaya*s*Kadota*s*Namie*s*Shiki*s*Shinra*s*Shizuo,r
Heiwajima Shizuo/Smith Kuroko,0,/tags/Heiwajima%20Shizuo*s*Smith%20Kuroko,r
Lala (Monster Musume)/Orihara Izaya,0,/tags/Lala%20(Monster%20Musume)*s*Orihara%20Izaya,r
Kuzuhara Touka,0,/tags/Kuzuhara%20Touka,c
Awakusu Akane/Kuzuhara Touka,0,/tags/Awakusu%20Akane*s*Kuzuhara%20Touka,r
Kadota Kyouhei/Rokujou Chikage/Other(s),0,/tags/Kadota%20Kyouhei*s*Rokujou%20Chikage*s*Other(s),r
Mikajima Saki/Yagiri Seiji,0,/tags/Mikajima%20Saki*s*Yagiri%20Seiji,r
Nakura & Orihara Izaya,0,/tags/Nakura%20*a*%20Orihara%20Izaya,r
Heiwajima Shizuo & Tanaka Tom & Vorona,4,/tags/Heiwajima%20Shizuo%20*a*%20Tanaka%20Tom%20*a*%20Vorona,r
Karisawa Erika & Orihara Izaya,0,/tags/Karisawa%20Erika%20*a*%20Orihara%20Izaya,r
Kuzuhara Kinnosuke/Shiki Haruya,2,/tags/Kuzuhara%20Kinnosuke*s*Shiki%20Haruya,r
Kadota Kyouhei/Reader,3,/tags/Kadota%20Kyouhei*s*Reader,r
Kuzuhara Kinnosuke/Reader,0,/tags/Kuzuhara%20Kinnosuke*s*Reader,r
Kujiragi Kasane/Tsukumoya Shinichi,3,/tags/Kujiragi%20Kasane*s*Tsukumoya%20Shinichi,r
Himari (Durarara!!),11,/tags/Himari%20(Durarara!!),c
Sozoro Densuke,10,/tags/Sozoro%20Densuke,c
Tsutsugawa Azusa,19,/tags/Tsutsugawa%20Azusa,c
Karisawa Erika/Tsutsugawa Azusa,4,/tags/Karisawa%20Erika*s*Tsutsugawa%20Azusa,r
Gasai Yuno/Kida Masaomi,0,/tags/Gasai%20Yuno*s*Kida%20Masaomi,r
Kinomiya Kazane/Orihara Izaya,3,/tags/Kinomiya%20Kazane*s*Orihara%20Izaya,r
Kinomiya Kazane & Orihara Izaya,3,/tags/Kinomiya%20Kazane%20*a*%20Orihara%20Izaya,r
Kishitani Emilia/Kishitani Shingen,54,/tags/Kishitani%20Emilia*s*Kishitani%20Shingen,r
Durarara!! Ensemble,5,/tags/Durarara!!%20Ensemble,c
Kaname (Durarara!!),0,/tags/Kaname%20(Durarara!!),c
Kaname/Orihara Izaya,0,/tags/Kaname*s*Orihara%20Izaya,r
Haruto (Durarara!!),11,/tags/Haruto%20(Durarara!!),c
Aozaki Shuu/Heiwajima Shizuo,1,/tags/Aozaki%20Shuu*s*Heiwajima%20Shizuo,r
Kadota Kyouhei/Undisclosed,0,/tags/Kadota%20Kyouhei*s*Undisclosed,r
Kadota Kyouhei & Orihara Izaya,17,/tags/Kadota%20Kyouhei%20*a*%20Orihara%20Izaya,r
Kishitani Shinra & Sonohara Anri & Celty Sturluson,3,/tags/Kishitani%20Shinra%20*a*%20Sonohara%20Anri%20*a*%20Celty%20Sturluson,r
Tsukumoya Shinichi/Original Character(s),0,/tags/Tsukumoya%20Shinichi*s*Original%20Character(s),r
Awakusu Akane/Rokujou Chikage,0,/tags/Awakusu%20Akane*s*Rokujou%20Chikage,r
Kujiragi Kasane/Yagiri Namie,0,/tags/Kujiragi%20Kasane*s*Yagiri%20Namie,r
Karisawa Erika/Rokujou Chikage,1,/tags/Karisawa%20Erika*s*Rokujou%20Chikage,r
Orihara Mairu/Original Character(s),0,/tags/Orihara%20Mairu*s*Original%20Character(s),r
Rokujou Chikage/Yagiri Namie,0,/tags/Rokujou%20Chikage*s*Yagiri%20Namie,r
Yagiri Namie/Original Character(s),1,/tags/Yagiri%20Namie*s*Original%20Character(s),r
Kuronuma Aoba/Rokujou Chikage,0,/tags/Kuronuma%20Aoba*s*Rokujou%20Chikage,r
Adamura Kazuhisa,1,/tags/Adamura%20Kazuhisa,c
Kiyojima Nana,1,/tags/Kiyojima%20Nana,c
QAWSED | Hackey Mouse/Tsukumoya Shinichi,3,/tags/QAWSED%20%7C%20Hackey%20Mouse*s*Tsukumoya%20Shinichi,r
Kadota Kyouhei & Kishitani Shinra,3,/tags/Kadota%20Kyouhei%20*a*%20Kishitani%20Shinra,r
Awakusu Akane & Heiwajima Shizuo,5,/tags/Awakusu%20Akane%20*a*%20Heiwajima%20Shizuo,r
Kujiragi Kasane/Kuzuhara Shinju,0,/tags/Kujiragi%20Kasane*s*Kuzuhara%20Shinju,r
Kida Masaomi/Ciel Phantomhive,0,/tags/Kida%20Masaomi*s*Ciel%20Phantomhive,r
Orihara Izaya/Ciel Phantomhive,0,/tags/Orihara%20Izaya*s*Ciel%20Phantomhive,r
Kida Masaomi/Sebastian Michaelis,0,/tags/Kida%20Masaomi*s*Sebastian%20Michaelis,r
Mizuno Ami/Ryuugamine Mikado,0,/tags/Mizuno%20Ami*s*Ryuugamine%20Mikado,r
Shiki Haruya/Yagiri Namie,3,/tags/Shiki%20Haruya*s*Yagiri%20Namie,r
Kujiragi Kasane/Yumasaki Walker,5,/tags/Kujiragi%20Kasane*s*Yumasaki%20Walker,r
Karisawa Erika/Kujiragi Kasane,5,/tags/Karisawa%20Erika*s*Kujiragi%20Kasane,r
Kadota Kyouhei/Tsutsugawa Azusa,1,/tags/Kadota%20Kyouhei*s*Tsutsugawa%20Azusa,r
Togusa Saburou/Tsutsugawa Azusa,5,/tags/Togusa%20Saburou*s*Tsutsugawa%20Azusa,r
Sharaku Eijirou/Slon,0,/tags/Sharaku%20Eijirou*s*Slon,r
Kotonami Kuon/Mizuchi Yahiro,6,/tags/Kotonami%20Kuon*s*Mizuchi%20Yahiro,r
Kotonami Kuon,16,/tags/Kotonami%20Kuon,c
Karisawa Erika/Kujiragi Kasane/Yumasaki Walker,6,/tags/Karisawa%20Erika*s*Kujiragi%20Kasane*s*Yumasaki%20Walker,r
Tatsugami Himeka,5,/tags/Tatsugami%20Himeka,c
Kotonami Nozomi,4,/tags/Kotonami%20Nozomi,c
Kadota Kyouhei/Karisawa Erika/Rokujou Chikage/Togusa Saburou/Tsutsugawa Azusa/Yumasaki Walker,0,/tags/Kadota%20Kyouhei*s*Karisawa%20Erika*s*Rokujou%20Chikage*s*Togusa%20Saburou*s*Tsutsugawa%20Azusa*s*Yumasaki%20Walker,r
Karisawa Erika/Togusa Saburou/Tsutsugawa Azusa,0,/tags/Karisawa%20Erika*s*Togusa%20Saburou*s*Tsutsugawa%20Azusa,r
Izumii Ran/Kadota Kyouhei,1,/tags/Izumii%20Ran*s*Kadota%20Kyouhei,r
Yagiri Namie/Other(s),0,/tags/Yagiri%20Namie*s*Other(s),r
Non (Durarara!!),10,/tags/Non%20(Durarara!!),c
Hijiribe Ruri/Tsukumoya Shinichi,1,/tags/Hijiribe%20Ruri*s*Tsukumoya%20Shinichi,r
Orihara Izaya/Undisclosed,1,/tags/Orihara%20Izaya*s*Undisclosed,r
Non/Rokujou Chikage,3,/tags/Non*s*Rokujou%20Chikage,r
Heiwajima Kasuka & Hijiribe Ruri,3,/tags/Heiwajima%20Kasuka%20*a*%20Hijiribe%20Ruri,r
Harima Mika/Orihara Izaya,0,/tags/Harima%20Mika*s*Orihara%20Izaya,r
Kishitani Emilia/Kujiragi Kasane,1,/tags/Kishitani%20Emilia*s*Kujiragi%20Kasane,r
Heiwajima Shizuo/Kida Masaomi/Other(s),0,/tags/Heiwajima%20Shizuo*s*Kida%20Masaomi*s*Other(s),r
Nasujima Takashi/Niekawa Haruna,1,/tags/Nasujima%20Takashi*s*Niekawa%20Haruna,r
Heiwajima Kasuka/Ryuugamine Mikado,0,/tags/Heiwajima%20Kasuka*s*Ryuugamine%20Mikado,r
Mamiya Manami/Sharaku Mikage,3,/tags/Mamiya%20Manami*s*Sharaku%20Mikage,r
Kadota K./Karisawa Erika/Kujiragi Kasane/Rokujou Chikage/Togusa Saburou/Tsutsugawa Azusa/Yumasaki W.,2,/tags/Kadota%20K*d**s*Karisawa%20Erika*s*Kujiragi%20Kasane*s*Rokujou%20Chikage*s*Togusa%20Saburou*s*Tsutsugawa%20Azusa*s*Yumasaki%20W*d*,r
Blue Squares (Durarara!!),3,/tags/Blue%20Squares%20(Durarara!!),c
Karisawa Erika/Kujiragi Kasane/Tsutsugawa Azusa,1,/tags/Karisawa%20Erika*s*Kujiragi%20Kasane*s*Tsutsugawa%20Azusa,r
Kishitani Shingen/Yumasaki Walker,2,/tags/Kishitani%20Shingen*s*Yumasaki%20Walker,r
Karisawa Erika/Kishitani Emilia,0,/tags/Karisawa%20Erika*s*Kishitani%20Emilia,r
Orihara Izaya/Psyche/Tsugaru,0,/tags/Orihara%20Izaya*s*Psyche*s*Tsugaru,r
Kadota Kyouhei/Togusa Saburou,2,/tags/Kadota%20Kyouhei*s*Togusa%20Saburou,r
Kadota Kyouhei/Yumasaki Walker,1,/tags/Kadota%20Kyouhei*s*Yumasaki%20Walker,r
Karisawa Erika/Togusa Saburou,1,/tags/Karisawa%20Erika*s*Togusa%20Saburou,r
Harima Mika/Yagiri Namie,3,/tags/Harima%20Mika*s*Yagiri%20Namie,r
Togusa Saburou/Yumasaki Walker,0,/tags/Togusa%20Saburou*s*Yumasaki%20Walker,r
Mimizu | Earthworm/Sharaku Mikage,0,/tags/Mimizu%20%7C%20Earthworm*s*Sharaku%20Mikage,r
Kujiragi Kasane/Vorona,2,/tags/Kujiragi%20Kasane*s*Vorona,r
Orihara Izaya/Tao (Finder Series),0,/tags/Orihara%20Izaya*s*Tao%20(Finder%20Series),r
Aozaki Shuu/Izumii Ran,1,/tags/Aozaki%20Shuu*s*Izumii%20Ran,r
Heiwajima Shizuo & Orihara Kururi,3,/tags/Heiwajima%20Shizuo%20*a*%20Orihara%20Kururi,r
Heiwajima Shizuo & Orihara Mairu,4,/tags/Heiwajima%20Shizuo%20*a*%20Orihara%20Mairu,r
Hijiribe Ruri/Celty Sturluson,0,/tags/Hijiribe%20Ruri*s*Celty%20Sturluson,r
Kotonami Kuon & Mizuchi Yahiro,1,/tags/Kotonami%20Kuon%20*a*%20Mizuchi%20Yahiro,r
Orihara Izaya/Yuri Petrov,0,/tags/Orihara%20Izaya*s*Yuri%20Petrov,r
Psyche (Durarara!!)/Original Character(s),0,/tags/Psyche%20(Durarara!!)*s*Original%20Character(s),r
Kamichika Rio/Non,0,/tags/Kamichika%20Rio*s*Non,r
Kuronuma Aoba/Yoshikiri,1,/tags/Kuronuma%20Aoba*s*Yoshikiri,r
Yoshikiri (Durarara!!),0,/tags/Yoshikiri%20(Durarara!!),c
Kuronuma Aoba/Orihara Izaya/Ryuugamine Mikado,0,/tags/Kuronuma%20Aoba*s*Orihara%20Izaya*s*Ryuugamine%20Mikado,r
Heiwajima Kichirou/Orihara Kyouko,1,/tags/Heiwajima%20Kichirou*s*Orihara%20Kyouko,r
Kida Masaomi/Shiki Haruya,0,/tags/Kida%20Masaomi*s*Shiki%20Haruya,r
Akabayashi Mizuki/Original Female Character(s),4,/tags/Akabayashi%20Mizuki*s*Original%20Female%20Character(s),r
Psyche (Durarara!!)/Other(s),0,/tags/Psyche%20(Durarara!!)*s*Other(s),r
Orihara Izaya/Original Female Character(s),33,/tags/Orihara%20Izaya*s*Original%20Female%20Character(s),r
Heiwajima Kasuka/Rokujou Chikage,0,/tags/Heiwajima%20Kasuka*s*Rokujou%20Chikage,r
Orihara Izaya/Yodogiri Jinnai,0,/tags/Orihara%20Izaya*s*Yodogiri%20Jinnai,r
Linda Linda (Durarara!!),4,/tags/Linda%20Linda%20(Durarara!!),c
Tsuppari (Durarara!!),2,/tags/Tsuppari%20(Durarara!!),c
Rouge no Dengon (Durarara!!),1,/tags/Rouge%20no%20Dengon%20(Durarara!!),c
Toki wo Kakeru Shoujo (Durarara!!),1,/tags/Toki%20wo%20Kakeru%20Shoujo%20(Durarara!!),c
Linda Linda/Tsugaru (Durarara!!),0,/tags/Linda%20Linda*s*Tsugaru%20(Durarara!!),r
Kotonami Kuon & Kotonami Nozomi,0,/tags/Kotonami%20Kuon%20*a*%20Kotonami%20Nozomi,r
Gakuen Tengoku (Durarara!!),1,/tags/Gakuen%20Tengoku%20(Durarara!!),c
Heiwajima Shizuo/Kujiragi Kasane,0,/tags/Heiwajima%20Shizuo*s*Kujiragi%20Kasane,r
Sharaku Mikage/Yagiri Namie,2,/tags/Sharaku%20Mikage*s*Yagiri%20Namie,r
Akabayashi Mizuki/Kuronuma Aoba,1,/tags/Akabayashi%20Mizuki*s*Kuronuma%20Aoba,r
Orihara Izaya/Everyone,0,/tags/Orihara%20Izaya*s*Everyone,r
Orihara Izaya/Shimotsuki Shun,1,/tags/Orihara%20Izaya*s*Shimotsuki%20Shun,r
Heiwajima Shizuo & Shimotsuki Shun,1,/tags/Heiwajima%20Shizuo%20*a*%20Shimotsuki%20Shun,r
Kishitani Shinra/Original Character(s),0,/tags/Kishitani%20Shinra*s*Original%20Character(s),r
Shiki Haruya/Undisclosed,1,/tags/Shiki%20Haruya*s*Undisclosed,r
Tanaka Tom/Original Character(s),0,/tags/Tanaka%20Tom*s*Original%20Character(s),r
Enoshima Junko/Kamukura Izuru/Komaeda Nagito,4,/tags/Enoshima%20Junko*s*Kamukura%20Izuru*s*Komaeda%20Nagito,r
Kadota Kyouhei/Original Female Character(s),2,/tags/Kadota%20Kyouhei*s*Original%20Female%20Character(s),r
Kotonami Kuon/Kuronuma Aoba,4,/tags/Kotonami%20Kuon*s*Kuronuma%20Aoba,r
Igarashi Chiaki,1,/tags/Igarashi%20Chiaki,c
Hinata Hajime & Kamukura Izuru & Komaeda Nagito,12,/tags/Hinata%20Hajime%20*a*%20Kamukura%20Izuru%20*a*%20Komaeda%20Nagito,r
Enoshima Junko & Kamukura Izuru & Shirogane Tsumugi,1,/tags/Enoshima%20Junko%20*a*%20Kamukura%20Izuru%20*a*%20Shirogane%20Tsumugi,r
Kinomiya Kaname,0,/tags/Kinomiya%20Kaname,c
Kida Masaomi/Orihara Izaya/Rokujou Chikage,0,/tags/Kida%20Masaomi*s*Orihara%20Izaya*s*Rokujou%20Chikage,r
Kishitani Shingen & Kujiragi Kasane,1,/tags/Kishitani%20Shingen%20*a*%20Kujiragi%20Kasane,r
Kuronuma Aoba/Sonohara Anri,1,/tags/Kuronuma%20Aoba*s*Sonohara%20Anri,r
Alternate Universe - Psychedelic Dreams,29,/tags/Alternate%20Universe%20-%20Psychedelic%20Dreams,f
Shijima Hiroto,5,/tags/Shijima%20Hiroto,c
Yatabe Kouji,0,/tags/Yatabe%20Kouji,c
Heiwajima Shizuo/Sans (Undertale),0,/tags/Heiwajima%20Shizuo*s*Sans%20(Undertale),r
Alphys/Flowey/Frisk (Undertale)/Heiwajima Shizuo/Mettaton/Papyrus/Sans/Undyne (Undertale),0,/tags/Alphys*s*Flowey*s*Frisk%20(Undertale)*s*Heiwajima%20Shizuo*s*Mettaton*s*Papyrus*s*Sans*s*Undyne%20(Undertale),r
Orihara Izaya/Ruby no Yubiwa,0,/tags/Orihara%20Izaya*s*Ruby%20no%20Yubiwa,r
Alucard (Hellsing)/Heiwajima Shizuo,0,/tags/Alucard%20(Hellsing)*s*Heiwajima%20Shizuo,r
Heiwajima Shizuo/Rokujou Chikage,0,/tags/Heiwajima%20Shizuo*s*Rokujou%20Chikage,r
Izumii Ran/Niekawa Haruna/Orihara Izaya/Sharaku Mikage/Yagiri Namie,0,/tags/Izumii%20Ran*s*Niekawa%20Haruna*s*Orihara%20Izaya*s*Sharaku%20Mikage*s*Yagiri%20Namie,r
Gokudera Hayato/Orihara Izaya,0,/tags/Gokudera%20Hayato*s*Orihara%20Izaya,r
Nasujima Takashi/Reader,1,/tags/Nasujima%20Takashi*s*Reader,r
Nec | Inari Hisae,2,/tags/Nec%20%7C%20Inari%20Hisae,c
Egor/Kishitani Emilia/Kishitani Shingen,0,/tags/Egor*s*Kishitani%20Emilia*s*Kishitani%20Shingen,r
Akabayashi Mizuki/Sonohara Anri,1,/tags/Akabayashi%20Mizuki*s*Sonohara%20Anri,r
Ei Li-pei,1,/tags/Ei%20Li-pei,c
Orihara Kyouko/Orihara Shirou,5,/tags/Orihara%20Kyouko*s*Orihara%20Shirou,r
Nakamura Rio/Orihara Izaya,0,/tags/Nakamura%20Rio*s*Orihara%20Izaya,r
Kurosaki Ichigo & Orihara Kururi & Orihara Mairu,0,/tags/Kurosaki%20Ichigo%20*a*%20Orihara%20Kururi%20*a*%20Orihara%20Mairu,r
Kurosaki Ichigo & Orihara Izaya,0,/tags/Kurosaki%20Ichigo%20*a*%20Orihara%20Izaya,r
Orihara Izaya & Orihara Kururi & Orihara Mairu,39,/tags/Orihara%20Izaya%20*a*%20Orihara%20Kururi%20*a*%20Orihara%20Mairu,r
Chisaki Kai | Overhaul/Yagiri Namie,0,/tags/Chisaki%20Kai%20%7C%20Overhaul*s*Yagiri%20Namie,r
Kotonami Nozomi/Orihara Izaya,0,/tags/Kotonami%20Nozomi*s*Orihara%20Izaya,r
Kujiragi Kasane/Tatsugami Himeka,0,/tags/Kujiragi%20Kasane*s*Tatsugami%20Himeka,r
Heiwajima Shizuo/Mizuchi Yahiro,0,/tags/Heiwajima%20Shizuo*s*Mizuchi%20Yahiro,r
Rose Lalonde & Orihara Izaya,0,/tags/Rose%20Lalonde%20*a*%20Orihara%20Izaya,r
Orihara Izaya/Rose's Mom | Beta Roxy Lalonde,0,/tags/Orihara%20Izaya*s*Rose's%20Mom%20%7C%20Beta%20Roxy%20Lalonde,r
Simon Brezhnev & Orihara Izaya,2,/tags/Simon%20Brezhnev%20*a*%20Orihara%20Izaya,r
Simon Brezhnev & Shizuo Heiwajima,2,/tags/Simon%20Brezhnev%20*a*%20Shizuo%20Heiwajima,r
Kishitani Shingen/Diana Reid,0,/tags/Kishitani%20Shingen*s*Diana%20Reid,r
Kuronuma Aoba/Reader,0,/tags/Kuronuma%20Aoba*s*Reader,r
Celty Sturluson & Reader,2,/tags/Celty%20Sturluson%20*a*%20Reader,r
Kishitani Shinra & Reader,1,/tags/Kishitani%20Shinra%20*a*%20Reader,r
Izumii Ran/Kadota Kyouhei/Rokujou Chikage,0,/tags/Izumii%20Ran*s*Kadota%20Kyouhei*s*Rokujou%20Chikage,r
Kuronuma Aoba & Rose Lalonde,0,/tags/Kuronuma%20Aoba%20*a*%20Rose%20Lalonde,r
Kuronuma Aoba & Orihara Kururi & Orihara Mairu,1,/tags/Kuronuma%20Aoba%20*a*%20Orihara%20Kururi%20*a*%20Orihara%20Mairu,r
Top Heiwajima Shizuo,23,/tags/Top%20Heiwajima%20Shizuo,f
Bottom Orihara Izaya,35,/tags/Bottom%20Orihara%20Izaya,f
Heiwajima Shizuo & Yagiri Namie,1,/tags/Heiwajima%20Shizuo%20*a*%20Yagiri%20Namie,r
Yagiri Namie & Yagiri Seiji,2,/tags/Yagiri%20Namie%20*a*%20Yagiri%20Seiji,r
Hachimenroppi & Orihara Izaya,1,/tags/Hachimenroppi%20*a*%20Orihara%20Izaya,r
Hikigaya Hachiman & Orihara Izaya,2,/tags/Hikigaya%20Hachiman%20*a*%20Orihara%20Izaya,r
Heiwajima Kasuka/Orihara Mairu,0,/tags/Heiwajima%20Kasuka*s*Orihara%20Mairu,r
Amaimon (Ao no Exorcist)/Orihara Mairu,0,/tags/Amaimon%20(Ao%20no%20Exorcist)*s*Orihara%20Mairu,r
Amaimon (Ao no Exorcist)/Sonohara Anri,0,/tags/Amaimon%20(Ao%20no%20Exorcist)*s*Sonohara%20Anri,r
Hachimenroppi/Kadota Kyouhei,0,/tags/Hachimenroppi*s*Kadota%20Kyouhei,r
Heiwajima Shizuo/Hibiya,0,/tags/Heiwajima%20Shizuo*s*Hibiya,r
Hikigaya Hachiman/Kishitani Shingen,0,/tags/Hikigaya%20Hachiman*s*Kishitani%20Shingen,r
Heiwajima Shizuo & Hikigaya Hachiman,0,/tags/Heiwajima%20Shizuo%20*a*%20Hikigaya%20Hachiman,r
Orihara Izaya & Vorona,0,/tags/Orihara%20Izaya%20*a*%20Vorona,r
Kuronuma Aoba & Orihara Izaya,0,/tags/Kuronuma%20Aoba%20*a*%20Orihara%20Izaya,r
Delic & Tsukishima (Durarara!!),0,/tags/Delic%20*a*%20Tsukishima%20(Durarara!!),r
Psyche & Sakuraya (Durarara!!),0,/tags/Psyche%20*a*%20Sakuraya%20(Durarara!!),r
Kadota Kyouhei & Reader,0,/tags/Kadota%20Kyouhei%20*a*%20Reader,r
Izumii Ran/Orihara Izaya,2,/tags/Izumii%20Ran*s*Orihara%20Izaya,r
Ei Li-pei/Orihara Izaya,0,/tags/Ei%20Li-pei*s*Orihara%20Izaya,r
Orihara Izaya & Rokujou Chikage,0,/tags/Orihara%20Izaya%20*a*%20Rokujou%20Chikage,r
Orihara Izaya/Shijima Hiroto,0,/tags/Orihara%20Izaya*s*Shijima%20Hiroto,r
Orihara Izaya & Tsukumoya Shinichi,3,/tags/Orihara%20Izaya%20*a*%20Tsukumoya%20Shinichi,r
Orihara Izaya & Original Character(s),2,/tags/Orihara%20Izaya%20*a*%20Original%20Character(s),r
Kishitani Shinra & Yagiri Namie,0,/tags/Kishitani%20Shinra%20*a*%20Yagiri%20Namie,r
Haruno Sakura/Heiwajima Shizuo,1,/tags/Haruno%20Sakura*s*Heiwajima%20Shizuo,r
Haruno Sakura/Orihara Izaya,1,/tags/Haruno%20Sakura*s*Orihara%20Izaya,r
Orihara Izaya/Dean Winchester,0,/tags/Orihara%20Izaya*s*Dean%20Winchester,r
Heiwajima Shizuo/Kamiya Tsurugi (Servamp)/Orihara Izaya,1,/tags/Heiwajima%20Shizuo*s*Kamiya%20Tsurugi%20(Servamp)*s*Orihara%20Izaya,r
Amaimon (Ao no Exocist)/Orihara Izaya,1,/tags/Amaimon%20(Ao%20no%20Exocist)*s*Orihara%20Izaya,r
Hachimenroppi/Shiki Haruya,1,/tags/Hachimenroppi*s*Shiki%20Haruya,r
Jinguji Jakurai/Orihara Izaya,0,/tags/Jinguji%20Jakurai*s*Orihara%20Izaya,r
Okumura Eiji/Orihara Izaya,0,/tags/Okumura%20Eiji*s*Orihara%20Izaya,r
Awakusu Akane & Orihara Izaya,4,/tags/Awakusu%20Akane%20*a*%20Orihara%20Izaya,r
Akabayashi Mizuki & Awakusu Akane,0,/tags/Akabayashi%20Mizuki%20*a*%20Awakusu%20Akane,r
Akabayashi Mizuki/Hachimenroppi,0,/tags/Akabayashi%20Mizuki*s*Hachimenroppi,r
Denis (Durarara!!),13,/tags/Denis%20(Durarara!!),c
Sonohara Anri & Sonohara Sayaka,1,/tags/Sonohara%20Anri%20*a*%20Sonohara%20Sayaka,r
Mikajima Saki/Original Character(s),0,/tags/Mikajima%20Saki*s*Original%20Character(s),r
The Van Gang (Durarara!!),16,/tags/The%20Van%20Gang%20(Durarara!!),c
Hurt Orihara Izaya,53,/tags/Hurt%20Orihara%20Izaya,f
Orihara Izaya-centric,22,/tags/Orihara%20Izaya-centric,f
Alpha Heiwajima Shizuo,17,/tags/Alpha%20Heiwajima%20Shizuo,f
Omega Orihara Izaya,19,/tags/Omega%20Orihara%20Izaya,f
Post-デュラララ!!×２ 結 | Durarara!!x2 Ketsu,64,/tags/Post-%E3%83%87%E3%83%A5%E3%83%A9%E3%83%A9%E3%83%A9!!%C3%97%EF%BC%92%20%E7%B5%90%20%7C%20Durarara!!x2%20Ketsu,f
Izaya Being Izaya (Durarara!!),96,/tags/Izaya%20Being%20Izaya%20(Durarara!!),f
Orihara Izaya in a Wheelchair,13,/tags/Orihara%20Izaya%20in%20a%20Wheelchair,f
Mikajima Saki/Reader,0,/tags/Mikajima%20Saki*s*Reader,r
Orihara Izaya/Ryuugamine Mikado/Shiki Haruya,1,/tags/Orihara%20Izaya*s*Ryuugamine%20Mikado*s*Shiki%20Haruya,r
Heiwajima Shizuo/Kunikida Doppo (Bungou Stray Dogs),0,/tags/Heiwajima%20Shizuo*s*Kunikida%20Doppo%20(Bungou%20Stray%20Dogs),r
Orihara Izaya & Orihara Shirou,1,/tags/Orihara%20Izaya%20*a*%20Orihara%20Shirou,r
Oohouri Tsuruhime/Celty Sturlusson,0,/tags/Oohouri%20Tsuruhime*s*Celty%20Sturlusson,r
Enoshima Junko & Orihara Izaya,1,/tags/Enoshima%20Junko%20*a*%20Orihara%20Izaya,r
Heiwajima Shizuo/Hyuuga Neji,0,/tags/Heiwajima%20Shizuo*s*Hyuuga%20Neji,r
Kuronuma Aoba/Tsukumoya Shinichi,0,/tags/Kuronuma%20Aoba*s*Tsukumoya%20Shinichi,r
Kida Masaomi & Kuronuma Aoba & Ryuugamine Mikado & Sonohara Anri,0,/tags/Kida%20Masaomi%20*a*%20Kuronuma%20Aoba%20*a*%20Ryuugamine%20Mikado%20*a*%20Sonohara%20Anri,r
Kida Masaomi/Kuronuma Aoba/Ryuugamine Mikado/Sonohara Anri,0,/tags/Kida%20Masaomi*s*Kuronuma%20Aoba*s*Ryuugamine%20Mikado*s*Sonohara%20Anri,r
Heiwajima Shizuo & Kishitani Shinra & Orihara Izaya,2,/tags/Heiwajima%20Shizuo%20*a*%20Kishitani%20Shinra%20*a*%20Orihara%20Izaya,r
Simon Brezhnev & Vorona,1,/tags/Simon%20Brezhnev%20*a*%20Vorona,r
Kuchiki Byakuya & Orihara Izaya,1,/tags/Kuchiki%20Byakuya%20*a*%20Orihara%20Izaya,r
Heiwajima Shizuo & Zaraki Kenpachi,0,/tags/Heiwajima%20Shizuo%20*a*%20Zaraki%20Kenpachi,r
Heiwajima Shizuo & Orihara Izaya & Ryuugamine Mikado,0,/tags/Heiwajima%20Shizuo%20*a*%20Orihara%20Izaya%20*a*%20Ryuugamine%20Mikado,r
Ryuugamine Mikado & Sonohara Anri,1,/tags/Ryuugamine%20Mikado%20*a*%20Sonohara%20Anri,r
Kishitani Emilia & Celty Sturluson,1,/tags/Kishitani%20Emilia%20*a*%20Celty%20Sturluson,r
Heiwajima Shizuo/Orihara Izaya/Shishizaki Hajime,0,/tags/Heiwajima%20Shizuo*s*Orihara%20Izaya*s*Shishizaki%20Hajime,r
Drakon & Vorona (Durarara!!),0,/tags/Drakon%20*a*%20Vorona%20(Durarara!!),r
Heiwajima Shizuo/Kine,3,/tags/Heiwajima%20Shizuo*s*Kine,r
Heiwajima Shizuo & Psyche,0,/tags/Heiwajima%20Shizuo%20*a*%20Psyche,r
Orihara Kururi/Original Male Character(s),0,/tags/Orihara%20Kururi*s*Original%20Male%20Character(s),r
Nobusuma Shizuo/Orihara Izaya,2,/tags/Nobusuma%20Shizuo*s*Orihara%20Izaya,r
Nobusuma Shizuo,4,/tags/Nobusuma%20Shizuo,c
Yagiri Seitarou,1,/tags/Yagiri%20Seitarou,c
Kinomiya Kazane/Kujiragi Kasane,1,/tags/Kinomiya%20Kazane*s*Kujiragi%20Kasane,r
Akabayashi Mizuki & Orihara Izaya,2,/tags/Akabayashi%20Mizuki%20*a*%20Orihara%20Izaya,r
Heiwajima Kichirou/Heiwajima Namiko,0,/tags/Heiwajima%20Kichirou*s*Heiwajima%20Namiko,r
Orihara Izaya Needs a Hug,27,/tags/Orihara%20Izaya%20Needs%20a%20Hug,f
Eventual Heiwajima Shizuo/Orihara Izaya,26,/tags/Eventual%20Heiwajima%20Shizuo*s*Orihara%20Izaya,f
Protective Heiwajima Shizuo,56,/tags/Protective%20Heiwajima%20Shizuo,f
Bakugou Katsuki & Bakugou Masaru & Bakugou Mitsuki & Orihara Izaya & Orihara Kururi & Orihara Mairu,1,/tags/Bakugou%20Katsuki%20*a*%20Bakugou%20Masaru%20*a*%20Bakugou%20Mitsuki%20*a*%20Orihara%20Izaya%20*a*%20Orihara%20Kururi%20*a*%20Orihara%20Mairu,r
Ryuugamine Mikado/Shiki Haruya,0,/tags/Ryuugamine%20Mikado*s*Shiki%20Haruya,r
Sharaku Eiji,1,/tags/Sharaku%20Eiji,c
Orihara Izaya & Other(s),0,/tags/Orihara%20Izaya%20*a*%20Other(s),r
Simon Brezhnev/Denis,0,/tags/Simon%20Brezhnev*s*Denis,r
Durarara!! Secret Santa 2019,0,/tags/Durarara!!%20Secret%20Santa%202019,f
Hibiya (Durarara!!)/Original Character(s),0,/tags/Hibiya%20(Durarara!!)*s*Original%20Character(s),r
Alpha Orihara Izaya,1,/tags/Alpha%20Orihara%20Izaya,f
Izumii Ran/Original Male Character(s),0,/tags/Izumii%20Ran*s*Original%20Male%20Character(s),r
Heiwajima Shizuo & Original Female Character(s),4,/tags/Heiwajima%20Shizuo%20*a*%20Original%20Female%20Character(s),r
Heiwajima Shizuo & Kadota Kyouhei,3,/tags/Heiwajima%20Shizuo%20*a*%20Kadota%20Kyouhei,r
"Mamiya Manami & Mamiya ""Mage"" Masashi",0,/tags/Mamiya%20Manami%20*a*%20Mamiya%20%22Mage%22%20Masashi,r
Lex Luthor & Orihara Izaya,0,/tags/Lex%20Luthor%20*a*%20Orihara%20Izaya,r
Aozaki Shuu/Shiki Haruya,3,/tags/Aozaki%20Shuu*s*Shiki%20Haruya,r
Bakugou Katsuki & Orihara Izaya,1,/tags/Bakugou%20Katsuki%20*a*%20Orihara%20Izaya,r
Delic (Durarara!!)/Reader,0,/tags/Delic%20(Durarara!!)*s*Reader,r
Jill Stingray/Celty Sturluson,4,/tags/Jill%20Stingray*s*Celty%20Sturluson,r
Ruby no Yubiwa/Reader,0,/tags/Ruby%20no%20Yubiwa*s*Reader,r
Tsugaru (Durarara!!)/Reader,0,/tags/Tsugaru%20(Durarara!!)*s*Reader,r
Orihara Izaya & Orihara Kyouko & Orihara Shirou,1,/tags/Orihara%20Izaya%20*a*%20Orihara%20Kyouko%20*a*%20Orihara%20Shirou,r
Kine & Orihara Izaya,1,/tags/Kine%20*a*%20Orihara%20Izaya,r
Awakusa-Kai,0,/tags/Awakusa-Kai,c
Aozaki Shuu/Original Character(s),0,/tags/Aozaki%20Shuu*s*Original%20Character(s),r
Ryuugamine Mikado/Other(s),0,/tags/Ryuugamine%20Mikado*s*Other(s),r
Heiwajima Shizuo/Kine/Orihara Izaya,0,/tags/Heiwajima%20Shizuo*s*Kine*s*Orihara%20Izaya,r
Shooter/Other(s),0,/tags/Shooter*s*Other(s),r
Kadota Kyouhei's Father (Durarara!!),0,/tags/Kadota%20Kyouhei's%20Father%20(Durarara!!),c
Ikebukuro (Durarara!!),13,/tags/Ikebukuro%20(Durarara!!),f
Kishitani Emilia/Kishitani Shingen/Kishitani Shinra/Celty Sturluson,0,/tags/Kishitani%20Emilia*s*Kishitani%20Shingen*s*Kishitani%20Shinra*s*Celty%20Sturluson,r
Drunk Orihaya Izaya,5,/tags/Drunk%20Orihaya%20Izaya,f
Tanaka Tom/Reader,0,/tags/Tanaka%20Tom*s*Reader,r
Midoriya Izuku/Celty Sturluson,1,/tags/Midoriya%20Izuku*s*Celty%20Sturluson,r
Midoriya Inko & Celty Sturluson,0,/tags/Midoriya%20Inko%20*a*%20Celty%20Sturluson,r
Akabayashi Mizuki & Sonohara Anri,1,/tags/Akabayashi%20Mizuki%20*a*%20Sonohara%20Anri,r
Togusa Saburou/Reader,1,/tags/Togusa%20Saburou*s*Reader,r
Sonohara Anri & Reader,2,/tags/Sonohara%20Anri%20*a*%20Reader,r
Ryuugamine Mikado & Reader,2,/tags/Ryuugamine%20Mikado%20*a*%20Reader,r
Kida Masaomi & Reader,1,/tags/Kida%20Masaomi%20*a*%20Reader,r
Delic (Durarara!!)/Kunikida Doppo (Bungou Stray Dogs),0,/tags/Delic%20(Durarara!!)*s*Kunikida%20Doppo%20(Bungou%20Stray%20Dogs),r
Orihara Izaya & Sharaku Mikage,0,/tags/Orihara%20Izaya%20*a*%20Sharaku%20Mikage,r
Drakon/Vorona (Durarara!!),0,/tags/Drakon*s*Vorona%20(Durarara!!),r
Tsugaru (Durarara!!)/Original Character(s),0,/tags/Tsugaru%20(Durarara!!)*s*Original%20Character(s),r
Firo Prochainezo/Yagiri Namie,1,/tags/Firo%20Prochainezo*s*Yagiri%20Namie,r
Tsundere Orihara Izaya,4,/tags/Tsundere%20Orihara%20Izaya,f
Zine: Urban Legend - A Durarara!! Zine,2,/tags/Zine:%20Urban%20Legend%20-%20A%20Durarara!!%20Zine,f
Minor Kishitani Shinra/Celty Sturluson,7,/tags/Minor%20Kishitani%20Shinra*s*Celty%20Sturluson,f
Kadota Kyouhei/Original Character(s),1,/tags/Kadota%20Kyouhei*s*Original%20Character(s),r
Harima Mika/Reader,0,/tags/Harima%20Mika*s*Reader,r
Rokujou Chikage/Original Character(s),2,/tags/Rokujou%20Chikage*s*Original%20Character(s),r
Hachimenroppi/Ruby no Yubiwa,0,/tags/Hachimenroppi*s*Ruby%20no%20Yubiwa,r
Shizaya Week 2020,12,/tags/Shizaya%20Week%202020,f
Orihara Izaya & Original Male Character(s),4,/tags/Orihara%20Izaya%20*a*%20Original%20Male%20Character(s),r
Hachimenroppi (Durarara!!)/Undisclosed,0,/tags/Hachimenroppi%20(Durarara!!)*s*Undisclosed,r
Akabayashi Mizuki/Aozaki Shuu/Shiki Haruya,1,/tags/Akabayashi%20Mizuki*s*Aozaki%20Shuu*s*Shiki%20Haruya,r
Sasazaki (Durarara!!),0,/tags/Sasazaki%20(Durarara!!),c
Kadota Kyouhei & Karisawa Erika & Togusa Saburou & Yumasaki Walker,1,/tags/Kadota%20Kyouhei%20*a*%20Karisawa%20Erika%20*a*%20Togusa%20Saburou%20*a*%20Yumasaki%20Walker,r
Heiwajima Shizuo/Orihara Kururi/Orihara Mairu,1,/tags/Heiwajima%20Shizuo*s*Orihara%20Kururi*s*Orihara%20Mairu,r
Yandere Orihara Izaya,2,/tags/Yandere%20Orihara%20Izaya,f
Tanaka Tom/Yagiri Namie,0,/tags/Tanaka%20Tom*s*Yagiri%20Namie,r
Orihara Shirou/Original Character(s),0,/tags/Orihara%20Shirou*s*Original%20Character(s),r
Dazai Osamu (Bungou Stray Dogs)/Orihara Izaya,0,/tags/Dazai%20Osamu%20(Bungou%20Stray%20Dogs)*s*Orihara%20Izaya,r
デュラララ!!×２ 転 | Durarara!!x2 Ten,4,/tags/%E3%83%87%E3%83%A5%E3%83%A9%E3%83%A9%E3%83%A9!!%C3%97%EF%BC%92%20%E8%BB%A2%20%7C%20Durarara!!x2%20Ten,f
デュラララ!!×２ 結 | Durarara!!x2 Ketsu,4,/tags/%E3%83%87%E3%83%A5%E3%83%A9%E3%83%A9%E3%83%A9!!%C3%97%EF%BC%92%20%E7%B5%90%20%7C%20Durarara!!x2%20Ketsu,f
Izumii Ran/Kuronuma Aoba,1,/tags/Izumii%20Ran*s*Kuronuma%20Aoba,r
Kotonami Kuon & Kuronuma Aoba,0,/tags/Kotonami%20Kuon%20*a*%20Kuronuma%20Aoba,r
Yatsufusa (Durarara!!),0,/tags/Yatsufusa%20(Durarara!!),c
Kuronuma Aoba/Yatsufusa,0,/tags/Kuronuma%20Aoba*s*Yatsufusa,r
Doubs Hewley/QAWSED | Hackey Mouse/Tsukumoya Shinichi,0,/tags/Doubs%20Hewley*s*QAWSED%20%7C%20Hackey%20Mouse*s*Tsukumoya%20Shinichi,r
Naritaverse | Narita Ryohgo's Universe,3,/tags/Naritaverse%20%7C%20Narita%20Ryohgo's%20Universe,f
Izumii Ran/Sharaku Mikage,0,/tags/Izumii%20Ran*s*Sharaku%20Mikage,r
Mizuchi Yahiro/Tatsugami Himeka,1,/tags/Mizuchi%20Yahiro*s*Tatsugami%20Himeka,r
Kotonami Kuon/Mizuchi Yahiro/Tatsugami Himeka,1,/tags/Kotonami%20Kuon*s*Mizuchi%20Yahiro*s*Tatsugami%20Himeka,r
Amagiri Yakumo & Mizuchi Yahiro,1,/tags/Amagiri%20Yakumo%20*a*%20Mizuchi%20Yahiro,r
Kotonami Kuon & Kuzuhara Souji,1,/tags/Kotonami%20Kuon%20*a*%20Kuzuhara%20Souji,r
Kotonami Kuon & Tatsugami Himeka,1,/tags/Kotonami%20Kuon%20*a*%20Tatsugami%20Himeka,r
Sonohara Anri/Reader,1,/tags/Sonohara%20Anri*s*Reader,r
Raphtalia (Shield Hero) & Celty Sturluson,0,/tags/Raphtalia%20(Shield%20Hero)%20*a*%20Celty%20Sturluson,r
Kamichika Rio/Orihara Izaya,0,/tags/Kamichika%20Rio*s*Orihara%20Izaya,r
Takiguchi Ryou/Yatabe Kouji,0,/tags/Takiguchi%20Ryou*s*Yatabe%20Kouji,r
Kamichika Rio/Kida Masaomi,0,/tags/Kamichika%20Rio*s*Kida%20Masaomi,r
Karisawa Erika/Kida Masaomi/Orihara Izaya,0,/tags/Karisawa%20Erika*s*Kida%20Masaomi*s*Orihara%20Izaya,r
Shizaya Week 2021,8,/tags/Shizaya%20Week%202021,f
Hikigaya Hachiman & Kishitani Shingen,0,/tags/Hikigaya%20Hachiman%20*a*%20Kishitani%20Shingen,r
Bartender Heiwajima Shizuo,5,/tags/Bartender%20Heiwajima%20Shizuo,f
Izumii Ran & Ryuugamine Mikado,0,/tags/Izumii%20Ran%20*a*%20Ryuugamine%20Mikado,r
Izumii Ran/Reader,1,/tags/Izumii%20Ran*s*Reader,r
Izumii Ran & Kuronuma Aoba,1,/tags/Izumii%20Ran%20*a*%20Kuronuma%20Aoba,r
Kuzuhara Kinnosuke/Celty Sturluson,0,/tags/Kuzuhara%20Kinnosuke*s*Celty%20Sturluson,r
Shiki Haruya/Reader,1,/tags/Shiki%20Haruya*s*Reader,r
Durarara!! Ensemble/Original Character(s),0,/tags/Durarara!!%20Ensemble*s*Original%20Character(s),r
Karisawa Erika/Kida Masaomi,0,/tags/Karisawa%20Erika*s*Kida%20Masaomi,r
Houjou (Durarara!!),0,/tags/Houjou%20(Durarara!!),c
Egor & Kishitani Emilia,0,/tags/Egor%20*a*%20Kishitani%20Emilia,r
Egor/Kishitani Emilia,0,/tags/Egor*s*Kishitani%20Emilia,r
Egor/Kishitani Emilia/Kishitani Shingen/Kujiragi Kasane,0,/tags/Egor*s*Kishitani%20Emilia*s*Kishitani%20Shingen*s*Kujiragi%20Kasane,r
Egor/Kishitani Shingen,0,/tags/Egor*s*Kishitani%20Shingen,r
Egor/Kujiragi Kasane,0,/tags/Egor*s*Kujiragi%20Kasane,r
Egor/Orihara Izaya,0,/tags/Egor*s*Orihara%20Izaya,r
Egor/Vorona (Durarara!!),0,/tags/Egor*s*Vorona%20(Durarara!!),r
Egor & Orihara Mairu,0,/tags/Egor%20*a*%20Orihara%20Mairu,r
Egor & Orihara Kururi,0,/tags/Egor%20*a*%20Orihara%20Kururi,r
Karisawa Erika & Kida Masaomi,0,/tags/Karisawa%20Erika%20*a*%20Kida%20Masaomi,r
Neko (Durarara!!),0,/tags/Neko%20(Durarara!!),c
Mitsukuri (Durarara!!),0,/tags/Mitsukuri%20(Durarara!!),c
Harima Mika/Niekawa Haruna,0,/tags/Harima%20Mika*s*Niekawa%20Haruna,r
Aozaki Shuu & Shiki Haruya,1,/tags/Aozaki%20Shuu%20*a*%20Shiki%20Haruya,r
Yellow Scarves (Durarara!!),3,/tags/Yellow%20Scarves%20(Durarara!!),f
Orihara Izaya & Sonohara Anri,0,/tags/Orihara%20Izaya%20*a*%20Sonohara%20Anri,r
C.C. (Code Geass)/Orihara Izaya,0,/tags/C*d*C*d*%20(Code%20Geass)*s*Orihara%20Izaya,r
Kuronuma Aoba & Celty Sturluson,0,/tags/Kuronuma%20Aoba%20*a*%20Celty%20Sturluson,r
Akechi Goro & Orihara Izaya,1,/tags/Akechi%20Goro%20*a*%20Orihara%20Izaya,r
Sergei Dragunov & Celty Sturluson,0,/tags/Sergei%20Dragunov%20*a*%20Celty%20Sturluson,r
Akabayashi Mizuki/Kazamoto Takaaki,2,/tags/Akabayashi%20Mizuki*s*Kazamoto%20Takaaki,r
Hero of Kvatch | Champion of Cyrodiil & Togusa Saburou,0,/tags/Hero%20of%20Kvatch%20%7C%20Champion%20of%20Cyrodiil%20*a*%20Togusa%20Saburou,r
Heiwajima Shizuo & Original Character(s),0,/tags/Heiwajima%20Shizuo%20*a*%20Original%20Character(s),r
Asakura Hao/Orihara Izaya,1,/tags/Asakura%20Hao*s*Orihara%20Izaya,r
Heiwajima Kasuka & Orihara Kururi,1,/tags/Heiwajima%20Kasuka%20*a*%20Orihara%20Kururi,r
Mordecai Heller & Kida Masaomi,0,/tags/Mordecai%20Heller%20*a*%20Kida%20Masaomi,r
Ei Li-pei & Kugi Seiichi,1,/tags/Ei%20Li-pei%20*a*%20Kugi%20Seiichi,r
Heiwajima Shizuo & Shiki Haruya,0,/tags/Heiwajima%20Shizuo%20*a*%20Shiki%20Haruya,r
