tag,count,href,category
Hitachiin Kaoru/Suoh Tamaki,18,/tags/Hitachiin%20Kaoru*s*Suoh%20Tamaki,r
Nekozawa Umehito/Suoh Tamaki,7,/tags/Nekozawa%20Umehito*s*Suoh%20Tamaki,r
Haruhi/Mitsukuni/Hikaru/Kaoru/Takashi/Kyouya/Tamaki,7,/tags/Haruhi*s*Mitsukuni*s*Hikaru*s*Kaoru*s*Takashi*s*Kyouya*s*Tamaki,r
Fujioka Haruhi & Fujioka Ryouji | Ranka,11,/tags/Fujioka%20Haruhi%20*a*%20Fujioka%20Ryouji%20%7C%20Ranka,r
Haruhi & Mitsukuni & Hikaru & Kaoru & Takashi & Kyouya & Tamaki,23,/tags/Haruhi%20*a*%20Mitsukuni%20*a*%20Hikaru%20*a*%20Kaoru%20*a*%20Takashi%20*a*%20Kyouya%20*a*%20Tamaki,r
Fujioka Haruhi/Morinozuka Takashi,241,/tags/Fujioka%20Haruhi*s*Morinozuka%20Takashi,r
Hitachiin Kaoru/Ootori Kyouya,279,/tags/Hitachiin%20Kaoru*s*Ootori%20Kyouya,r
Haninozuka Mitsukuni/Morinozuka Takashi,119,/tags/Haninozuka%20Mitsukuni*s*Morinozuka%20Takashi,r
Arai/Morinozuka Takashi,9,/tags/Arai*s*Morinozuka%20Takashi,r
Houshakuji Renge/Ootori Kyouya,21,/tags/Houshakuji%20Renge*s*Ootori%20Kyouya,r
Haninozuka Mitsukuni/Kanazuki Reiko,43,/tags/Haninozuka%20Mitsukuni*s*Kanazuki%20Reiko,r
Hitachiin Kaoru/Kinoshita Hideyoshi,2,/tags/Hitachiin%20Kaoru*s*Kinoshita%20Hideyoshi,r
Morinozuka Takashi/Ootori Kyouya,23,/tags/Morinozuka%20Takashi*s*Ootori%20Kyouya,r
Hitachiin Hikaru/Hitachiin Kaoru/Suoh Tamaki,12,/tags/Hitachiin%20Hikaru*s*Hitachiin%20Kaoru*s*Suoh%20Tamaki,r
Morinozuka Takashi/Suoh Tamaki,4,/tags/Morinozuka%20Takashi*s*Suoh%20Tamaki,r
Sakurazuka Kimiko,5,/tags/Sakurazuka%20Kimiko,c
Morinozuka Takashi/Harry Potter,38,/tags/Morinozuka%20Takashi*s*Harry%20Potter,r
Kurt Hummel/Morinozuka Takashi/Harry Potter,0,/tags/Kurt%20Hummel*s*Morinozuka%20Takashi*s*Harry%20Potter,r
Higurashi Kagome/Suoh Tamaki,2,/tags/Higurashi%20Kagome*s*Suoh%20Tamaki,r
Ootori Yuuichi,40,/tags/Ootori%20Yuuichi,c
Ootori Akito,45,/tags/Ootori%20Akito,c
Fujioka Haruhi/Nekozawa Umehito,13,/tags/Fujioka%20Haruhi*s*Nekozawa%20Umehito,r
Ootori Kyouya & Suoh Tamaki,108,/tags/Ootori%20Kyouya%20*a*%20Suoh%20Tamaki,r
Haninozuka Mitsukuni & Morinozuka Takashi,33,/tags/Haninozuka%20Mitsukuni%20*a*%20Morinozuka%20Takashi,r
Gokudera Hayato & Morinozuka Takashi,0,/tags/Gokudera%20Hayato%20*a*%20Morinozuka%20Takashi,r
Suoh Shizue,30,/tags/Suoh%20Shizue,c
Harry Potter/Suoh Tamaki,2,/tags/Harry%20Potter*s*Suoh%20Tamaki,r
Ootori Kyouya/Ewan Remington,0,/tags/Ootori%20Kyouya*s*Ewan%20Remington,r
Suoh Tamaki/Éclair Tonnerre,9,/tags/Suoh%20Tamaki*s*%C3%89clair%20Tonnerre,r
Fujioka Haruhi/Kasugazaki Kanako,3,/tags/Fujioka%20Haruhi*s*Kasugazaki%20Kanako,r
Kasugazaki Kanako,9,/tags/Kasugazaki%20Kanako,c
Higurashi Kagome/Nekozawa Umehito,1,/tags/Higurashi%20Kagome*s*Nekozawa%20Umehito,r
Houshakuji Renge/Suoh Tamaki,2,/tags/Houshakuji%20Renge*s*Suoh%20Tamaki,r
Higurashi Kagome/Hitachiin Hikaru/Hitachiin Kaoru,1,/tags/Higurashi%20Kagome*s*Hitachiin%20Hikaru*s*Hitachiin%20Kaoru,r
Fujioka Haruhi/Hitachiin Hikaru/Hitachiin Kaoru/Ootori Kyouya/Suoh Tamaki,7,/tags/Fujioka%20Haruhi*s*Hitachiin%20Hikaru*s*Hitachiin%20Kaoru*s*Ootori%20Kyouya*s*Suoh%20Tamaki,r
Hitachiin Hikaru/Ciel Phantomhive,0,/tags/Hitachiin%20Hikaru*s*Ciel%20Phantomhive,r
Sebastian Michaelis/Suoh Tamaki,0,/tags/Sebastian%20Michaelis*s*Suoh%20Tamaki,r
Haninozuka Mitsukuni/Original Character(s),10,/tags/Haninozuka%20Mitsukuni*s*Original%20Character(s),r
Haninozuka Mitsukuni/Suoh Tamaki,6,/tags/Haninozuka%20Mitsukuni*s*Suoh%20Tamaki,r
Beelzenef/Nekozawa Umehito,1,/tags/Beelzenef*s*Nekozawa%20Umehito,r
Higurashi Kagome/Morinozuka Takashi,4,/tags/Higurashi%20Kagome*s*Morinozuka%20Takashi,r
Fujioka Haruhi/Hitachiin Hikaru/Hitachiin Kaoru/Ootori Kyouya,2,/tags/Fujioka%20Haruhi*s*Hitachiin%20Hikaru*s*Hitachiin%20Kaoru*s*Ootori%20Kyouya,r
Fujioka Haruhi/Hitachiin Hikaru/Ootori Kyouya,0,/tags/Fujioka%20Haruhi*s*Hitachiin%20Hikaru*s*Ootori%20Kyouya,r
Hitachiin Yuzuha,29,/tags/Hitachiin%20Yuzuha,c
Fujioka Kotoko,19,/tags/Fujioka%20Kotoko,c
Haninozuka Mitsukuni/Harry Potter,12,/tags/Haninozuka%20Mitsukuni*s*Harry%20Potter,r
Houshakuji Renge/Morinozuka Takashi,1,/tags/Houshakuji%20Renge*s*Morinozuka%20Takashi,r
Kiss Kiss Fall in Love,2147,/tags/Kiss%20Kiss%20Fall%20in%20Love,f
Hitachiincest,79,/tags/Hitachiincest,f
Ootori Kyouya/Harry Potter,25,/tags/Ootori%20Kyouya*s*Harry%20Potter,r
Morinozuka Akira,17,/tags/Morinozuka%20Akira,c
Haninozuka Yorihisa,15,/tags/Haninozuka%20Yorihisa,c
Higurashi Kagome/Ootori Kyouya,13,/tags/Higurashi%20Kagome*s*Ootori%20Kyouya,r
Sendou Akujiro,0,/tags/Sendou%20Akujiro,c
Sendou Akutaro,0,/tags/Sendou%20Akutaro,c
The Ouran High School Host Club,301,/tags/The%20Ouran%20High%20School%20Host%20Club,c
Fujioka Haruhi/Original Character(s),12,/tags/Fujioka%20Haruhi*s*Original%20Character(s),r
Fujioka Haruhi/Original Male Character(s),4,/tags/Fujioka%20Haruhi*s*Original%20Male%20Character(s),r
Haninozuka Mitsukuni/Hitachiin Hikaru/Hitachiin Kaoru,0,/tags/Haninozuka%20Mitsukuni*s*Hitachiin%20Hikaru*s*Hitachiin%20Kaoru,r
Haninozuka Mitsukuni/Morinozuka Takashi/Suoh Tamaki,0,/tags/Haninozuka%20Mitsukuni*s*Morinozuka%20Takashi*s*Suoh%20Tamaki,r
Haninozuka Mitsukuni/Other(s),0,/tags/Haninozuka%20Mitsukuni*s*Other(s),r
Hitachiin Kaoru/Houshakuji Renge,1,/tags/Hitachiin%20Kaoru*s*Houshakuji%20Renge,r
Kasanoda Ritsu/Yasumura Mei,9,/tags/Kasanoda%20Ritsu*s*Yasumura%20Mei,r
Fujioka Kotoko/Fujioka Ryouji | Ranka,4,/tags/Fujioka%20Kotoko*s*Fujioka%20Ryouji%20%7C%20Ranka,r
Hitachiin Hikaru/Morinozuka Takashi,5,/tags/Hitachiin%20Hikaru*s*Morinozuka%20Takashi,r
Fujioka Haruhi & Suoh Tamaki,60,/tags/Fujioka%20Haruhi%20*a*%20Suoh%20Tamaki,r
Suoh Tamaki/Original Female Character(s),33,/tags/Suoh%20Tamaki*s*Original%20Female%20Character(s),r
Harry Potter/Kasanoda Ritsu,2,/tags/Harry%20Potter*s*Kasanoda%20Ritsu,r
Hitachiin Hikaru/Ootori Kyouya,5,/tags/Hitachiin%20Hikaru*s*Ootori%20Kyouya,r
Haninozuka Mitsukuni/Hitachiin Kaoru/Morinozuka Takashi,1,/tags/Haninozuka%20Mitsukuni*s*Hitachiin%20Kaoru*s*Morinozuka%20Takashi,r
Morinozuka Takashi/Original Female Character(s),77,/tags/Morinozuka%20Takashi*s*Original%20Female%20Character(s),r
Rachel Berry & Ootori Kyouya,0,/tags/Rachel%20Berry%20*a*%20Ootori%20Kyouya,r
Rachel Berry & Suoh Tamaki,0,/tags/Rachel%20Berry%20*a*%20Suoh%20Tamaki,r
Kasanoda Ritsu/Morinozuka Takashi,1,/tags/Kasanoda%20Ritsu*s*Morinozuka%20Takashi,r
Kasanoda Ritsu/Morinozuka Takashi/Original Female Character(s),0,/tags/Kasanoda%20Ritsu*s*Morinozuka%20Takashi*s*Original%20Female%20Character(s),r
Fujioka Haruhi/Éclair Tonnerre,1,/tags/Fujioka%20Haruhi*s*%C3%89clair%20Tonnerre,r
Souma Hikaru/Suoh Tamaki,0,/tags/Souma%20Hikaru*s*Suoh%20Tamaki,r
Morinozuka Takashi/Reader,87,/tags/Morinozuka%20Takashi*s*Reader,r
Ootori Kyouya/Original Female Character(s),152,/tags/Ootori%20Kyouya*s*Original%20Female%20Character(s),r
Ootori Kyouya/Original Character(s),6,/tags/Ootori%20Kyouya*s*Original%20Character(s),r
Hitachiin Hikaru/Hitachiin Kaoru/Original Character(s),8,/tags/Hitachiin%20Hikaru*s*Hitachiin%20Kaoru*s*Original%20Character(s),r
Hitachiin Hikaru/Hitachiin Kaoru/Original Female Character(s),15,/tags/Hitachiin%20Hikaru*s*Hitachiin%20Kaoru*s*Original%20Female%20Character(s),r
Anne-Sophie de Grantaine,26,/tags/Anne-Sophie%20de%20Grantaine,c
Hitachiin Kaoru/Reader,80,/tags/Hitachiin%20Kaoru*s*Reader,r
Ootori Yoshio/Original Character(s),0,/tags/Ootori%20Yoshio*s*Original%20Character(s),r
Suoh Tamaki/Other(s),1,/tags/Suoh%20Tamaki*s*Other(s),r
Haninozuka Mitsukuni/Original Female Character(s),26,/tags/Haninozuka%20Mitsukuni*s*Original%20Female%20Character(s),r
Hitachiin Hikaru/Original Female Character(s),32,/tags/Hitachiin%20Hikaru*s*Original%20Female%20Character(s),r
Hitachiin Hikaru/Original Character(s),4,/tags/Hitachiin%20Hikaru*s*Original%20Character(s),r
Hitachiin Kaoru/Original Character(s),33,/tags/Hitachiin%20Kaoru*s*Original%20Character(s),r
Morinozuka Takashi/Original Character(s),3,/tags/Morinozuka%20Takashi*s*Original%20Character(s),r
Suoh Tamaki/Original Male Character(s),9,/tags/Suoh%20Tamaki*s*Original%20Male%20Character(s),r
Morinozuka Takashi/Original Male Character(s),17,/tags/Morinozuka%20Takashi*s*Original%20Male%20Character(s),r
Hitachiin Kaoru/Original Male Character(s),21,/tags/Hitachiin%20Kaoru*s*Original%20Male%20Character(s),r
Fujioka Haruhi/Everyone,26,/tags/Fujioka%20Haruhi*s*Everyone,r
Nekozawa Kirimi/Nekozawa Umehito,0,/tags/Nekozawa%20Kirimi*s*Nekozawa%20Umehito,r
Ootori Kyouya/Reader,146,/tags/Ootori%20Kyouya*s*Reader,r
Hitachiin Kaoru & Ootori Kyouya,19,/tags/Hitachiin%20Kaoru%20*a*%20Ootori%20Kyouya,r
Hitachiin Hikaru/Shouji Nanako,2,/tags/Hitachiin%20Hikaru*s*Shouji%20Nanako,r
Haninozuka Mitsukuni/Morinozuka Takashi/Original Male Character(s),3,/tags/Haninozuka%20Mitsukuni*s*Morinozuka%20Takashi*s*Original%20Male%20Character(s),r
Haninozuka Mitsukuni/Reader,40,/tags/Haninozuka%20Mitsukuni*s*Reader,r
Fujioka Haruhi & Original Character(s),16,/tags/Fujioka%20Haruhi%20*a*%20Original%20Character(s),r
Hitachiin Ageha,8,/tags/Hitachiin%20Ageha,c
Fujioka Haruhi & Hitachiin Kaoru,26,/tags/Fujioka%20Haruhi%20*a*%20Hitachiin%20Kaoru,r
Fujioka Haruhi & Ootori Kyouya,66,/tags/Fujioka%20Haruhi%20*a*%20Ootori%20Kyouya,r
Ootori Kyouya/Tendou Nabiki,2,/tags/Ootori%20Kyouya*s*Tendou%20Nabiki,r
Hitachiin Kaoru/Tachibana Makoto,0,/tags/Hitachiin%20Kaoru*s*Tachibana%20Makoto,r
Fujioka Haruhi/The Ouran High School Host Club,3,/tags/Fujioka%20Haruhi*s*The%20Ouran%20High%20School%20Host%20Club,r
Sollux Captor/Houshakuji Renge,0,/tags/Sollux%20Captor*s*Houshakuji%20Renge,r
The Ouran High School Host Club/Reader,22,/tags/The%20Ouran%20High%20School%20Host%20Club*s*Reader,r
Bottom Morinozuka Takashi,1,/tags/Bottom%20Morinozuka%20Takashi,f
Ootori Kyouya/Original Male Character(s),20,/tags/Ootori%20Kyouya*s*Original%20Male%20Character(s),r
Hitachiin Kaoru/Morinozuka Takashi,5,/tags/Hitachiin%20Kaoru*s*Morinozuka%20Takashi,r
Suoh Tamaki/Reader,100,/tags/Suoh%20Tamaki*s*Reader,r
Fujioka Haruhi/Reader,47,/tags/Fujioka%20Haruhi*s*Reader,r
Hitachiin Hikaru/Reader,72,/tags/Hitachiin%20Hikaru*s*Reader,r
Male Fujioka Haruhi,4,/tags/Male%20Fujioka%20Haruhi,f
Remus Lupin/Ootori Kyouya,1,/tags/Remus%20Lupin*s*Ootori%20Kyouya,r
Bottom Hitachiin Kaoru,7,/tags/Bottom%20Hitachiin%20Kaoru,f
Troublesome Hitachiin Twins,11,/tags/Troublesome%20Hitachiin%20Twins,f
Top Hitachiin Hikaru,8,/tags/Top%20Hitachiin%20Hikaru,f
Stripper Hitachiin Hikaru,0,/tags/Stripper%20Hitachiin%20Hikaru,f
References to Ouran High School Host Club,116,/tags/References%20to%20Ouran%20High%20School%20Host%20Club,f
Pre-Ouran,1,/tags/Pre-Ouran,f
Himemiya Sayuri,1,/tags/Himemiya%20Sayuri,c
Haninozuka Mitsukuni/Ootori Kyouya,2,/tags/Haninozuka%20Mitsukuni*s*Ootori%20Kyouya,r
Fujioka Haruhi/Original Female Character(s),9,/tags/Fujioka%20Haruhi*s*Original%20Female%20Character(s),r
Fujioka Haruhi/Hitachiin Kaoru/Ootori Kyouya,0,/tags/Fujioka%20Haruhi*s*Hitachiin%20Kaoru*s*Ootori%20Kyouya,r
Houshakuji Renge/Original Character(s),4,/tags/Houshakuji%20Renge*s*Original%20Character(s),r
Higurashi Kagome/Hitachiin Kaoru,1,/tags/Higurashi%20Kagome*s*Hitachiin%20Kaoru,r
Hatori Bisco,4,/tags/Hatori%20Bisco,f
Hitachiin Kaoru/Zaou Ryuu,0,/tags/Hitachiin%20Kaoru*s*Zaou%20Ryuu,r
Hitachiin Hikaru/Hitachiin Kaoru/Zaou Ryuu,0,/tags/Hitachiin%20Hikaru*s*Hitachiin%20Kaoru*s*Zaou%20Ryuu,r
Naruko Io/Ootori Kyouya,0,/tags/Naruko%20Io*s*Ootori%20Kyouya,r
Hitachiin Hikaru/Zaou Ryuu,0,/tags/Hitachiin%20Hikaru*s*Zaou%20Ryuu,r
Hitachiin Hikaru/Nekozawa Umehito,1,/tags/Hitachiin%20Hikaru*s*Nekozawa%20Umehito,r
Hitachiin Hikaru/Hitachiin Kaoru/Nekozawa Umehito,3,/tags/Hitachiin%20Hikaru*s*Hitachiin%20Kaoru*s*Nekozawa%20Umehito,r
"Fujioka Haruhi/Madara ""Nyanko-Sensei""/Other(s)",0,/tags/Fujioka%20Haruhi*s*Madara%20%22Nyanko-Sensei%22*s*Other(s),r
Hungary (Hetalia)/ Ootori Kyouya,0,/tags/Hungary%20(Hetalia)*s*%20Ootori%20Kyouya,r
Fujioka Haruhi/Sohma Yuki,1,/tags/Fujioka%20Haruhi*s*Sohma%20Yuki,r
Fujioka Haruhi/Sohma Hatsuharu,2,/tags/Fujioka%20Haruhi*s*Sohma%20Hatsuharu,r
Fujioka Haruhi/Sohma Shigure,1,/tags/Fujioka%20Haruhi*s*Sohma%20Shigure,r
Fujioka Haruhi/Sohma Hatori,1,/tags/Fujioka%20Haruhi*s*Sohma%20Hatori,r
Hanajima Saki/Nekozawa Umehito,0,/tags/Hanajima%20Saki*s*Nekozawa%20Umehito,r
Kasanoda Ritsu/Ootori Kyouya/Original Character(s),0,/tags/Kasanoda%20Ritsu*s*Ootori%20Kyouya*s*Original%20Character(s),r
Suoh Tamaki/Original Character(s),5,/tags/Suoh%20Tamaki*s*Original%20Character(s),r
Kasanoda Ritsu/Original Character(s),11,/tags/Kasanoda%20Ritsu*s*Original%20Character(s),r
Hitachiin Kaoru/Tsukishima Kei,0,/tags/Hitachiin%20Kaoru*s*Tsukishima%20Kei,r
Nekozawa Umehito/Original Character(s),8,/tags/Nekozawa%20Umehito*s*Original%20Character(s),r
Fujioka Haruhi/Morinozuka Satoshi,1,/tags/Fujioka%20Haruhi*s*Morinozuka%20Satoshi,r
Haninozuka Yasuchika/Original Male Character(s),1,/tags/Haninozuka%20Yasuchika*s*Original%20Male%20Character(s),r
Fujioka Haruhi & Reader,14,/tags/Fujioka%20Haruhi%20*a*%20Reader,r
Tamakyo Week,1,/tags/Tamakyo%20Week,f
Hitachiin Kaoru & Mr. Hitachiin,1,/tags/Hitachiin%20Kaoru%20*a*%20Mr*d*%20Hitachiin,r
Hitachiin Hikaru & Hitachiin Yuzuha,1,/tags/Hitachiin%20Hikaru%20*a*%20Hitachiin%20Yuzuha,r
Haninozuka Yasuchika/Original Female Character(s),2,/tags/Haninozuka%20Yasuchika*s*Original%20Female%20Character(s),r
Haninozuka Yasuchika/Reader,2,/tags/Haninozuka%20Yasuchika*s*Reader,r
Hitachiin Hikaru/Houshakuji Renge,0,/tags/Hitachiin%20Hikaru*s*Houshakuji%20Renge,r
Sharpay Evans/Hitachiin Hikaru/Hitachiin Kaoru,0,/tags/Sharpay%20Evans*s*Hitachiin%20Hikaru*s*Hitachiin%20Kaoru,r
Ootori Kyouya/Everyone,2,/tags/Ootori%20Kyouya*s*Everyone,r
Nekozawa Umehito/Original Male Character(s),3,/tags/Nekozawa%20Umehito*s*Original%20Male%20Character(s),r
Hitachiin Kaoru/Morinozuka Takashi/Ootori Kyouya,1,/tags/Hitachiin%20Kaoru*s*Morinozuka%20Takashi*s*Ootori%20Kyouya,r
Suzushima Toru,4,/tags/Suzushima%20Toru,c
Haninozuka Yasuchika/Morinozuka Satoshi,2,/tags/Haninozuka%20Yasuchika*s*Morinozuka%20Satoshi,r
Haninozuka Mitsukuni/Higurashi Kagome,1,/tags/Haninozuka%20Mitsukuni*s*Higurashi%20Kagome,r
Lust (Fullmetal Alchemist)/Ootori Kyouya,0,/tags/Lust%20(Fullmetal%20Alchemist)*s*Ootori%20Kyouya,r
Greed (Fullmetal Alchemist)/Ootori Kyouya,0,/tags/Greed%20(Fullmetal%20Alchemist)*s*Ootori%20Kyouya,r
Fujioka Haruhi & Hitachiin Hikaru,22,/tags/Fujioka%20Haruhi%20*a*%20Hitachiin%20Hikaru,r
Suoh Tamaki/Tanaka Ryuunosuke,0,/tags/Suoh%20Tamaki*s*Tanaka%20Ryuunosuke,r
Nekozawa Umehito/Reader,9,/tags/Nekozawa%20Umehito*s*Reader,r
Houshakuji Renge/Original Female Character(s),1,/tags/Houshakuji%20Renge*s*Original%20Female%20Character(s),r
Haninozuka Yasuchika/Dirk Strider,0,/tags/Haninozuka%20Yasuchika*s*Dirk%20Strider,r
The Minions (Despicable Me)/Ootori Kyouya,0,/tags/The%20Minions%20(Despicable%20Me)*s*Ootori%20Kyouya,r
Hitachiin Hikaru/Original Male Character(s),10,/tags/Hitachiin%20Hikaru*s*Original%20Male%20Character(s),r
Nekozawa Umehito/Ootori Kyouya,5,/tags/Nekozawa%20Umehito*s*Ootori%20Kyouya,r
Nico di Angelo/Hitachiin Kaoru,0,/tags/Nico%20di%20Angelo*s*Hitachiin%20Kaoru,r
Hitachiin Hikaru/Hitachiin Kaoru/Reader,31,/tags/Hitachiin%20Hikaru*s*Hitachiin%20Kaoru*s*Reader,r
Ooroti Kyouya & Ootori Yoshio,3,/tags/Ooroti%20Kyouya%20*a*%20Ootori%20Yoshio,r
Hitachiin Kaoru & Suoh Tamaki,4,/tags/Hitachiin%20Kaoru%20*a*%20Suoh%20Tamaki,r
Suoh Tamaki/Everyone,2,/tags/Suoh%20Tamaki*s*Everyone,r
Morinozuka Takashi/Everyone,1,/tags/Morinozuka%20Takashi*s*Everyone,r
Fujioka Haruhi/Pidge | Katie Holt,0,/tags/Fujioka%20Haruhi*s*Pidge%20%7C%20Katie%20Holt,r
Shiro (Voltron)/Suoh Tamaki,0,/tags/Shiro%20(Voltron)*s*Suoh%20Tamaki,r
Ootori Kyouya & Reader,11,/tags/Ootori%20Kyouya%20*a*%20Reader,r
Suoh Tamaki & Reader,12,/tags/Suoh%20Tamaki%20*a*%20Reader,r
Hitachiin Kaoru & Reader,6,/tags/Hitachiin%20Kaoru%20*a*%20Reader,r
Hitachiin Hikaru & Reader,17,/tags/Hitachiin%20Hikaru%20*a*%20Reader,r
Haninozuka Mitsukuni & Reader,8,/tags/Haninozuka%20Mitsukuni%20*a*%20Reader,r
Morinozuka Takashi & Reader,4,/tags/Morinozuka%20Takashi%20*a*%20Reader,r
Nekozawa Umehito & Reader,2,/tags/Nekozawa%20Umehito%20*a*%20Reader,r
Kasanoda Ritsu/Reader,4,/tags/Kasanoda%20Ritsu*s*Reader,r
Kasanoda Ritsu & Reader,2,/tags/Kasanoda%20Ritsu%20*a*%20Reader,r
Haninozuka Yasuchika & Reader,1,/tags/Haninozuka%20Yasuchika%20*a*%20Reader,r
Morinozuka Satoshi/Reader,1,/tags/Morinozuka%20Satoshi*s*Reader,r
Morinozuka Satoshi & Reader,1,/tags/Morinozuka%20Satoshi%20*a*%20Reader,r
Hitachiin Hikaru/Hitachiin Kaoru/Uzumaki Naruto,2,/tags/Hitachiin%20Hikaru*s*Hitachiin%20Kaoru*s*Uzumaki%20Naruto,r
Fujioka Haruhi & Uzumaki Naruto,0,/tags/Fujioka%20Haruhi%20*a*%20Uzumaki%20Naruto,r
Fujioka Haruhi & Fred Weasley & George Weasley,0,/tags/Fujioka%20Haruhi%20*a*%20Fred%20Weasley%20*a*%20George%20Weasley,r
Shrek (Shrek)/Suoh Tamaki,0,/tags/Shrek%20(Shrek)*s*Suoh%20Tamaki,r
Haninozuka Mitsukuni/Hitachiin Hikaru,3,/tags/Haninozuka%20Mitsukuni*s*Hitachiin%20Hikaru,r
Fujioka Haruhi/Jack Frost (Guardians of Childhood),0,/tags/Fujioka%20Haruhi*s*Jack%20Frost%20(Guardians%20of%20Childhood),r
Hermione Granger/Haninozuka Mitsukuni/Harry Potter,0,/tags/Hermione%20Granger*s*Haninozuka%20Mitsukuni*s*Harry%20Potter,r
Hitachiin Kaoru/Ootori Kyouya/Suoh Tamaki,2,/tags/Hitachiin%20Kaoru*s*Ootori%20Kyouya*s*Suoh%20Tamaki,r
Fujioka Haruhi/Hyuuga Hinata,1,/tags/Fujioka%20Haruhi*s*Hyuuga%20Hinata,r
Higurashi Kagome/Morinozuka Takashi/Ootori Kyouya,1,/tags/Higurashi%20Kagome*s*Morinozuka%20Takashi*s*Ootori%20Kyouya,r
Fujioka Ryouji | Ranka/Tony Stark,0,/tags/Fujioka%20Ryouji%20%7C%20Ranka*s*Tony%20Stark,r
Hitachiin Hikaru & Hitachiin Kaoru & Suoh Tamaki,0,/tags/Hitachiin%20Hikaru%20*a*%20Hitachiin%20Kaoru%20*a*%20Suoh%20Tamaki,r
Roxas (Kingdom Hearts)/Suoh Tamaki,0,/tags/Roxas%20(Kingdom%20Hearts)*s*Suoh%20Tamaki,r
Hermione Granger/Ootori Kyouya,2,/tags/Hermione%20Granger*s*Ootori%20Kyouya,r
Fujioka Haruhi & Kasanoda Ritsu,4,/tags/Fujioka%20Haruhi%20*a*%20Kasanoda%20Ritsu,r
Fujioka Haruhi/Hitachiin Hikaru/Suoh Tamaki,6,/tags/Fujioka%20Haruhi*s*Hitachiin%20Hikaru*s*Suoh%20Tamaki,r
Sirius Black/Fujioka Ryouji | Ranka,3,/tags/Sirius%20Black*s*Fujioka%20Ryouji%20%7C%20Ranka,r
Fujioka Haruhi & Katsuki Yuuri,1,/tags/Fujioka%20Haruhi%20*a*%20Katsuki%20Yuuri,r
Fujioka Haruhi & Haninozuka Mitsukuni,11,/tags/Fujioka%20Haruhi%20*a*%20Haninozuka%20Mitsukuni,r
Hitachiin Hikaru & Original Character(s),7,/tags/Hitachiin%20Hikaru%20*a*%20Original%20Character(s),r
Fujioka Haruhi/Haninozuka Mitsukuni/Morinozuka Takashi,3,/tags/Fujioka%20Haruhi*s*Haninozuka%20Mitsukuni*s*Morinozuka%20Takashi,r
Kasanoda Ritsu/Ootori Kyouya/Suoh Tamaki,0,/tags/Kasanoda%20Ritsu*s*Ootori%20Kyouya*s*Suoh%20Tamaki,r
Houshakuji Renge/Reader,3,/tags/Houshakuji%20Renge*s*Reader,r
Edward Elric/Hitachiin Kaoru,0,/tags/Edward%20Elric*s*Hitachiin%20Kaoru,r
Morinozuka Takashi & Ootori Kyouya,2,/tags/Morinozuka%20Takashi%20*a*%20Ootori%20Kyouya,r
Hitachiin Kaoru & Zaou Ryuu,0,/tags/Hitachiin%20Kaoru%20*a*%20Zaou%20Ryuu,r
Houshakuji Renge/Éclair Tonnerre,0,/tags/Houshakuji%20Renge*s*%C3%89clair%20Tonnerre,r
Hyuuga Neji/Suoh Tamaki,0,/tags/Hyuuga%20Neji*s*Suoh%20Tamaki,r
Dazai Osamu (Bungou Stray Dogs)/Suoh Tamaki,0,/tags/Dazai%20Osamu%20(Bungou%20Stray%20Dogs)*s*Suoh%20Tamaki,r
Akutagawa Ryuunosuke (Bungou Stray Dogs)/Suoh Tamaki,0,/tags/Akutagawa%20Ryuunosuke%20(Bungou%20Stray%20Dogs)*s*Suoh%20Tamaki,r
Suoh Tamaki/Tenten (Naruto),0,/tags/Suoh%20Tamaki*s*Tenten%20(Naruto),r
Genderfluid Fujioka Haruhi,19,/tags/Genderfluid%20Fujioka%20Haruhi,f
Ayanokoji Seika,10,/tags/Ayanokoji%20Seika,c
Sebastian Michaelis/Ootori Kyouya,1,/tags/Sebastian%20Michaelis*s*Ootori%20Kyouya,r
Kuze Takeshi/Ootori Kyouya,3,/tags/Kuze%20Takeshi*s*Ootori%20Kyouya,r
Haninozuka Mitsukuni/Sakamaki Brothers,0,/tags/Haninozuka%20Mitsukuni*s*Sakamaki%20Brothers,r
Hitachiin Hikaru & Hitachiin Kaoru & Original Character(s),3,/tags/Hitachiin%20Hikaru%20*a*%20Hitachiin%20Kaoru%20*a*%20Original%20Character(s),r
Suoh Tamaki & Original Character(s),4,/tags/Suoh%20Tamaki%20*a*%20Original%20Character(s),r
Hitachiin Hikaru & Suoh Tamaki,5,/tags/Hitachiin%20Hikaru%20*a*%20Suoh%20Tamaki,r
Morinozuka Takashi & Original Character(s),7,/tags/Morinozuka%20Takashi%20*a*%20Original%20Character(s),r
Ootori Kyouya & Original Character(s),8,/tags/Ootori%20Kyouya%20*a*%20Original%20Character(s),r
Hitachiin Hikaru/Hitachiin Kaoru/Original Male Character(s),2,/tags/Hitachiin%20Hikaru*s*Hitachiin%20Kaoru*s*Original%20Male%20Character(s),r
Fujioka Ryouji | Ranka/Haninozuka Mitsukuni,1,/tags/Fujioka%20Ryouji%20%7C%20Ranka*s*Haninozuka%20Mitsukuni,r
Piyo (Ouran High School Host Club),0,/tags/Piyo%20(Ouran%20High%20School%20Host%20Club),c
Beelzenef (Ouran High School Host Club),6,/tags/Beelzenef%20(Ouran%20High%20School%20Host%20Club),c
Mr. Hitachiin (Ouran High School Host Club),4,/tags/Mr*d*%20Hitachiin%20(Ouran%20High%20School%20Host%20Club),c
Hitachiin Twins (Ouran High School Host Club),94,/tags/Hitachiin%20Twins%20(Ouran%20High%20School%20Host%20Club),c
Beelzenef (Ouran High School Host Club)/Blair (Soul Eater),0,/tags/Beelzenef%20(Ouran%20High%20School%20Host%20Club)*s*Blair%20(Soul%20Eater),r
Fujioka Haruhi & Morinozuka Takashi,12,/tags/Fujioka%20Haruhi%20*a*%20Morinozuka%20Takashi,r
Haninozuka Mitsukuni & Harry Potter,2,/tags/Haninozuka%20Mitsukuni%20*a*%20Harry%20Potter,r
"Fujioka Haruhi/Kageyama ""Mob"" Shigeo",0,/tags/Fujioka%20Haruhi*s*Kageyama%20%22Mob%22%20Shigeo,r
Fujioka Haruhi/Reigen Arataka,0,/tags/Fujioka%20Haruhi*s*Reigen%20Arataka,r
Fujioka Haruhi & Harry Potter & Uzumaki Naruko,1,/tags/Fujioka%20Haruhi%20*a*%20Harry%20Potter%20*a*%20Uzumaki%20Naruko,r
Kuroko Tetsuya/Morinozuka Takashi,0,/tags/Kuroko%20Tetsuya*s*Morinozuka%20Takashi,r
Ootori Kyouya/Uzumaki Naruko,1,/tags/Ootori%20Kyouya*s*Uzumaki%20Naruko,r
Ootori Kyouya & Ootori Yoshio,8,/tags/Ootori%20Kyouya%20*a*%20Ootori%20Yoshio,r
Hitachiin Hikaru & South Italy (Hetalia),1,/tags/Hitachiin%20Hikaru%20*a*%20South%20Italy%20(Hetalia),r
Fujioka Haruhi & Japan (Hetalia),1,/tags/Fujioka%20Haruhi%20*a*%20Japan%20(Hetalia),r
Morinozuka Takashi & Sweden (Hetalia),1,/tags/Morinozuka%20Takashi%20*a*%20Sweden%20(Hetalia),r
France (Hetalia) & Suoh Tamaki,0,/tags/France%20(Hetalia)%20*a*%20Suoh%20Tamaki,r
Germany (Hetalia) & Ootori Kyouya,0,/tags/Germany%20(Hetalia)%20*a*%20Ootori%20Kyouya,r
Hitachiin Kaoru & North Italy (Hetalia),0,/tags/Hitachiin%20Kaoru%20*a*%20North%20Italy%20(Hetalia),r
Finland (Hetalia) & Haninozuka Mitsukuni,0,/tags/Finland%20(Hetalia)%20*a*%20Haninozuka%20Mitsukuni,r
Tachibana Seizaburo,11,/tags/Tachibana%20Seizaburo,c
Fujioka Haruhi/Higurashi Kagome,0,/tags/Fujioka%20Haruhi*s*Higurashi%20Kagome,r
Tohgouin Makoto,1,/tags/Tohgouin%20Makoto,c
Tarumi Hayato,2,/tags/Tarumi%20Hayato,c
Ukyo Chikage,5,/tags/Ukyo%20Chikage,c
Hitachiin Hikaru/Hitachiin Kaoru/Shimada Minami,1,/tags/Hitachiin%20Hikaru*s*Hitachiin%20Kaoru*s*Shimada%20Minami,r
Kirishima Shouko/Morinozuka Takashi,1,/tags/Kirishima%20Shouko*s*Morinozuka%20Takashi,r
Fujioka Haruhi/Kinoshita Hideyoshi,0,/tags/Fujioka%20Haruhi*s*Kinoshita%20Hideyoshi,r
Maezono Shima,2,/tags/Maezono%20Shima,c
Nekozawa Umehito/Harry Potter,3,/tags/Nekozawa%20Umehito*s*Harry%20Potter,r
Suoh Tamaki/Yukihira Souma,2,/tags/Suoh%20Tamaki*s*Yukihira%20Souma,r
Ootori Yoshio/Suoh Yuzuru,2,/tags/Ootori%20Yoshio*s*Suoh%20Yuzuru,r
Anne-Sophie de Grantaine/Suoh Yuzuru,3,/tags/Anne-Sophie%20de%20Grantaine*s*Suoh%20Yuzuru,r
Suoh Tamaki & Suoh Yuzuru,1,/tags/Suoh%20Tamaki%20*a*%20Suoh%20Yuzuru,r
Fujioka Ryouji | Ranka & Ootori Kyouya,6,/tags/Fujioka%20Ryouji%20%7C%20Ranka%20*a*%20Ootori%20Kyouya,r
Alternate Universe - Ouran High School Host Club Fusion,80,/tags/Alternate%20Universe%20-%20Ouran%20High%20School%20Host%20Club%20Fusion,f
Fujioka Haruhi/Suzushima Toru,0,/tags/Fujioka%20Haruhi*s*Suzushima%20Toru,r
Fujioka Haruhi & Haninozuka Mitsukuni & Morinozuka Takashi,3,/tags/Fujioka%20Haruhi%20*a*%20Haninozuka%20Mitsukuni%20*a*%20Morinozuka%20Takashi,r
Anne-Sophie de Grantaine & Suoh Tamaki,1,/tags/Anne-Sophie%20de%20Grantaine%20*a*%20Suoh%20Tamaki,r
Haninozuka Mitsukuni & Ootori Kyouya,3,/tags/Haninozuka%20Mitsukuni%20*a*%20Ootori%20Kyouya,r
Hitachiin Hikaru & Ootori Kyouya,5,/tags/Hitachiin%20Hikaru%20*a*%20Ootori%20Kyouya,r
Fujioka Haruhi/Sawada Nana,1,/tags/Fujioka%20Haruhi*s*Sawada%20Nana,r
Ootori Kyouya & Ootori Yuuichi,5,/tags/Ootori%20Kyouya%20*a*%20Ootori%20Yuuichi,r
Fujioka Haruhi/Kono Kalakaua,0,/tags/Fujioka%20Haruhi*s*Kono%20Kalakaua,r
Haninozuka Mitsukuni/Kono Kalakaua,0,/tags/Haninozuka%20Mitsukuni*s*Kono%20Kalakaua,r
Ootori Fuyumi & Ootori Kyouya,3,/tags/Ootori%20Fuyumi%20*a*%20Ootori%20Kyouya,r
Lee Seung Gil/Ootori Kyouya,0,/tags/Lee%20Seung%20Gil*s*Ootori%20Kyouya,r
Minor Fujioka Haruhi/Suoh Tamaki,16,/tags/Minor%20Fujioka%20Haruhi*s*Suoh%20Tamaki,f
Haninozuka Mitsukuni/Hirasawa Yui,2,/tags/Haninozuka%20Mitsukuni*s*Hirasawa%20Yui,r
Fujioka Haruhi/Houshakuji Renge,14,/tags/Fujioka%20Haruhi*s*Houshakuji%20Renge,r
Ootori Kyouya/Togami Byakuya,0,/tags/Ootori%20Kyouya*s*Togami%20Byakuya,r
Amakusa Benio | Benibara,20,/tags/Amakusa%20Benio%20%7C%20Benibara,c
Amakusa Benio | Benibara/Maihara Chizuru,1,/tags/Amakusa%20Benio%20%7C%20Benibara*s*Maihara%20Chizuru,r
Aijima (Ouran High School Host Club),3,/tags/Aijima%20(Ouran%20High%20School%20Host%20Club),c
Kuma-chan (Ouran High School Host Club),0,/tags/Kuma-chan%20(Ouran%20High%20School%20Host%20Club),c
Usa-chan (Ouran High School Host Club),8,/tags/Usa-chan%20(Ouran%20High%20School%20Host%20Club),c
Sonoda Isao | Sonoda Misuzu,4,/tags/Sonoda%20Isao%20%7C%20Sonoda%20Misuzu,c
Hotta (Ouran High School Host Club),4,/tags/Hotta%20(Ouran%20High%20School%20Host%20Club),c
Michelle Princess of Monar,0,/tags/Michelle%20Princess%20of%20Monar,c
Sakyou Tomochika,2,/tags/Sakyou%20Tomochika,c
Ouran High School Host Club Ensemble,24,/tags/Ouran%20High%20School%20Host%20Club%20Ensemble,c
Anne-Sophie de Grantaine/Ootori Kyouya,0,/tags/Anne-Sophie%20de%20Grantaine*s*Ootori%20Kyouya,r
Fujioka Haruhi & Anne-Sophie de Grantaine,0,/tags/Fujioka%20Haruhi%20*a*%20Anne-Sophie%20de%20Grantaine,r
Fujioka Haruhi/Other(s),0,/tags/Fujioka%20Haruhi*s*Other(s),r
Haninozuka Yasuchika/Original Character(s),0,/tags/Haninozuka%20Yasuchika*s*Original%20Character(s),r
Fujioka Haruhi & Hitachiin Hikaru & Hitachiin Kaoru,6,/tags/Fujioka%20Haruhi%20*a*%20Hitachiin%20Hikaru%20*a*%20Hitachiin%20Kaoru,r
Hitachiin Kaoru & Original Character(s),4,/tags/Hitachiin%20Kaoru%20*a*%20Original%20Character(s),r
Shouji Nanako,3,/tags/Shouji%20Nanako,c
Fujioka Ryouji | Ranka/Ootori Kyouya,3,/tags/Fujioka%20Ryouji%20%7C%20Ranka*s*Ootori%20Kyouya,r
The Ouran High School Host Club/Original Character(s),5,/tags/The%20Ouran%20High%20School%20Host%20Club*s*Original%20Character(s),r
The Ouran High School Host Club & Suoh Tamaki,5,/tags/The%20Ouran%20High%20School%20Host%20Club%20*a*%20Suoh%20Tamaki,r
Ootori Kyouya/Ootori Yoshio,0,/tags/Ootori%20Kyouya*s*Ootori%20Yoshio,r
Ootori Kyouya & Tachibana Seizaburo,0,/tags/Ootori%20Kyouya%20*a*%20Tachibana%20Seizaburo,r
Hotta & Ootori Kyouya,0,/tags/Hotta%20*a*%20Ootori%20Kyouya,r
Aijima & Ootori Kyouya,0,/tags/Aijima%20*a*%20Ootori%20Kyouya,r
The Ouran High School Host Club/The Ouran High School Host Club,2,/tags/The%20Ouran%20High%20School%20Host%20Club*s*The%20Ouran%20High%20School%20Host%20Club,r
Fujioka Haruhi & The Ouran High School Host Club,40,/tags/Fujioka%20Haruhi%20*a*%20The%20Ouran%20High%20School%20Host%20Club,r
Fujioka Haruhi/Undisclosed,1,/tags/Fujioka%20Haruhi*s*Undisclosed,r
Amakusa Benio | Benibara/Maihara Chizuru/Tsuwabuki Hinako,1,/tags/Amakusa%20Benio%20%7C%20Benibara*s*Maihara%20Chizuru*s*Tsuwabuki%20Hinako,r
Ootori Kyouya/Tsukino Usagi,0,/tags/Ootori%20Kyouya*s*Tsukino%20Usagi,r
Ayanokoji Seika/Original Female Character(s),0,/tags/Ayanokoji%20Seika*s*Original%20Female%20Character(s),r
Ootori Akito & Ootori Kyouya,1,/tags/Ootori%20Akito%20*a*%20Ootori%20Kyouya,r
Houshakuji Renge/Nekozawa Umehito,0,/tags/Houshakuji%20Renge*s*Nekozawa%20Umehito,r
Fujioka Ryouji | Ranka/Original Male Character(s),1,/tags/Fujioka%20Ryouji%20%7C%20Ranka*s*Original%20Male%20Character(s),r
Episode: e17 Kyouya no Fuhonina Kyuujitsu | Kyouya’s Reluctant Day Out!,2,/tags/Episode:%20e17%20Kyouya%20no%20Fuhonina%20Kyuujitsu%20%7C%20Kyouya%E2%80%99s%20Reluctant%20Day%20Out!,f
Episode: e08 Taiyou to Umi to Hosuto-bu | The Sun the Sea and the Host Club!,5,/tags/Episode:%20e08%20Taiyou%20to%20Umi%20to%20Hosuto-bu%20%7C%20The%20Sun%20the%20Sea%20and%20the%20Host%20Club!,f
Ootori Kyouya & The Ouran High School Host Club,7,/tags/Ootori%20Kyouya%20*a*%20The%20Ouran%20High%20School%20Host%20Club,r
Fujioka Haruhi/Garou (One-Punch Man),0,/tags/Fujioka%20Haruhi*s*Garou%20(One-Punch%20Man),r
Haninozuka Mitsukuni/Sohma Kyou,0,/tags/Haninozuka%20Mitsukuni*s*Sohma%20Kyou,r
Ootori Kyouya/Suoh Tamaki/Reader,1,/tags/Ootori%20Kyouya*s*Suoh%20Tamaki*s*Reader,r
Fujioka Haruhi/Hitachiin Kaoru/Ootori Kyouya/Suoh Tamaki,0,/tags/Fujioka%20Haruhi*s*Hitachiin%20Kaoru*s*Ootori%20Kyouya*s*Suoh%20Tamaki,r
Haninozuka Mitsukuni/Morinozuka Takashi/Original Female Character(s),0,/tags/Haninozuka%20Mitsukuni*s*Morinozuka%20Takashi*s*Original%20Female%20Character(s),r
Ootori Fuyumi/Original Male Character(s),1,/tags/Ootori%20Fuyumi*s*Original%20Male%20Character(s),r
Fujioka Haruhi/Sohma Kyou,0,/tags/Fujioka%20Haruhi*s*Sohma%20Kyou,r
KyoKao Week,9,/tags/KyoKao%20Week,f
Ootori Kyouya/Sohma Yuki,1,/tags/Ootori%20Kyouya*s*Sohma%20Yuki,r
Haninozuka Mitsukuni & Sohma Momiji,1,/tags/Haninozuka%20Mitsukuni%20*a*%20Sohma%20Momiji,r
Haninozuka Mitsukuni/Hitachiin Kaoru,5,/tags/Haninozuka%20Mitsukuni*s*Hitachiin%20Kaoru,r
Haninozuka Mitsukuni/Hitachiin Kaoru/Ootori Kyouya,2,/tags/Haninozuka%20Mitsukuni*s*Hitachiin%20Kaoru*s*Ootori%20Kyouya,r
Hitachiin Kaoru/Everyone,1,/tags/Hitachiin%20Kaoru*s*Everyone,r
Tamakyo Week 2019,0,/tags/Tamakyo%20Week%202019,f
Arai (Ouran High School Host Club)/Reader,2,/tags/Arai%20(Ouran%20High%20School%20Host%20Club)*s*Reader,r
Ootori Fuyumi/Shido Masayoshi,1,/tags/Ootori%20Fuyumi*s*Shido%20Masayoshi,r
Akechi Goro/Ootori Kyouya,0,/tags/Akechi%20Goro*s*Ootori%20Kyouya,r
Ootori Yuuichi/Original Female Character(s),1,/tags/Ootori%20Yuuichi*s*Original%20Female%20Character(s),r
Hitachiin Kaoru/Souga Kazukiyo,2,/tags/Hitachiin%20Kaoru*s*Souga%20Kazukiyo,r
Ootori Kyouya & Original Female Character(s),3,/tags/Ootori%20Kyouya%20*a*%20Original%20Female%20Character(s),r
Fujioka Haruhi/Hitachiin Hikaru/Hitachiin Kaoru/Original Female Character(s),0,/tags/Fujioka%20Haruhi*s*Hitachiin%20Hikaru*s*Hitachiin%20Kaoru*s*Original%20Female%20Character(s),r
Ayano Aishi | Yandere-Chan/Kyoya Ootori,2,/tags/Ayano%20Aishi%20%7C%20Yandere-Chan*s*Kyoya%20Ootori,r
Arai/Hitachiin Kaoru,0,/tags/Arai*s*Hitachiin%20Kaoru,r
Garyuu Kyouya | Klavier Gavin/Suoh Tamaki,0,/tags/Garyuu%20Kyouya%20%7C%20Klavier%20Gavin*s*Suoh%20Tamaki,r
Ishigami Senkuu/Ootori Kyouya,0,/tags/Ishigami%20Senkuu*s*Ootori%20Kyouya,r
Haninozuka Mitsukuni/Original Male Character(s),4,/tags/Haninozuka%20Mitsukuni*s*Original%20Male%20Character(s),r
Nekozawa Kirimi & Nekozawa Umehito,3,/tags/Nekozawa%20Kirimi%20*a*%20Nekozawa%20Umehito,r
Mentioned Suoh Tamaki,2,/tags/Mentioned%20Suoh%20Tamaki,f
Takashi Morinozuka/Oka Ruto,0,/tags/Takashi%20Morinozuka*s*Oka%20Ruto,r
Haninozuka Yorihisa & Shiota Nagisa,1,/tags/Haninozuka%20Yorihisa%20*a*%20Shiota%20Nagisa,r
Morinozuka Satoshi & Shiota Nagisa,1,/tags/Morinozuka%20Satoshi%20*a*%20Shiota%20Nagisa,r
Haninozuka Yasuchika & Shiota Nagisa,1,/tags/Haninozuka%20Yasuchika%20*a*%20Shiota%20Nagisa,r
Haninozuka Mitsukuni/Shiota Nagisa,4,/tags/Haninozuka%20Mitsukuni*s*Shiota%20Nagisa,r
Hitachiin Kaoru/Kanazuki Reiko,3,/tags/Hitachiin%20Kaoru*s*Kanazuki%20Reiko,r
The Ouran High School Host Club/Shiota Nagisa,0,/tags/The%20Ouran%20High%20School%20Host%20Club*s*Shiota%20Nagisa,r
Haninozuka Mitsukuni/Nekozawa Umehito,3,/tags/Haninozuka%20Mitsukuni*s*Nekozawa%20Umehito,r
Kamishiro Hana/Takaoji Shirou,0,/tags/Kamishiro%20Hana*s*Takaoji%20Shirou,r
French Suoh Tamaki,3,/tags/French%20Suoh%20Tamaki,f
Suoh Tamaki Needs a Hug,7,/tags/Suoh%20Tamaki%20Needs%20a%20Hug,f
Hitachiin Hikaru/Uzumaki Naruto,0,/tags/Hitachiin%20Hikaru*s*Uzumaki%20Naruto,r
Fujioka Haruhi & Allen Walker,0,/tags/Fujioka%20Haruhi%20*a*%20Allen%20Walker,r
Fujioka Haruhi & Nekozawa Umehito,1,/tags/Fujioka%20Haruhi%20*a*%20Nekozawa%20Umehito,r
Hyuuga Hinata/Ootori Kyouya,0,/tags/Hyuuga%20Hinata*s*Ootori%20Kyouya,r
Haninozuka Mitsukuni/Morinozuka Takashi/Nekozawa Umehito,1,/tags/Haninozuka%20Mitsukuni*s*Morinozuka%20Takashi*s*Nekozawa%20Umehito,r
Kaidou Shima/Kanazuki Reiko,5,/tags/Kaidou%20Shima*s*Kanazuki%20Reiko,r
Bottom Ootori Kyouya,3,/tags/Bottom%20Ootori%20Kyouya,f
Bisexual Suoh Tamaki,33,/tags/Bisexual%20Suoh%20Tamaki,f
Kasanoda Ritsu/Luna Lovegood,0,/tags/Kasanoda%20Ritsu*s*Luna%20Lovegood,r
Suoh Tamaki & Original Female Character(s),2,/tags/Suoh%20Tamaki%20*a*%20Original%20Female%20Character(s),r
Fujioka Haruhi & Fujioka Kotoko,2,/tags/Fujioka%20Haruhi%20*a*%20Fujioka%20Kotoko,r
Hitachiin Hikaru & Hitachiin Kaoru & Reader,3,/tags/Hitachiin%20Hikaru%20*a*%20Hitachiin%20Kaoru%20*a*%20Reader,r
Hitachiin Kaoru & Original Female Character(s),0,/tags/Hitachiin%20Kaoru%20*a*%20Original%20Female%20Character(s),r
Kermit the Frog/Usa-chan (Ouran High School Host Club),0,/tags/Kermit%20the%20Frog*s*Usa-chan%20(Ouran%20High%20School%20Host%20Club),r
Haninozuka Mitsukuni/Kermit the Frog,0,/tags/Haninozuka%20Mitsukuni*s*Kermit%20the%20Frog,r
"Haninozuka Mitsukuni/Philip ""Dr. Phil"" McGraw",0,/tags/Haninozuka%20Mitsukuni*s*Philip%20%22Dr*d*%20Phil%22%20McGraw,r
Haninozuka Mitsukuni/Usa-chan,0,/tags/Haninozuka%20Mitsukuni*s*Usa-chan,r
Fujioka Haruhi & Jabami Yumeko,2,/tags/Fujioka%20Haruhi%20*a*%20Jabami%20Yumeko,r
Child Ootori Kyouya,0,/tags/Child%20Ootori%20Kyouya,f
Haninozuka Mitsukuni & Original Character(s),7,/tags/Haninozuka%20Mitsukuni%20*a*%20Original%20Character(s),r
Bisexual Hitachiin Kaoru,4,/tags/Bisexual%20Hitachiin%20Kaoru,f
Haninozuka Mitsukuni/Morinozuka Takashi/Nekozawa Umehito/Original Character(s),0,/tags/Haninozuka%20Mitsukuni*s*Morinozuka%20Takashi*s*Nekozawa%20Umehito*s*Original%20Character(s),r
Maihara Chizuru/Ootori Kyouya,0,/tags/Maihara%20Chizuru*s*Ootori%20Kyouya,r
Alpha Suoh Tamaki,1,/tags/Alpha%20Suoh%20Tamaki,f
Alpha Hitachiin Hikaru,1,/tags/Alpha%20Hitachiin%20Hikaru,f
Alpha Hitachiin Kaoru,1,/tags/Alpha%20Hitachiin%20Kaoru,f
Fujioka Haruhi/Jabami Yumeko,0,/tags/Fujioka%20Haruhi*s*Jabami%20Yumeko,r
Yandere Suoh Tamaki,3,/tags/Yandere%20Suoh%20Tamaki,f
Fujioka Haruhi/Hitachiin Hikaru/Hitachiin Kaoru/Suoh Tamaki,0,/tags/Fujioka%20Haruhi*s*Hitachiin%20Hikaru*s*Hitachiin%20Kaoru*s*Suoh%20Tamaki,r
Haninozuka Mitsukuni/Houshakuji Renge,0,/tags/Haninozuka%20Mitsukuni*s*Houshakuji%20Renge,r
Everyone Loves Fujioka Haruhi,13,/tags/Everyone%20Loves%20Fujioka%20Haruhi,f
Gay Ootori Kyouya,46,/tags/Gay%20Ootori%20Kyouya,f
Ouran High School Host Club Shenanigans,91,/tags/Ouran%20High%20School%20Host%20Club%20Shenanigans,f
Trans Fujioka Haruhi,4,/tags/Trans%20Fujioka%20Haruhi,f
Katarina Claes/Haninozuka Mitsukuni,0,/tags/Katarina%20Claes*s*Haninozuka%20Mitsukuni,r
Marinette Dupain-Cheng | Ladybug/Nekozawa Umehito,0,/tags/Marinette%20Dupain-Cheng%20%7C%20Ladybug*s*Nekozawa%20Umehito,r
Hitachiin Hikaru/Morinozuka Takashi/Suoh Tamaki,0,/tags/Hitachiin%20Hikaru*s*Morinozuka%20Takashi*s*Suoh%20Tamaki,r
The Ouran High School Host Club & Original Female Character(s),8,/tags/The%20Ouran%20High%20School%20Host%20Club%20*a*%20Original%20Female%20Character(s),r
Nekozawa Kirimi & Original Female Character(s),0,/tags/Nekozawa%20Kirimi%20*a*%20Original%20Female%20Character(s),r
Marinette Dupain-Cheng | Ladybug/Morinozuka Takashi,0,/tags/Marinette%20Dupain-Cheng%20%7C%20Ladybug*s*Morinozuka%20Takashi,r
Suoh Tamaki/You,1,/tags/Suoh%20Tamaki*s*You,r
Kasanoda Ritsu/Other(s),0,/tags/Kasanoda%20Ritsu*s*Other(s),r
Morinozuka Satoshi & Morinozuka Takashi,1,/tags/Morinozuka%20Satoshi%20*a*%20Morinozuka%20Takashi,r
The Ouran High School Host Club & Shiota Nagisa,0,/tags/The%20Ouran%20High%20School%20Host%20Club%20*a*%20Shiota%20Nagisa,r
Haninozuka Yasuchika & Morinozuka Satoshi,0,/tags/Haninozuka%20Yasuchika%20*a*%20Morinozuka%20Satoshi,r
Hitachiin Hikaru/Edo Phoenix | Aster Phoenix,0,/tags/Hitachiin%20Hikaru*s*Edo%20Phoenix%20%7C%20Aster%20Phoenix,r
Ootori Kyouya/Edo Phoenix | Aster Phoenix,0,/tags/Ootori%20Kyouya*s*Edo%20Phoenix%20%7C%20Aster%20Phoenix,r
Hitachiin Kaoru/Edo Phoenix | Aster Phoenix,0,/tags/Hitachiin%20Kaoru*s*Edo%20Phoenix%20%7C%20Aster%20Phoenix,r
Hitachiin Kaoru/Ruby Rose (RWBY),0,/tags/Hitachiin%20Kaoru*s*Ruby%20Rose%20(RWBY),r
Draco Malfoy/Suoh Tamaki,0,/tags/Draco%20Malfoy*s*Suoh%20Tamaki,r
Hitachiin Kaoru/Fred Weasley,0,/tags/Hitachiin%20Kaoru*s*Fred%20Weasley,r
Hitachiin Hikaru/George Weasley,0,/tags/Hitachiin%20Hikaru*s*George%20Weasley,r
Kasanoda Ritsu/Ginny Weasley,0,/tags/Kasanoda%20Ritsu*s*Ginny%20Weasley,r
Haninozuka Mitsukuni/Luna Lovegood,0,/tags/Haninozuka%20Mitsukuni*s*Luna%20Lovegood,r
Haninozuka Mitsukuni & Haninozuka Yasuchika,0,/tags/Haninozuka%20Mitsukuni%20*a*%20Haninozuka%20Yasuchika,r
Episode: e21 Itsuka Kabocha Ni Naru Hi Made | Until the Day It Becomes a Pumpkin!,0,/tags/Episode:%20e21%20Itsuka%20Kabocha%20Ni%20Naru%20Hi%20Made%20%7C%20Until%20the%20Day%20It%20Becomes%20a%20Pumpkin!,f
The Ouran High School Host Club & Reader,5,/tags/The%20Ouran%20High%20School%20Host%20Club%20*a*%20Reader,r
Fujioka Haruhi/Kiryuu Nanami,0,/tags/Fujioka%20Haruhi*s*Kiryuu%20Nanami,r
Kiryuu Nanami/Ootori Kyouya,0,/tags/Kiryuu%20Nanami*s*Ootori%20Kyouya,r
Jensen Ackles/Suoh Tamaki,0,/tags/Jensen%20Ackles*s*Suoh%20Tamaki,r
The Ouran High School Host Club & Tokise High School Koto Club,1,/tags/The%20Ouran%20High%20School%20Host%20Club%20*a*%20Tokise%20High%20School%20Koto%20Club,r
Gay Suoh Tamaki,7,/tags/Gay%20Suoh%20Tamaki,f
Houshakuji Renge & Suoh Tamaki,1,/tags/Houshakuji%20Renge%20*a*%20Suoh%20Tamaki,r
Houshakuji Renge & Ootori Kyouya,1,/tags/Houshakuji%20Renge%20*a*%20Ootori%20Kyouya,r
Kaiba Seto/Ootori Kyouya,0,/tags/Kaiba%20Seto*s*Ootori%20Kyouya,r
The Ouran High School Host Club & Original Character(s),1,/tags/The%20Ouran%20High%20School%20Host%20Club%20*a*%20Original%20Character(s),r
Hitachiin Kaoru & Ootori Akito,1,/tags/Hitachiin%20Kaoru%20*a*%20Ootori%20Akito,r
Hitachiin Kaoru & Ootori Yuuichi,1,/tags/Hitachiin%20Kaoru%20*a*%20Ootori%20Yuuichi,r
They/Them Pronouns For Fujioka Haruhi,26,/tags/They*s*Them%20Pronouns%20For%20Fujioka%20Haruhi,f
Jounouchi Ayame/Suoh Tamaki,1,/tags/Jounouchi%20Ayame*s*Suoh%20Tamaki,r
Bakura Ryou/Haninozuka Mitsukuni,0,/tags/Bakura%20Ryou*s*Haninozuka%20Mitsukuni,r
Haninozuka Mitsukuni/L (Death Note),0,/tags/Haninozuka%20Mitsukuni*s*L%20(Death%20Note),r
Ootori Akito & Ootori Fuyumi & Ootori Kyouya & Ootori Yuuichi,1,/tags/Ootori%20Akito%20*a*%20Ootori%20Fuyumi%20*a*%20Ootori%20Kyouya%20*a*%20Ootori%20Yuuichi,r
Ootori Akito & Ootori Fuyumi & Ootori Yuuichi,1,/tags/Ootori%20Akito%20*a*%20Ootori%20Fuyumi%20*a*%20Ootori%20Yuuichi,r
Kuze Takeshi & Ootori Kyouya,1,/tags/Kuze%20Takeshi%20*a*%20Ootori%20Kyouya,r
Haninozuka Mitsukuni/Tsukino Chibiusa,0,/tags/Haninozuka%20Mitsukuni*s*Tsukino%20Chibiusa,r
Hitachiin Hikaru/Mizuno Ami,0,/tags/Hitachiin%20Hikaru*s*Mizuno%20Ami,r
Morinozuka Takashi/Tomoe Hotaru,0,/tags/Morinozuka%20Takashi*s*Tomoe%20Hotaru,r
Aino Minako/Suoh Tamaki,0,/tags/Aino%20Minako*s*Suoh%20Tamaki,r
Ootori Kyouya/Suoh Tamaki/Original Female Character(s),0,/tags/Ootori%20Kyouya*s*Suoh%20Tamaki*s*Original%20Female%20Character(s),r
Hitachiin Kaoru/Kino Makoto,0,/tags/Hitachiin%20Kaoru*s*Kino%20Makoto,r
Fujioka Haruhi & Maezono Shima,1,/tags/Fujioka%20Haruhi%20*a*%20Maezono%20Shima,r
Higurashi Kagome & The Ouran High School Host Club,0,/tags/Higurashi%20Kagome%20*a*%20The%20Ouran%20High%20School%20Host%20Club,r
Top Ootori Kyouya,2,/tags/Top%20Ootori%20Kyouya,f
"Episode: e18 Chika-kun no Hanii Datou Sengen | Chika's ""Down with Honey"" Declaration!",0,/tags/Episode:%20e18%20Chika-kun%20no%20Hanii%20Datou%20Sengen%20%7C%20Chika's%20%22Down%20with%20Honey%22%20Declaration!,f
"Post-Episode: e18 Chika-kun no Hanii Datou Sengen | Chika's ""Down with Honey"" Declaration!",0,/tags/Post-Episode:%20e18%20Chika-kun%20no%20Hanii%20Datou%20Sengen%20%7C%20Chika's%20%22Down%20with%20Honey%22%20Declaration!,f
Oblivious Suoh Tamaki,1,/tags/Oblivious%20Suoh%20Tamaki,f
Age Play Caregiver Suoh Tamaki,0,/tags/Age%20Play%20Caregiver%20Suoh%20Tamaki,f
Episode: e13 Fushigi no Kuni no Haruhi | Haruhi in Wonderland!,0,/tags/Episode:%20e13%20Fushigi%20no%20Kuni%20no%20Haruhi%20%7C%20Haruhi%20in%20Wonderland!,f
Daddy Suoh Tamaki,0,/tags/Daddy%20Suoh%20Tamaki,f
Suoh Tamaki Being an Idiot,15,/tags/Suoh%20Tamaki%20Being%20an%20Idiot,f
Parental Suoh Tamaki,0,/tags/Parental%20Suoh%20Tamaki,f
Dramatic Suoh Tamaki,0,/tags/Dramatic%20Suoh%20Tamaki,f
Confused Suoh Tamaki,4,/tags/Confused%20Suoh%20Tamaki,f
Protective Suoh Tamaki,6,/tags/Protective%20Suoh%20Tamaki,f
Minor Ootori Kyouya/Suoh Tamaki,3,/tags/Minor%20Ootori%20Kyouya*s*Suoh%20Tamaki,f
Suoh Tamaki Loves Fujioka Haruhi,9,/tags/Suoh%20Tamaki%20Loves%20Fujioka%20Haruhi,f
Prince Suoh Tamaki,1,/tags/Prince%20Suoh%20Tamaki,f
Suoh Tamaki Being Suoh Tamaki,22,/tags/Suoh%20Tamaki%20Being%20Suoh%20Tamaki,f
Hurt Suoh Tamaki,2,/tags/Hurt%20Suoh%20Tamaki,f
Ootori Kyouya/Technoblade (Video Blogging RPF),0,/tags/Ootori%20Kyouya*s*Technoblade%20(Video%20Blogging%20RPF),r
Hitachiin Hikaru & Morinozuka Takashi & Original Character(s),0,/tags/Hitachiin%20Hikaru%20*a*%20Morinozuka%20Takashi%20*a*%20Original%20Character(s),r
Hitachiin Kaoru/Sugawara Koushi,1,/tags/Hitachiin%20Kaoru*s*Sugawara%20Koushi,r
Hitachiin Hikaru & Hitachiin Kaoru & Sugawara Koushi,1,/tags/Hitachiin%20Hikaru%20*a*%20Hitachiin%20Kaoru%20*a*%20Sugawara%20Koushi,r
Jean Kirstein/Suoh Tamaki,0,/tags/Jean%20Kirstein*s*Suoh%20Tamaki,r
Fujioka Haruhi/Takano Kyohei,0,/tags/Fujioka%20Haruhi*s*Takano%20Kyohei,r
Marc Anciel & The Ouran High School Host Club,1,/tags/Marc%20Anciel%20*a*%20The%20Ouran%20High%20School%20Host%20Club,r
Chloé Bourgeois & Ootori Kyouya,1,/tags/Chlo%C3%A9%20Bourgeois%20*a*%20Ootori%20Kyouya,r
Hitachiin Kaoru & Everyone,1,/tags/Hitachiin%20Kaoru%20*a*%20Everyone,r
Hitachiin Hikaru & Everyone,1,/tags/Hitachiin%20Hikaru%20*a*%20Everyone,r
Hiruma Youichi/Ootori Kyouya,2,/tags/Hiruma%20Youichi*s*Ootori%20Kyouya,r
Out of Character Fujioka Haruhi,2,/tags/Out%20of%20Character%20Fujioka%20Haruhi,f
Hitachiin Kaoru/Ootori Kyouya/Original Female Character(s),0,/tags/Hitachiin%20Kaoru*s*Ootori%20Kyouya*s*Original%20Female%20Character(s),r
Nekozawa Kirimi & Reader,1,/tags/Nekozawa%20Kirimi%20*a*%20Reader,r
Post-Episode: e08 Taiyou to Umi to Hosuto-bu | The Sun the Sea and the Host Club!,0,/tags/Post-Episode:%20e08%20Taiyou%20to%20Umi%20to%20Hosuto-bu%20%7C%20The%20Sun%20the%20Sea%20and%20the%20Host%20Club!,f
Post-Episode: e26 Kore ga Oretachi no Ouran-sai | This is Our Ouran Fair!,2,/tags/Post-Episode:%20e26%20Kore%20ga%20Oretachi%20no%20Ouran-sai%20%7C%20This%20is%20Our%20Ouran%20Fair!,f
Edward Elric & The Ouran High School Host Club,2,/tags/Edward%20Elric%20*a*%20The%20Ouran%20High%20School%20Host%20Club,r
Fujioka Haruhi & Original Male Character(s),1,/tags/Fujioka%20Haruhi%20*a*%20Original%20Male%20Character(s),r
Kasanoda Ritsu/Nekozawa Umehito,2,/tags/Kasanoda%20Ritsu*s*Nekozawa%20Umehito,r
Fujioka Haruhi/Kaminari Denki/Nijiue Iroha,0,/tags/Fujioka%20Haruhi*s*Kaminari%20Denki*s*Nijiue%20Iroha,r
Houshakuji Reynard,1,/tags/Houshakuji%20Reynard,c
Amakusa Benio | Benibara/Fujioka Haruhi/Maihara Chizuru/Tsuwabuki Hinako,0,/tags/Amakusa%20Benio%20%7C%20Benibara*s*Fujioka%20Haruhi*s*Maihara%20Chizuru*s*Tsuwabuki%20Hinako,r
The Ouran High School Host Club & Harry Potter,3,/tags/The%20Ouran%20High%20School%20Host%20Club%20*a*%20Harry%20Potter,r
Ootori Yuuichi/Original Male Character(s),1,/tags/Ootori%20Yuuichi*s*Original%20Male%20Character(s),r
Ootori Akito/Original Male Character(s),2,/tags/Ootori%20Akito*s*Original%20Male%20Character(s),r
Morinozuka Takashi/Nekozawa Umehito,1,/tags/Morinozuka%20Takashi*s*Nekozawa%20Umehito,r
Haninozuka Mitsukuni/Kasanoda Ritsu,1,/tags/Haninozuka%20Mitsukuni*s*Kasanoda%20Ritsu,r
Otabek Altin/Ootori Kyouya/Yuri Plisetsky,0,/tags/Otabek%20Altin*s*Ootori%20Kyouya*s*Yuri%20Plisetsky,r
Ootori Kyouya & Togami Byakuya,1,/tags/Ootori%20Kyouya%20*a*%20Togami%20Byakuya,r
Amajiki Tamaki/Suoh Tamaki,0,/tags/Amajiki%20Tamaki*s*Suoh%20Tamaki,r
Komatsuzawa Akira/Reader,0,/tags/Komatsuzawa%20Akira*s*Reader,r
Souga Kazukiyo/Reader,0,/tags/Souga%20Kazukiyo*s*Reader,r
Sendou Tetsuya/Reader,0,/tags/Sendou%20Tetsuya*s*Reader,r
Suzushima Toru/Reader,0,/tags/Suzushima%20Toru*s*Reader,r
Matsuyama Kanan,2,/tags/Matsuyama%20Kanan,c
Kuze Takeshi/Matsuyama Kanan,1,/tags/Kuze%20Takeshi*s*Matsuyama%20Kanan,r
Barry Benson (Bee Movie)/Suoh Tamaki,0,/tags/Barry%20Benson%20(Bee%20Movie)*s*Suoh%20Tamaki,r
Fujioka Haruhi & Ciel Phantomhive,0,/tags/Fujioka%20Haruhi%20*a*%20Ciel%20Phantomhive,r
The Ouran High School Host Club & Saiki Kusuo,0,/tags/The%20Ouran%20High%20School%20Host%20Club%20*a*%20Saiki%20Kusuo,r
Fujioka Haruhi/Felix Graham de Vanily,1,/tags/Fujioka%20Haruhi*s*Felix%20Graham%20de%20Vanily,r
Ootori Kyouya/The Ouran High School Host Club,0,/tags/Ootori%20Kyouya*s*The%20Ouran%20High%20School%20Host%20Club,r
Nonbinary Fujioka Haruhi,2,/tags/Nonbinary%20Fujioka%20Haruhi,f
Houshakuji Renge/Kanazuki Reiko,1,/tags/Houshakuji%20Renge*s*Kanazuki%20Reiko,r
Avery Grambs/Suoh Tamaki,0,/tags/Avery%20Grambs*s*Suoh%20Tamaki,r
Ootori Kyouya/You,1,/tags/Ootori%20Kyouya*s*You,r
Nekozawa Umehito/Original Female Character(s),1,/tags/Nekozawa%20Umehito*s*Original%20Female%20Character(s),r
Hitachiin Kaoru & Takemitchy | Hanagaki Takemichi,0,/tags/Hitachiin%20Kaoru%20*a*%20Takemitchy%20%7C%20Hanagaki%20Takemichi,r
Hitachiin Hikaru & Takemitchy | Hanagaki Takemichi,0,/tags/Hitachiin%20Hikaru%20*a*%20Takemitchy%20%7C%20Hanagaki%20Takemichi,r
The Ouran High School Host Club & Takemitchy | Hanagaki Takemichi,0,/tags/The%20Ouran%20High%20School%20Host%20Club%20*a*%20Takemitchy%20%7C%20Hanagaki%20Takemichi,r
Kino Makoto/Morinozuka Takashi,1,/tags/Kino%20Makoto*s*Morinozuka%20Takashi,r
The Ouran High School Host Club & Tenjou Utena,0,/tags/The%20Ouran%20High%20School%20Host%20Club%20*a*%20Tenjou%20Utena,r
Morinozuka Takashi/Other(s),0,/tags/Morinozuka%20Takashi*s*Other(s),r
Suoh Tamaki/Xiao | Alatus (Genshin Impact),0,/tags/Suoh%20Tamaki*s*Xiao%20%7C%20Alatus%20(Genshin%20Impact),r
Aphrodite (Percy Jackson)/Suoh Tamaki,0,/tags/Aphrodite%20(Percy%20Jackson)*s*Suoh%20Tamaki,r
Fujioka Haruhi/Harry Potter,1,/tags/Fujioka%20Haruhi*s*Harry%20Potter,r
Hitachiin Hikaru/Harry Potter,1,/tags/Hitachiin%20Hikaru*s*Harry%20Potter,r
Hitachiin Kaoru/Harry Potter,1,/tags/Hitachiin%20Kaoru*s*Harry%20Potter,r
Hitachiin Hikaru/Hitachiin Kaoru/Harry Potter,2,/tags/Hitachiin%20Hikaru*s*Hitachiin%20Kaoru*s*Harry%20Potter,r
Fergus Fraser/Suoh Tamaki,0,/tags/Fergus%20Fraser*s*Suoh%20Tamaki,r
"Haninozuka Mitsukuni/Jonathan ""Black Jack"" Randall",0,/tags/Haninozuka%20Mitsukuni*s*Jonathan%20%22Black%20Jack%22%20Randall,r
Fujioka Haruhi & Honda Tohru,1,/tags/Fujioka%20Haruhi%20*a*%20Honda%20Tohru,r
Honda Tohru & The Ouran High School Host Club,1,/tags/Honda%20Tohru%20*a*%20The%20Ouran%20High%20School%20Host%20Club,r
Hitachiin Hikaru & Hitachiin Kaoru & Nekozawa Umehito,0,/tags/Hitachiin%20Hikaru%20*a*%20Hitachiin%20Kaoru%20*a*%20Nekozawa%20Umehito,r
William Afton | Dave Miller/Ootori Kyouya,0,/tags/William%20Afton%20%7C%20Dave%20Miller*s*Ootori%20Kyouya,r
Fujioka Haruhi & Original Female Character(s),3,/tags/Fujioka%20Haruhi%20*a*%20Original%20Female%20Character(s),r
Haninozuka Mitsukuni & Original Female Character(s),1,/tags/Haninozuka%20Mitsukuni%20*a*%20Original%20Female%20Character(s),r
Morinozuka Takashi & Original Female Character(s),1,/tags/Morinozuka%20Takashi%20*a*%20Original%20Female%20Character(s),r
Fujioka Haruhi & Dipper Pines,1,/tags/Fujioka%20Haruhi%20*a*%20Dipper%20Pines,r
Ootori Kyouya/Original Character(s)/Reader,0,/tags/Ootori%20Kyouya*s*Original%20Character(s)*s*Reader,r
Ootori Kyouya/Undisclosed,0,/tags/Ootori%20Kyouya*s*Undisclosed,r
Fujioka Haruhi/Kurakano Momoka/Sakurazuka Kimiko,1,/tags/Fujioka%20Haruhi*s*Kurakano%20Momoka*s*Sakurazuka%20Kimiko,r
Kasanoda Ritsu/Morinozuka Takashi/Sendou Tetsuya,0,/tags/Kasanoda%20Ritsu*s*Morinozuka%20Takashi*s*Sendou%20Tetsuya,r
Chloé Bourgeois/Hitachiin Hikaru/Nekozawa Umehito,1,/tags/Chlo%C3%A9%20Bourgeois*s*Hitachiin%20Hikaru*s*Nekozawa%20Umehito,r
Fujioka Ryouji | Ranka & Original Female Character(s),1,/tags/Fujioka%20Ryouji%20%7C%20Ranka%20*a*%20Original%20Female%20Character(s),r
Hitachiin Kaoru/Other(s),0,/tags/Hitachiin%20Kaoru*s*Other(s),r
Dazai Osamu (Bungou Stray Dogs) & Fujioka Haruhi,1,/tags/Dazai%20Osamu%20(Bungou%20Stray%20Dogs)%20*a*%20Fujioka%20Haruhi,r
Ganondorf (Legend of Zelda)/Haninozuka Mitsukuni,0,/tags/Ganondorf%20(Legend%20of%20Zelda)*s*Haninozuka%20Mitsukuni,r
Agatsuma Zenitsu & The Ouran High School Host Club,0,/tags/Agatsuma%20Zenitsu%20*a*%20The%20Ouran%20High%20School%20Host%20Club,r
Félix Fathom & Ootori Kyouya,0,/tags/F%C3%A9lix%20Fathom%20*a*%20Ootori%20Kyouya,r
Fujioka Haruhi/Morinozuka Takashi/Suoh Tamaki,1,/tags/Fujioka%20Haruhi*s*Morinozuka%20Takashi*s*Suoh%20Tamaki,r
Hitachiin Hayato,1,/tags/Hitachiin%20Hayato,c
Fujioka Haruhi/Izumi Shinichi,1,/tags/Fujioka%20Haruhi*s*Izumi%20Shinichi,r
Hitachiin Hikaru/Sohma Hatsuharu,1,/tags/Hitachiin%20Hikaru*s*Sohma%20Hatsuharu,r
Ouran High School Host Club Chapter | Episode 09,0,/tags/Ouran%20High%20School%20Host%20Club%20Chapter%20%7C%20Episode%2009,f
The Ouran High School Host Club & Tsuruga Ren,0,/tags/The%20Ouran%20High%20School%20Host%20Club%20*a*%20Tsuruga%20Ren,r
