tag,count,href,category
Catherine Halsey,164,/tags/Catherine%20Halsey,c
Avery Johnson,100,/tags/Avery%20Johnson,c
Jacob Keyes,41,/tags/Jacob%20Keyes,c
Miranda Keyes,65,/tags/Miranda%20Keyes,c
Rani Sobeck,1,/tags/Rani%20Sobeck,c
Cortana (Halo),399,/tags/Cortana%20(Halo),c
Gravemind (Halo),40,/tags/Gravemind%20(Halo),c
James Ackerson,10,/tags/James%20Ackerson,c
John Forge,9,/tags/John%20Forge,c
Ellen Anders,15,/tags/Ellen%20Anders,c
Thomas Lasky,190,/tags/Thomas%20Lasky,c
Rtas 'Vadum,57,/tags/Rtas%20'Vadum,c
NOBLE Team,72,/tags/NOBLE%20Team,c
Bonita Morelli/Jason Morelli,1,/tags/Bonita%20Morelli*s*Jason%20Morelli,r
Bonita Morelli,1,/tags/Bonita%20Morelli,c
Jason Morelli,1,/tags/Jason%20Morelli,c
Yasmine Zaman,1,/tags/Yasmine%20Zaman,c
Thin Kinkle,1,/tags/Thin%20Kinkle,c
Janissary James,4,/tags/Janissary%20James,c
343 Guilty Spark,24,/tags/343%20Guilty%20Spark,c
Sarah Palmer (Halo),134,/tags/Sarah%20Palmer%20(Halo),c
Gabriel Thorne,10,/tags/Gabriel%20Thorne,c
April Orenski,4,/tags/April%20Orenski,c
Vasily Beloi,9,/tags/Vasily%20Beloi,c
Veer (Halo),0,/tags/Veer%20(Halo),c
Serin Osman,38,/tags/Serin%20Osman,c
Edward Buck,71,/tags/Edward%20Buck,c
Urban Holland,5,/tags/Urban%20Holland,c
Alternate Universe - Halo Fusion,32,/tags/Alternate%20Universe%20-%20Halo%20Fusion,f
The Librarian (Halo),40,/tags/The%20Librarian%20(Halo),c
The Flood (Halo),53,/tags/The%20Flood%20(Halo),c
Hastati Squad,2,/tags/Hastati%20Squad,c
Corbulo Academy of Military Science,2,/tags/Corbulo%20Academy%20of%20Military%20Science,f
United Nations Space Command,15,/tags/United%20Nations%20Space%20Command,f
Franklin Mendez,22,/tags/Franklin%20Mendez,c
Terrence Hood,26,/tags/Terrence%20Hood,c
Thomas Lasky/Sarah Palmer,29,/tags/Thomas%20Lasky*s*Sarah%20Palmer,r
Cortana (Halo)/Original Female Character(s),0,/tags/Cortana%20(Halo)*s*Original%20Female%20Character(s),r
Ellen Anders/John Forge,2,/tags/Ellen%20Anders*s*John%20Forge,r
Avery Johnson/Miranda Keyes,0,/tags/Avery%20Johnson*s*Miranda%20Keyes,r
Vasily Beloi/Naomi-010,2,/tags/Vasily%20Beloi*s*Naomi-010,r
Rtas 'Vadum/Original Character(s),3,/tags/Rtas%20'Vadum*s*Original%20Character(s),r
Janissary James/Thin Kinkle,0,/tags/Janissary%20James*s*Thin%20Kinkle,r
Fireteam Majestic,6,/tags/Fireteam%20Majestic,c
Gabriel Thorne/Tali'Zorah nar Rayya,0,/tags/Gabriel%20Thorne*s*Tali'Zorah%20nar%20Rayya,r
Jul 'Mdama,20,/tags/Jul%20'Mdama,c
Roland | RLD 0205-4,62,/tags/Roland%20%7C%20RLD%200205-4,c
Prophet of Regret,18,/tags/Prophet%20of%20Regret,c
James Gregory Cutter,21,/tags/James%20Gregory%20Cutter,c
Prophet of Regret/Original Character(s),0,/tags/Prophet%20of%20Regret*s*Original%20Character(s),r
John Forge/Original Character(s),0,/tags/John%20Forge*s*Original%20Character(s),r
Margaret Parangosky,12,/tags/Margaret%20Parangosky,c
The Covenant (Halo),64,/tags/The%20Covenant%20(Halo),c
James Gregory Cutter/Original Character(s),0,/tags/James%20Gregory%20Cutter*s*Original%20Character(s),r
Ellen Anders/Original Character(s),0,/tags/Ellen%20Anders*s*Original%20Character(s),r
The Forerunners (Halo),25,/tags/The%20Forerunners%20(Halo),c
Brute Chieftain/Original Character(s),0,/tags/Brute%20Chieftain*s*Original%20Character(s),r
Cortana/John-117 | Master Chief,179,/tags/Cortana*s*John-117%20%7C%20Master%20Chief,r
John-117 | Master Chief,932,/tags/John-117%20%7C%20Master%20Chief,c
SPARTANS (Halo),52,/tags/SPARTANS%20(Halo),c
Randall Aiken,1,/tags/Randall%20Aiken,c
Jameson Locke,32,/tags/Jameson%20Locke,c
Talitha Macer,1,/tags/Talitha%20Macer,c
Frederic-104/Miranda Keyes,0,/tags/Frederic-104*s*Miranda%20Keyes,r
Jared Miller/Original Female Character(s),0,/tags/Jared%20Miller*s*Original%20Female%20Character(s),r
Jared Miller,12,/tags/Jared%20Miller,c
Thel 'Vadam | The Arbiter,222,/tags/Thel%20'Vadam%20%7C%20The%20Arbiter,c
Andrew Del Rio,5,/tags/Andrew%20Del%20Rio,c
"Taylor ""Dutch"" Henry Miles",16,/tags/Taylor%20%22Dutch%22%20Henry%20Miles,c
"Kojo ""Romeo"" Agu",13,/tags/Kojo%20%22Romeo%22%20Agu,c
Margaret-053 | Black-One,4,/tags/Margaret-053%20%7C%20Black-One,c
Victor-101 | Black-Four,5,/tags/Victor-101%20%7C%20Black-Four,c
Otto-031 | Black-Three,5,/tags/Otto-031%20%7C%20Black-Three,c
Roma-131 | Black-Two,5,/tags/Roma-131%20%7C%20Black-Two,c
Margaret-053 | Black-One/Otto-031 | Black-Three,2,/tags/Margaret-053%20%7C%20Black-One*s*Otto-031%20%7C%20Black-Three,r
Engineers | Huragok,14,/tags/Engineers%20%7C%20Huragok,c
Paul DeMarco,2,/tags/Paul%20DeMarco,c
Anthony Madsen,2,/tags/Anthony%20Madsen,c
"Malcolm ""Mal"" Geffen",3,/tags/Malcolm%20%22Mal%22%20Geffen,c
John-117 | Master Chief/Thel 'Vadam | The Arbiter,60,/tags/John-117%20%7C%20Master%20Chief*s*Thel%20'Vadam%20%7C%20The%20Arbiter,r
Usze 'Taham,15,/tags/Usze%20'Taham,c
John-117 | Master Chief/Original Character(s),24,/tags/John-117%20%7C%20Master%20Chief*s*Original%20Character(s),r
Angel (Borderlands)/Roland | RLD 0205-4,0,/tags/Angel%20(Borderlands)*s*Roland%20%7C%20RLD%200205-4,r
Edward Davis,1,/tags/Edward%20Davis,c
Vladimir Scruggs,1,/tags/Vladimir%20Scruggs,c
Ilsa Zane,2,/tags/Ilsa%20Zane,c
Veronica Dare,32,/tags/Veronica%20Dare,c
Tedra Grant,3,/tags/Tedra%20Grant,c
Olympia Vale,37,/tags/Olympia%20Vale,c
Holly Tanaka,20,/tags/Holly%20Tanaka,c
The Warden Eternal,15,/tags/The%20Warden%20Eternal,c
Serina (Halo),8,/tags/Serina%20(Halo),c
Ellen Anders/Serina,0,/tags/Ellen%20Anders*s*Serina,r
Miranda Keyes/Original Character(s),0,/tags/Miranda%20Keyes*s*Original%20Character(s),r
Carlo Hoya,1,/tags/Carlo%20Hoya,c
John-117 | Master Chief/Thomas Lasky,34,/tags/John-117%20%7C%20Master%20Chief*s*Thomas%20Lasky,r
John-117 | Master Chief/Linda-058,13,/tags/John-117%20%7C%20Master%20Chief*s*Linda-058,r
John-117 | Master Chief/Kelly-087,91,/tags/John-117%20%7C%20Master%20Chief*s*Kelly-087,r
Frederic-104/John-117 | Master Chief/Kelly-087/Linda-058,1,/tags/Frederic-104*s*John-117%20%7C%20Master%20Chief*s*Kelly-087*s*Linda-058,r
Edward Buck/Kelly-087,0,/tags/Edward%20Buck*s*Kelly-087,r
John-117 | Master Chief/Miranda Lawson,0,/tags/John-117%20%7C%20Master%20Chief*s*Miranda%20Lawson,r
Thomas Lasky/Lilith (Borderlands),0,/tags/Thomas%20Lasky*s*Lilith%20(Borderlands),r
Samus Aran/John-117 | Master Chief,0,/tags/Samus%20Aran*s*John-117%20%7C%20Master%20Chief,r
Agent Carolina (Red vs. Blue) & John-117 | Master Chief,0,/tags/Agent%20Carolina%20(Red%20vs*d*%20Blue)%20*a*%20John-117%20%7C%20Master%20Chief,r
Frederic-104/Veta Lopis,69,/tags/Frederic-104*s*Veta%20Lopis,r
Veta Lopis,83,/tags/Veta%20Lopis,c
Adam Jensen/Veta Lopis,0,/tags/Adam%20Jensen*s*Veta%20Lopis,r
N'tho 'Sraom,8,/tags/N'tho%20'Sraom,c
Edward Buck/Veronica Dare,20,/tags/Edward%20Buck*s*Veronica%20Dare,r
Gretchen Ketola,4,/tags/Gretchen%20Ketola,c
Edward Buck/Sarah Palmer,1,/tags/Edward%20Buck*s*Sarah%20Palmer,r
SPARTAN-II,79,/tags/SPARTAN-II,f
SPARTAN-III,133,/tags/SPARTAN-III,f
John-117 | Master Chief/Sarah Palmer,4,/tags/John-117%20%7C%20Master%20Chief*s*Sarah%20Palmer,r
Frederic-104/John-117 | Master Chief/Veta Lopis,0,/tags/Frederic-104*s*John-117%20%7C%20Master%20Chief*s*Veta%20Lopis,r
Bitterness-of-the-Vanquished,0,/tags/Bitterness-of-the-Vanquished,c
Yprin Yprikushma,2,/tags/Yprin%20Yprikushma,c
Faber-of-Will-and-Might,1,/tags/Faber-of-Will-and-Might,c
Maker-of-Moons,0,/tags/Maker-of-Moons,c
Faber-of-Will-and-Might/The Librarian,0,/tags/Faber-of-Will-and-Might*s*The%20Librarian,r
Original Elite | Sangheili Character(s),152,/tags/Original%20Elite%20%7C%20Sangheili%20Character(s),c
Growth-Through-Trial-of-Change,1,/tags/Growth-Through-Trial-of-Change,c
Chant-to-Green,3,/tags/Chant-to-Green,c
Wallace Jenkins,3,/tags/Wallace%20Jenkins,c
Carol Rawley | Foehammer,2,/tags/Carol%20Rawley%20%7C%20Foehammer,c
Antonio Silva,9,/tags/Antonio%20Silva,c
Grunts | Unggoy,14,/tags/Grunts%20%7C%20Unggoy,f
Elites | Sangheili,46,/tags/Elites%20%7C%20Sangheili,f
Jackals | Kig-Yar,12,/tags/Jackals%20%7C%20Kig-Yar,f
Brutes | Jiralhanae,10,/tags/Brutes%20%7C%20Jiralhanae,f
Original Forerunner Character(s),23,/tags/Original%20Forerunner%20Character(s),c
John-117 | Master Chief/Tris Prior,0,/tags/John-117%20%7C%20Master%20Chief*s*Tris%20Prior,r
Jul 'Mdama/Raia 'Mdama,4,/tags/Jul%20'Mdama*s*Raia%20'Mdama,r
Catherine Halsey/Jul 'Mdama,1,/tags/Catherine%20Halsey*s*Jul%20'Mdama,r
Raia 'Mdama,4,/tags/Raia%20'Mdama,c
Ripa 'Moramee,7,/tags/Ripa%20'Moramee,c
Re'gish Wamik,0,/tags/Re'gish%20Wamik,c
Prophet of Truth,20,/tags/Prophet%20of%20Truth,c
Ripa 'Moramee/Re'gish Wamik,0,/tags/Ripa%20'Moramee*s*Re'gish%20Wamik,r
John-117 | Master Chief/Reader,31,/tags/John-117%20%7C%20Master%20Chief*s*Reader,r
John-117 | Master Chief/Kirby (Kirby),0,/tags/John-117%20%7C%20Master%20Chief*s*Kirby%20(Kirby),r
Frederic-104/John-117 | Master Chief,2,/tags/Frederic-104*s*John-117%20%7C%20Master%20Chief,r
Cham 'Lokeema,1,/tags/Cham%20'Lokeema,c
John-117 | Master Chief/Undisclosed,0,/tags/John-117%20%7C%20Master%20Chief*s*Undisclosed,r
Riser (Halo),3,/tags/Riser%20(Halo),c
049 Abject Testament,0,/tags/049%20Abject%20Testament,c
Chakas (Halo),5,/tags/Chakas%20(Halo),c
Cortana (Halo)/Original Character(s),1,/tags/Cortana%20(Halo)*s*Original%20Character(s),r
John-117 | Master Chief & Kelly-087,6,/tags/John-117%20%7C%20Master%20Chief%20*a*%20Kelly-087,r
Jersey Morelli,2,/tags/Jersey%20Morelli,c
Genemender-Folder-of-Fortune,0,/tags/Genemender-Folder-of-Fortune,c
Glory-of-a-Far-Dawn,0,/tags/Glory-of-a-Far-Dawn,c
Walking-in-Light-of-Falling-Stars,0,/tags/Walking-in-Light-of-Falling-Stars,c
Flipyap (Halo),1,/tags/Flipyap%20(Halo),c
Thel 'Vadam | The Arbiter & Rtas 'Vadum,11,/tags/Thel%20'Vadam%20%7C%20The%20Arbiter%20*a*%20Rtas%20'Vadum,r
Thomas Lasky & Thel 'Vadam | The Arbiter,0,/tags/Thomas%20Lasky%20*a*%20Thel%20'Vadam%20%7C%20The%20Arbiter,r
Kelly-087/Thel 'Vadam | The Arbiter,0,/tags/Kelly-087*s*Thel%20'Vadam%20%7C%20The%20Arbiter,r
Cortana/Jameson Locke,0,/tags/Cortana*s*Jameson%20Locke,r
Cadmon Lasky,2,/tags/Cadmon%20Lasky,c
Danforth Whitcomb,1,/tags/Danforth%20Whitcomb,c
Michael Stanforth,2,/tags/Michael%20Stanforth,c
Mary Cutter,0,/tags/Mary%20Cutter,c
Isabel (Halo),9,/tags/Isabel%20(Halo),c
Lulu Hershey,2,/tags/Lulu%20Hershey,c
Alys Vallum,0,/tags/Alys%20Vallum,c
Andrew Sandmoore,0,/tags/Andrew%20Sandmoore,c
Déjà (Halo),1,/tags/D%C3%A9j%C3%A0%20(Halo),c
Tartarus (Halo),9,/tags/Tartarus%20(Halo),c
The Rookie (Halo),28,/tags/The%20Rookie%20(Halo),c
031 Exuberant Witness,8,/tags/031%20Exuberant%20Witness,c
References to Halo (Video Games),78,/tags/References%20to%20Halo%20(Video%20Games),f
James Ackerson/Catherine Halsey,0,/tags/James%20Ackerson*s*Catherine%20Halsey,r
Frederic-104 & Veta Lopis,2,/tags/Frederic-104%20*a*%20Veta%20Lopis,r
Human Cortana (Halo),12,/tags/Human%20Cortana%20(Halo),f
Cortana (Halo)/Male Ryder | Scott,0,/tags/Cortana%20(Halo)*s*Male%20Ryder%20%7C%20Scott,r
Thomas Lasky/Sarah Palmer/Jason Todd,1,/tags/Thomas%20Lasky*s*Sarah%20Palmer*s*Jason%20Todd,r
Sarah Palmer (Halo)/Jason Todd,0,/tags/Sarah%20Palmer%20(Halo)*s*Jason%20Todd,r
John-117 | Master Chief/Cloud Strife,0,/tags/John-117%20%7C%20Master%20Chief*s*Cloud%20Strife,r
Sarah Palmer/Thel 'Vadam | The Arbiter,0,/tags/Sarah%20Palmer*s*Thel%20'Vadam%20%7C%20The%20Arbiter,r
Sarah Palmer (Halo)/Original Character(s),2,/tags/Sarah%20Palmer%20(Halo)*s*Original%20Character(s),r
Thomas Lasky/Original Character(s),0,/tags/Thomas%20Lasky*s*Original%20Character(s),r
Ash-G099 & Veta Lopis,0,/tags/Ash-G099%20*a*%20Veta%20Lopis,r
Sif (Halo),1,/tags/Sif%20(Halo),c
Mack (Halo),1,/tags/Mack%20(Halo),c
Mack/Sif (Halo),1,/tags/Mack*s*Sif%20(Halo),r
Fireteam Osiris,5,/tags/Fireteam%20Osiris,c
ODST Orbital Drop Shock Trooper(s),55,/tags/ODST%20Orbital%20Drop%20Shock%20Trooper(s),f
SPARTAN-IV,49,/tags/SPARTAN-IV,f
SPARTAN Program,52,/tags/SPARTAN%20Program,f
Alice-130/Linda-058 (Halo),1,/tags/Alice-130*s*Linda-058%20(Halo),r
Doctor Hughes (Halo),0,/tags/Doctor%20Hughes%20(Halo),c
"Michael ""Mickey"" Crespo (Halo)",12,/tags/Michael%20%22Mickey%22%20Crespo%20(Halo),c
Atriox (Halo),26,/tags/Atriox%20(Halo),c
Insurrectionists (Halo),11,/tags/Insurrectionists%20(Halo),c
UNSC Marine Corps (Halo),48,/tags/UNSC%20Marine%20Corps%20(Halo),c
UNSC Infinity Crew (Halo),13,/tags/UNSC%20Infinity%20Crew%20(Halo),c
Doctor Hughes (Halo)/Original Female Character(s),0,/tags/Doctor%20Hughes%20(Halo)*s*Original%20Female%20Character(s),r
Walter Vickers,0,/tags/Walter%20Vickers,c
April Orenski/Original Female Character(s),0,/tags/April%20Orenski*s*Original%20Female%20Character(s),r
Daniel Black/Walter Vickers,0,/tags/Daniel%20Black*s*Walter%20Vickers,r
Daniel Black (Halo),0,/tags/Daniel%20Black%20(Halo),c
Gamma Company & Veta Lopis,11,/tags/Gamma%20Company%20*a*%20Veta%20Lopis,r
Mike Branley (Halo),0,/tags/Mike%20Branley%20(Halo),c
Commissioner Kinsler (Halo),0,/tags/Commissioner%20Kinsler%20(Halo),c
Jonas (Halo),0,/tags/Jonas%20(Halo),c
The Crone (Halo),0,/tags/The%20Crone%20(Halo),c
Marshall Glick (Halo),0,/tags/Marshall%20Glick%20(Halo),c
Communications Duty Officer (Halo),0,/tags/Communications%20Duty%20Officer%20(Halo),c
Stephen (Halo),0,/tags/Stephen%20(Halo),c
Vergil (Halo),4,/tags/Vergil%20(Halo),c
Daniel Endesha (Halo),0,/tags/Daniel%20Endesha%20(Halo),c
Bornstellar-Makes-Eternal-Lasting | IsoDidact,10,/tags/Bornstellar-Makes-Eternal-Lasting%20%7C%20IsoDidact,c
Audrey Lasky (Halo),9,/tags/Audrey%20Lasky%20(Halo),c
Shadow-of-Sundered-Star | Ur-Didact,8,/tags/Shadow-of-Sundered-Star%20%7C%20Ur-Didact,c
The Didact (Halo),14,/tags/The%20Didact%20(Halo),c
Mike Branley & Sadie Endesha,0,/tags/Mike%20Branley%20*a*%20Sadie%20Endesha,r
Sadie Endesha & Commissioner Kinsler,0,/tags/Sadie%20Endesha%20*a*%20Commissioner%20Kinsler,r
The Covenant & Sadie Endesha,0,/tags/The%20Covenant%20*a*%20Sadie%20Endesha,r
Sadie Endesha & Marshall Glick,0,/tags/Sadie%20Endesha%20*a*%20Marshall%20Glick,r
Communications Duty Officer & Sadie Endesha,0,/tags/Communications%20Duty%20Officer%20*a*%20Sadie%20Endesha,r
Thomas Lasky & Sarah Palmer,5,/tags/Thomas%20Lasky%20*a*%20Sarah%20Palmer,r
Spartan 1.1,1,/tags/Spartan%201*d*1,f
UNSC Army Trooper (Halo),14,/tags/UNSC%20Army%20Trooper%20(Halo),c
Jameson Locke/Original Character(s),1,/tags/Jameson%20Locke*s*Original%20Character(s),r
Cortana (Halo)/EDI (Mass Effect),0,/tags/Cortana%20(Halo)*s*EDI%20(Mass%20Effect),r
Rosenda-A344,10,/tags/Rosenda-A344,c
Beta-Red Actual,1,/tags/Beta-Red%20Actual,c
Black-Box | BBX 8995-1,6,/tags/Black-Box%20%7C%20BBX%208995-1,c
Vul 'Soran,4,/tags/Vul%20'Soran,c
Michael J. Caboose & John-117│Master Chief,2,/tags/Michael%20J*d*%20Caboose%20*a*%20John-117%E2%94%82Master%20Chief,r
Rtas 'Vadum/Thel 'Vadam | The Arbiter,6,/tags/Rtas%20'Vadum*s*Thel%20'Vadam%20%7C%20The%20Arbiter,r
John-117 | Master Chief/Samuel-034,2,/tags/John-117%20%7C%20Master%20Chief*s*Samuel-034,r
Zhao Heng Lopez,0,/tags/Zhao%20Heng%20Lopez,c
Goro (Mortal Kombat)/Thel 'Vadam | The Arbiter,0,/tags/Goro%20(Mortal%20Kombat)*s*Thel%20'Vadam%20%7C%20The%20Arbiter,r
Thel 'Vadam | The Arbiter/Original Character(s),3,/tags/Thel%20'Vadam%20%7C%20The%20Arbiter*s*Original%20Character(s),r
SPARTAN Michael J. Caboose,19,/tags/SPARTAN%20Michael%20J*d*%20Caboose,f
343 Guilty Spark/Cortana,0,/tags/343%20Guilty%20Spark*s*Cortana,r
Tul 'Juran,7,/tags/Tul%20'Juran,c
Preston Cole,5,/tags/Preston%20Cole,c
Office of Naval Intelligence Personnel (Halo),18,/tags/Office%20of%20Naval%20Intelligence%20Personnel%20(Halo),c
John-117 | Master Chief & Thel 'Vadam | The Arbiter,15,/tags/John-117%20%7C%20Master%20Chief%20*a*%20Thel%20'Vadam%20%7C%20The%20Arbiter,r
John-117 | Master Chief/Parisa,3,/tags/John-117%20%7C%20Master%20Chief*s*Parisa,r
Thomas Lasky/Chyler Silva,7,/tags/Thomas%20Lasky*s*Chyler%20Silva,r
Chyler Silva,6,/tags/Chyler%20Silva,c
Melissa (i love bees),2,/tags/Melissa%20(i%20love%20bees),c
Parisa (Halo),2,/tags/Parisa%20(Halo),c
Jameson Locke/Thel 'Vadam | The Arbiter,0,/tags/Jameson%20Locke*s*Thel%20'Vadam%20%7C%20The%20Arbiter,r
Blue Team (Halo),40,/tags/Blue%20Team%20(Halo),c
Benjamin Giraud,2,/tags/Benjamin%20Giraud,c
Naomi-010/Serin Osman,1,/tags/Naomi-010*s*Serin%20Osman,r
Lak 'Vadamee,2,/tags/Lak%20'Vadamee,c
Swords of Sanghelios,14,/tags/Swords%20of%20Sanghelios,c
Isaac Clarke/The Flood (Halo),0,/tags/Isaac%20Clarke*s*The%20Flood%20(Halo),r
"Lian ""Dev"" Devereaux",0,/tags/Lian%20%22Dev%22%20Devereaux,c
05-032 Mendicant Bias,2,/tags/05-032%20Mendicant%20Bias,c
"Lian ""Dev"" Devereaux/Naomi-010",0,/tags/Lian%20%22Dev%22%20Devereaux*s*Naomi-010,r
Vul 'Soran & Rtas 'Vadum,0,/tags/Vul%20'Soran%20*a*%20Rtas%20'Vadum,r
Cassandra-075/Serin Osman,0,/tags/Cassandra-075*s*Serin%20Osman,r
John-117 | Master Chief/Avery Johnson,0,/tags/John-117%20%7C%20Master%20Chief*s*Avery%20Johnson,r
Halo: HUNT the TRUTH,0,/tags/Halo:%20HUNT%20the%20TRUTH,f
Gamma Company (Halo),4,/tags/Gamma%20Company%20(Halo),c
United Nations Space Command (Halo),4,/tags/United%20Nations%20Space%20Command%20(Halo),c
Musa Ghanem | SPARTAN-096,2,/tags/Musa%20Ghanem%20%7C%20SPARTAN-096,c
Noble Six | SPARTAN-B312,175,/tags/Noble%20Six%20%7C%20SPARTAN-B312,c
Agent Carolina/Noble Six | SPARTAN-B312/Agent South Dakota/Agent Texas | Allison,0,/tags/Agent%20Carolina*s*Noble%20Six%20%7C%20SPARTAN-B312*s*Agent%20South%20Dakota*s*Agent%20Texas%20%7C%20Allison,r
Noble Six | SPARTAN-B312/Agent Texas | Allison,0,/tags/Noble%20Six%20%7C%20SPARTAN-B312*s*Agent%20Texas%20%7C%20Allison,r
Frederic-104/Noble Six | SPARTAN-B312/Original Character(s),0,/tags/Frederic-104*s*Noble%20Six%20%7C%20SPARTAN-B312*s*Original%20Character(s),r
Cortana/Noble Six | SPARTAN-B312,0,/tags/Cortana*s*Noble%20Six%20%7C%20SPARTAN-B312,r
Frederic-104/Noble Six | SPARTAN-B312,0,/tags/Frederic-104*s*Noble%20Six%20%7C%20SPARTAN-B312,r
Krystal (Star Fox)/Noble Six | SPARTAN-B312,1,/tags/Krystal%20(Star%20Fox)*s*Noble%20Six%20%7C%20SPARTAN-B312,r
Noble Six | SPARTAN-B312/Original Character(s),4,/tags/Noble%20Six%20%7C%20SPARTAN-B312*s*Original%20Character(s),r
Spartan Ops (Halo),4,/tags/Spartan%20Ops%20(Halo),f
John-117 | Master Chief & Original Female Character(s),6,/tags/John-117%20%7C%20Master%20Chief%20*a*%20Original%20Female%20Character(s),r
John-117 | Master Chief/Thel 'Vadam | The Arbiter/Reader,0,/tags/John-117%20%7C%20Master%20Chief*s*Thel%20'Vadam%20%7C%20The%20Arbiter*s*Reader,r
Thel 'Vadam | The Arbiter/Reader,11,/tags/Thel%20'Vadam%20%7C%20The%20Arbiter*s*Reader,r
Usze 'Taham & Olympia Vale,3,/tags/Usze%20'Taham%20*a*%20Olympia%20Vale,r
Original Brute | Jiralhanae Character(s),24,/tags/Original%20Brute%20%7C%20Jiralhanae%20Character(s),c
Male Guardian (Destiny)/Noble Six | SPARTAN-B312,1,/tags/Male%20Guardian%20(Destiny)*s*Noble%20Six%20%7C%20SPARTAN-B312,r
Prophet of Mercy,15,/tags/Prophet%20of%20Mercy,c
Blue Team & John-117 | Master Chief,13,/tags/Blue%20Team%20*a*%20John-117%20%7C%20Master%20Chief,r
Adriana-111 (Halo),12,/tags/Adriana-111%20(Halo),c
Alice-130 (Halo),31,/tags/Alice-130%20(Halo),c
Ash-G099 (Halo),50,/tags/Ash-G099%20(Halo),c
Carris-137 (Halo),1,/tags/Carris-137%20(Halo),c
Carter-A259 | Noble One,63,/tags/Carter-A259%20%7C%20Noble%20One,c
Cassandra-075 (Halo),1,/tags/Cassandra-075%20(Halo),c
Kat-B320 | Noble Two,78,/tags/Kat-B320%20%7C%20Noble%20Two,c
Douglas-042 (Halo),26,/tags/Douglas-042%20(Halo),c
Emile-A239 | Noble Four,71,/tags/Emile-A239%20%7C%20Noble%20Four,c
Frederic-104 (Halo),150,/tags/Frederic-104%20(Halo),c
Grace-093 (Halo),2,/tags/Grace-093%20(Halo),c
Jai-006 (Halo),8,/tags/Jai-006%20(Halo),c
Jorge-052 | Noble Five,62,/tags/Jorge-052%20%7C%20Noble%20Five,c
Jerome-092 (Halo),37,/tags/Jerome-092%20(Halo),c
Jun-A266 | Noble Three,66,/tags/Jun-A266%20%7C%20Noble%20Three,c
Keiichi-047 (Halo),2,/tags/Keiichi-047%20(Halo),c
Kelly-087 (Halo),187,/tags/Kelly-087%20(Halo),c
Linda-058 (Halo),127,/tags/Linda-058%20(Halo),c
Lucy-B091 (Halo),153,/tags/Lucy-B091%20(Halo),c
Mark-G313 (Halo),40,/tags/Mark-G313%20(Halo),c
Mike-120 (Halo),9,/tags/Mike-120%20(Halo),c
Naomi-010 (Halo),12,/tags/Naomi-010%20(Halo),c
Offensive Bias (Halo),1,/tags/Offensive%20Bias%20(Halo),c
Olivia-G291 (Halo),37,/tags/Olivia-G291%20(Halo),c
Red-Fifteen (Halo),0,/tags/Red-Fifteen%20(Halo),c
Samuel-034 (Halo),18,/tags/Samuel-034%20(Halo),c
Soren-066 (Halo),8,/tags/Soren-066%20(Halo),c
Thom-A293 (Halo),5,/tags/Thom-A293%20(Halo),c
Tom-B292 (Halo),153,/tags/Tom-B292%20(Halo),c
William-043 (Halo),6,/tags/William-043%20(Halo),c
The Didact/The Librarian (Halo),2,/tags/The%20Didact*s*The%20Librarian%20(Halo),r
Ash-G099 & Holly-G003 (Halo),2,/tags/Ash-G099%20*a*%20Holly-G003%20(Halo),r
Holly-G003 (Halo),10,/tags/Holly-G003%20(Halo),c
Carter-A259 | Noble One/Kat-B320 | Noble Two,9,/tags/Carter-A259%20%7C%20Noble%20One*s*Kat-B320%20%7C%20Noble%20Two,r
Carter-A259 | Noble One/Noble Six | SPARTAN-B312,8,/tags/Carter-A259%20%7C%20Noble%20One*s*Noble%20Six%20%7C%20SPARTAN-B312,r
Kat-B320 | Noble Two/Noble Six | SPARTAN-B312,24,/tags/Kat-B320%20%7C%20Noble%20Two*s*Noble%20Six%20%7C%20SPARTAN-B312,r
Prometheans (Halo),1,/tags/Prometheans%20(Halo),f
Jun-A266 | Noble Three/Original Character(s),0,/tags/Jun-A266%20%7C%20Noble%20Three*s*Original%20Character(s),r
Jun-A266 | Noble Three/Original Female Character(s),0,/tags/Jun-A266%20%7C%20Noble%20Three*s*Original%20Female%20Character(s),r
Jun-A266 | Noble Three/Kat-B320 | Noble Two,0,/tags/Jun-A266%20%7C%20Noble%20Three*s*Kat-B320%20%7C%20Noble%20Two,r
Frederic-104 (Halo)/Original Character(s),0,/tags/Frederic-104%20(Halo)*s*Original%20Character(s),r
Frederic-104 (Halo)/Undisclosed,0,/tags/Frederic-104%20(Halo)*s*Undisclosed,r
Frederic-104 (Halo)/Original Female Character(s),2,/tags/Frederic-104%20(Halo)*s*Original%20Female%20Character(s),r
Frederic-104 & Kelly-087 (Halo),4,/tags/Frederic-104%20*a*%20Kelly-087%20(Halo),r
Frederic-104/Kelly-087 (Halo),14,/tags/Frederic-104*s*Kelly-087%20(Halo),r
Emile-A239 | Noble Four/Thom-A293,1,/tags/Emile-A239%20%7C%20Noble%20Four*s*Thom-A293,r
Emile-A239 | Noble Four/Jorge-052 | Noble Five/Noble Six | SPARTAN-B312,1,/tags/Emile-A239%20%7C%20Noble%20Four*s*Jorge-052%20%7C%20Noble%20Five*s*Noble%20Six%20%7C%20SPARTAN-B312,r
Emile-A239 | Noble Four/Jun-A266 | Noble Three,0,/tags/Emile-A239%20%7C%20Noble%20Four*s*Jun-A266%20%7C%20Noble%20Three,r
Jorge-052 | Noble Five/Noble Six | SPARTAN-B312,7,/tags/Jorge-052%20%7C%20Noble%20Five*s*Noble%20Six%20%7C%20SPARTAN-B312,r
Jorge-052 | Noble Five/Original Character(s),1,/tags/Jorge-052%20%7C%20Noble%20Five*s*Original%20Character(s),r
Kelly-087/Linda-058 (Halo),1,/tags/Kelly-087*s*Linda-058%20(Halo),r
Katniss Everdeen/Linda-058 (Halo),0,/tags/Katniss%20Everdeen*s*Linda-058%20(Halo),r
Cassandra Cain/Linda-058 (Halo),0,/tags/Cassandra%20Cain*s*Linda-058%20(Halo),r
Linda-058 (Halo)/Original Character(s),0,/tags/Linda-058%20(Halo)*s*Original%20Character(s),r
Kelly-087/Linda-058 (Halo)/Original Character(s),1,/tags/Kelly-087*s*Linda-058%20(Halo)*s*Original%20Character(s),r
"Emile-A239 | Noble Four/James ""JD"" Fenix",0,/tags/Emile-A239%20%7C%20Noble%20Four*s*James%20%22JD%22%20Fenix,r
Lucy-B091/Tom-B292 (Halo),151,/tags/Lucy-B091*s*Tom-B292%20(Halo),r
Fal 'Chavamee,3,/tags/Fal%20'Chavamee,c
Game: Halo 2,6,/tags/Game:%20Halo%202,f
Game: Halo 3,8,/tags/Game:%20Halo%203,f
Game: Halo 3: ODST,7,/tags/Game:%20Halo%203:%20ODST,f
Game: Halo 4,17,/tags/Game:%20Halo%204,f
Game: Halo 5: Guardians,5,/tags/Game:%20Halo%205:%20Guardians,f
Game: Halo Wars,3,/tags/Game:%20Halo%20Wars,f
Game: Halo Wars 2,2,/tags/Game:%20Halo%20Wars%202,f
Comic: Halo: Blood Line,0,/tags/Comic:%20Halo:%20Blood%20Line,f
Game: Halo: Combat Evolved,8,/tags/Game:%20Halo:%20Combat%20Evolved,f
Book: Halo: Contact Harvest,0,/tags/Book:%20Halo:%20Contact%20Harvest,f
Post-Game: Halo 3,14,/tags/Post-Game:%20Halo%203,f
Post-Game: Halo 4,14,/tags/Post-Game:%20Halo%204,f
Original Elite | Sangheili Character(s)/Reader,1,/tags/Original%20Elite%20%7C%20Sangheili%20Character(s)*s*Reader,r
Splendid-Dust-of-Ancient-Suns (Halo),0,/tags/Splendid-Dust-of-Ancient-Suns%20(Halo),c
Bornstellar-Makes-Eternal-Lasting | IsoDidact/Splendid-Dust-of-Ancient-Suns,0,/tags/Bornstellar-Makes-Eternal-Lasting%20%7C%20IsoDidact*s*Splendid-Dust-of-Ancient-Suns,r
Original Elite | Sangheili Character(s) & Original Female Character(s),7,/tags/Original%20Elite%20%7C%20Sangheili%20Character(s)%20*a*%20Original%20Female%20Character(s),r
Vasily Beloi & Naomi-010,3,/tags/Vasily%20Beloi%20*a*%20Naomi-010,r
"Malcolm ""Mal"" Geffen & Naomi-010",1,/tags/Malcolm%20%22Mal%22%20Geffen%20*a*%20Naomi-010,r
"Vasily Beloi/Malcolm ""Mal"" Geffen",0,/tags/Vasily%20Beloi*s*Malcolm%20%22Mal%22%20Geffen,r
Noble Six | SPARTAN-B312/Agent Washington (Red vs. Blue),0,/tags/Noble%20Six%20%7C%20SPARTAN-B312*s*Agent%20Washington%20(Red%20vs*d*%20Blue),r
Original Jackal | Kig-Yar Character(s),24,/tags/Original%20Jackal%20%7C%20Kig-Yar%20Character(s),c
Carter-A259 | Noble One/Kat-B320 | Noble Two/Noble Six | SPARTAN-B312,1,/tags/Carter-A259%20%7C%20Noble%20One*s*Kat-B320%20%7C%20Noble%20Two*s*Noble%20Six%20%7C%20SPARTAN-B312,r
Auntie Dot (Halo),5,/tags/Auntie%20Dot%20(Halo),c
Bal'Tol 'Xellus,0,/tags/Bal'Tol%20'Xellus,c
Lucy-B091 & Tom-B292 (Halo),8,/tags/Lucy-B091%20*a*%20Tom-B292%20(Halo),r
Urban Holland & NOBLE Team,1,/tags/Urban%20Holland%20*a*%20NOBLE%20Team,r
Marvin Mobuto,0,/tags/Marvin%20Mobuto,c
Jun-A266 | Noble Three & Noble Six | SPARTAN-B312,4,/tags/Jun-A266%20%7C%20Noble%20Three%20*a*%20Noble%20Six%20%7C%20SPARTAN-B312,r
Emile-A239 | Noble Four & Noble Six | SPARTAN-B312,1,/tags/Emile-A239%20%7C%20Noble%20Four%20*a*%20Noble%20Six%20%7C%20SPARTAN-B312,r
Carter-A259 | Noble One & Noble Six | SPARTAN-B312,2,/tags/Carter-A259%20%7C%20Noble%20One%20*a*%20Noble%20Six%20%7C%20SPARTAN-B312,r
Emile-A239 | Noble Four/Original Female Character(s),1,/tags/Emile-A239%20%7C%20Noble%20Four*s*Original%20Female%20Character(s),r
Emile-A239 | Noble Four/Noble Six | SPARTAN-B312,12,/tags/Emile-A239%20%7C%20Noble%20Four*s*Noble%20Six%20%7C%20SPARTAN-B312,r
Fred Flintstone/Frederic-104 (Halo),0,/tags/Fred%20Flintstone*s*Frederic-104%20(Halo),r
Rion Forge,0,/tags/Rion%20Forge,c
Infinity Week (Halo),6,/tags/Infinity%20Week%20(Halo),f
Naiya Ray,2,/tags/Naiya%20Ray,c
Vel 'Trokaik,2,/tags/Vel%20'Trokaik,c
Emile-A239 | Noble Four/The Meta | Agent Maine,1,/tags/Emile-A239%20%7C%20Noble%20Four*s*The%20Meta%20%7C%20Agent%20Maine,r
MJOLNIR Powered Assault Armor System,23,/tags/MJOLNIR%20Powered%20Assault%20Armor%20System,f
James-005 (Halo),1,/tags/James-005%20(Halo),c
Arthur-079 (Halo),0,/tags/Arthur-079%20(Halo),c
August-099 (Halo),8,/tags/August-099%20(Halo),c
Leon-011 (Halo),7,/tags/Leon-011%20(Halo),c
Li-008 (Halo),3,/tags/Li-008%20(Halo),c
Maria-062 (Halo),12,/tags/Maria-062%20(Halo),c
Vinh-030 (Halo),8,/tags/Vinh-030%20(Halo),c
Chips Dubbo,7,/tags/Chips%20Dubbo,c
Laura Bodewig/Noble Six | SPARTAN-B312,0,/tags/Laura%20Bodewig*s*Noble%20Six%20%7C%20SPARTAN-B312,r
Enterprise (Azur Lane)/John-117 | Master Chief,0,/tags/Enterprise%20(Azur%20Lane)*s*John-117%20%7C%20Master%20Chief,r
Noble Six | SPARTAN-B312/The Rookie,0,/tags/Noble%20Six%20%7C%20SPARTAN-B312*s*The%20Rookie,r
Doom Marine | Doom Slayer | Doomguy/Gordon Freeman/John-117 | Master Chief,26,/tags/Doom%20Marine%20%7C%20Doom%20Slayer%20%7C%20Doomguy*s*Gordon%20Freeman*s*John-117%20%7C%20Master%20Chief,r
Sangheilios (Halo),6,/tags/Sangheilios%20(Halo),f
Female Noble Six | SPARTAN-B312,24,/tags/Female%20Noble%20Six%20%7C%20SPARTAN-B312,f
Noble Team (Halo),15,/tags/Noble%20Team%20(Halo),f
Ingridson (Halo),0,/tags/Ingridson%20(Halo),c
CT-21-0408 | CT-1409 | Echo & Holly-G003 (Halo),0,/tags/CT-21-0408%20%7C%20CT-1409%20%7C%20Echo%20*a*%20Holly-G003%20(Halo),r
CT-27-5555 | ARC-5555 | Fives & Holly-G003 (Halo),0,/tags/CT-27-5555%20%7C%20ARC-5555%20%7C%20Fives%20*a*%20Holly-G003%20(Halo),r
Holly-G003 (Halo) & Shaak Ti,0,/tags/Holly-G003%20(Halo)%20*a*%20Shaak%20Ti,r
Midoriya Izuku/UNSC Marine Corps (Halo),0,/tags/Midoriya%20Izuku*s*UNSC%20Marine%20Corps%20(Halo),r
Avery Johnson/Midoriya Izuku,0,/tags/Avery%20Johnson*s*Midoriya%20Izuku,r
Original Orbital Drop Shock Trooper Character(s) (Halo),57,/tags/Original%20Orbital%20Drop%20Shock%20Trooper%20Character(s)%20(Halo),c
Midoriya Izuku/Original Orbital Drop Shock Trooper Character(s) (Halo),0,/tags/Midoriya%20Izuku*s*Original%20Orbital%20Drop%20Shock%20Trooper%20Character(s)%20(Halo),r
Doom Marine | Doom Slayer | Doomguy/John-117 | Master Chief,12,/tags/Doom%20Marine%20%7C%20Doom%20Slayer%20%7C%20Doomguy*s*John-117%20%7C%20Master%20Chief,r
Jorge-052 | Noble Five/Linda-058,1,/tags/Jorge-052%20%7C%20Noble%20Five*s*Linda-058,r
Original Grunt | Unggoy Character(s),21,/tags/Original%20Grunt%20%7C%20Unggoy%20Character(s),c
Original Hunter | Mgalekgolo Character(s),13,/tags/Original%20Hunter%20%7C%20Mgalekgolo%20Character(s),c
Gordon Freeman/John-117 | Master Chief,1,/tags/Gordon%20Freeman*s*John-117%20%7C%20Master%20Chief,r
Henry Glassman,1,/tags/Henry%20Glassman,c
Horizon | Mary Somers/John-117 | Master Chief,0,/tags/Horizon%20%7C%20Mary%20Somers*s*John-117%20%7C%20Master%20Chief,r
Cortana/John-117 | Master Chief/Kelly-087,1,/tags/Cortana*s*John-117%20%7C%20Master%20Chief*s*Kelly-087,r
Lucy-B091/Prone To Drift (Halo),0,/tags/Lucy-B091*s*Prone%20To%20Drift%20(Halo),r
Xytan 'Jar Wattinree,3,/tags/Xytan%20'Jar%20Wattinree,c
Bero 'Kusovai,0,/tags/Bero%20'Kusovai,c
Kirk-018 (Halo),2,/tags/Kirk-018%20(Halo),c
Kola 'Baoth,0,/tags/Kola%20'Baoth,c
Spartan-1337 (Halo),1,/tags/Spartan-1337%20(Halo),c
Cortana (Halo)/EDI (Mass Effect)/GLaDOS (Portal),0,/tags/Cortana%20(Halo)*s*EDI%20(Mass%20Effect)*s*GLaDOS%20(Portal),r
Cortana (Halo)/GLaDOS (Portal),0,/tags/Cortana%20(Halo)*s*GLaDOS%20(Portal),r
Bero 'Kusovai/Original Character(s),0,/tags/Bero%20'Kusovai*s*Original%20Character(s),r
Cortana/Catherine Halsey,0,/tags/Cortana*s*Catherine%20Halsey,r
John-117 | Master Chief & Reader,6,/tags/John-117%20%7C%20Master%20Chief%20*a*%20Reader,r
CTN 0453-0 & John-117 | Master Chief,0,/tags/CTN%200453-0%20*a*%20John-117%20%7C%20Master%20Chief,r
CTN 0453-0 & Roland | RLD 0205-4,0,/tags/CTN%200453-0%20*a*%20Roland%20%7C%20RLD%200205-4,r
Cal-141/Spartan-1337 (Halo),0,/tags/Cal-141*s*Spartan-1337%20(Halo),r
CTN 0453-0 (Halo),0,/tags/CTN%200453-0%20(Halo),c
Jega 'Rdomnai,14,/tags/Jega%20'Rdomnai,c
Daisy-023/Ralph-103 (Halo),35,/tags/Daisy-023*s*Ralph-103%20(Halo),r
Hauser (Halo),1,/tags/Hauser%20(Halo),c
Bornstellar-Makes-Eternal-Lasting | IsoDidact/Chakas,0,/tags/Bornstellar-Makes-Eternal-Lasting%20%7C%20IsoDidact*s*Chakas,r
Alice-130/Douglas-042 (Halo),2,/tags/Alice-130*s*Douglas-042%20(Halo),r
Adriana-111/Jai-006 (Halo),5,/tags/Adriana-111*s*Jai-006%20(Halo),r
Jameson Locke/Original Male Character(s),0,/tags/Jameson%20Locke*s*Original%20Male%20Character(s),r
John-117 | Master Chief & Linda-058,0,/tags/John-117%20%7C%20Master%20Chief%20*a*%20Linda-058,r
Decimus (Halo),1,/tags/Decimus%20(Halo),c
Decimus/John-117 | Master Chief,0,/tags/Decimus*s*John-117%20%7C%20Master%20Chief,r
Prone To Drift (Halo),2,/tags/Prone%20To%20Drift%20(Halo),c
Red Team (Halo),9,/tags/Red%20Team%20(Halo),c
Cortana/Margaret Parangosky,0,/tags/Cortana*s*Margaret%20Parangosky,r
Sarah Palmer/Holly Tanaka,0,/tags/Sarah%20Palmer*s*Holly%20Tanaka,r
The Rookie (Halo)/Original Female Character(s),2,/tags/The%20Rookie%20(Halo)*s*Original%20Female%20Character(s),r
Sesa 'Refumee/Original Male Character(s),0,/tags/Sesa%20'Refumee*s*Original%20Male%20Character(s),r
Sesa 'Refumee/Original Character(s),0,/tags/Sesa%20'Refumee*s*Original%20Character(s),r
Black-Box | BBX 8995-1 & Serin Osman,0,/tags/Black-Box%20%7C%20BBX%208995-1%20*a*%20Serin%20Osman,r
Alice-130/Jerome-092 (Halo),8,/tags/Alice-130*s*Jerome-092%20(Halo),r
Adriana-111/Mike-120 (Halo),1,/tags/Adriana-111*s*Mike-120%20(Halo),r
Daisy-023/Noble Six | SPARTAN-B312,0,/tags/Daisy-023*s*Noble%20Six%20%7C%20SPARTAN-B312,r
Linda-058/Noble Six | SPARTAN-B312,3,/tags/Linda-058*s*Noble%20Six%20%7C%20SPARTAN-B312,r
Jameson Locke/Olympia Vale,0,/tags/Jameson%20Locke*s*Olympia%20Vale,r
Jared Miller/Sarah Palmer,0,/tags/Jared%20Miller*s*Sarah%20Palmer,r
Thel 'Vadam | The Arbiter/You,0,/tags/Thel%20'Vadam%20%7C%20The%20Arbiter*s*You,r
N'tho 'Sraom/Usze 'Taham,0,/tags/N'tho%20'Sraom*s*Usze%20'Taham,r
Ellen Anders/Linda-058,0,/tags/Ellen%20Anders*s*Linda-058,r
Catherine Halsey/John-117 | Master Chief,2,/tags/Catherine%20Halsey*s*John-117%20%7C%20Master%20Chief,r
John-117 | Master Chief/You,2,/tags/John-117%20%7C%20Master%20Chief*s*You,r
Original Elite | Sangheili Character(s)/Original Human Character(s),12,/tags/Original%20Elite%20%7C%20Sangheili%20Character(s)*s*Original%20Human%20Character(s),r
Original SPARTAN Character(s) (Halo),103,/tags/Original%20SPARTAN%20Character(s)%20(Halo),c
Original Drone | Yanme'e Character(s),4,/tags/Original%20Drone%20%7C%20Yanme'e%20Character(s),c
Original Elite | Sangheili Character(s)/Original Character(s),3,/tags/Original%20Elite%20%7C%20Sangheili%20Character(s)*s*Original%20Character(s),r
SPARTAN-073 (Halo),0,/tags/SPARTAN-073%20(Halo),c
Comic: Halo: Escalation,0,/tags/Comic:%20Halo:%20Escalation,f
Book 1: Halo: Glasslands,0,/tags/Book%201:%20Halo:%20Glasslands,f
Human-Covenant War (Halo),58,/tags/Human-Covenant%20War%20(Halo),f
Original Precursor Character(s) (Halo),1,/tags/Original%20Precursor%20Character(s)%20(Halo),c
Original Promethean Character(s) (Halo),10,/tags/Original%20Promethean%20Character(s)%20(Halo),c
Spartans Have Feelings (Halo),213,/tags/Spartans%20Have%20Feelings%20(Halo),f
UNSC Infinity (Halo),8,/tags/UNSC%20Infinity%20(Halo),f
Fireteam Osiris (Halo),0,/tags/Fireteam%20Osiris%20(Halo),f
Lucy-B091/Sarah Palmer (Halo),1,/tags/Lucy-B091*s*Sarah%20Palmer%20(Halo),r
Dexter Grif & John-117 | Master Chief,2,/tags/Dexter%20Grif%20*a*%20John-117%20%7C%20Master%20Chief,r
Book 4: Halo: Shadows of Reach - A Master Chief Story,1,/tags/Book%204:%20Halo:%20Shadows%20of%20Reach%20-%20A%20Master%20Chief%20Story,f
Lucy-B091 (Halo)/Sora (Kingdom Hearts),0,/tags/Lucy-B091%20(Halo)*s*Sora%20(Kingdom%20Hearts),r
Robert-025 (Halo),5,/tags/Robert-025%20(Halo),c
Doom Marine | Doom Slayer | Doomguy/Duke Nukem (Duke Nukem)/Gordon Freeman/John-117 | Master Chief,0,/tags/Doom%20Marine%20%7C%20Doom%20Slayer%20%7C%20Doomguy*s*Duke%20Nukem%20(Duke%20Nukem)*s*Gordon%20Freeman*s*John-117%20%7C%20Master%20Chief,r
Nicole-458 (Halo),1,/tags/Nicole-458%20(Halo),c
Ghost (Halo Legends),1,/tags/Ghost%20(Halo%20Legends),c
Carter-A259 | Noble One/Original Character(s),1,/tags/Carter-A259%20%7C%20Noble%20One*s*Original%20Character(s),r
Avu Med 'Telcam | The Bishop,3,/tags/Avu%20Med%20'Telcam%20%7C%20The%20Bishop,c
Turpin (Halo),0,/tags/Turpin%20(Halo),c
Escharum (Halo),11,/tags/Escharum%20(Halo),c
Sparks (Halo),0,/tags/Sparks%20(Halo),c
Maks Chapov,1,/tags/Maks%20Chapov,c
Private O'Brien (Halo: The Fall of Reach),0,/tags/Private%20O'Brien%20(Halo:%20The%20Fall%20of%20Reach),c
Robert Dalton (Halo),0,/tags/Robert%20Dalton%20(Halo),c
SPARTAN-G059 (Halo),14,/tags/SPARTAN-G059%20(Halo),c
Prophet of Restraint (Halo),0,/tags/Prophet%20of%20Restraint%20(Halo),c
Prophet of Tolerance (Halo),0,/tags/Prophet%20of%20Tolerance%20(Halo),c
Prophetess of Obligation (Halo),0,/tags/Prophetess%20of%20Obligation%20(Halo),c
Nicole-458/Spartan-1337 (Halo),1,/tags/Nicole-458*s*Spartan-1337%20(Halo),r
"Gretchen Ketola/Taylor ""Dutch"" Henry Miles",1,/tags/Gretchen%20Ketola*s*Taylor%20%22Dutch%22%20Henry%20Miles,r
Cortana (Halo) & Doom Marine | Doom Slayer | Doomguy,0,/tags/Cortana%20(Halo)%20*a*%20Doom%20Marine%20%7C%20Doom%20Slayer%20%7C%20Doomguy,r
Noble Six | SPARTAN-B312/Warrior of Light (Final Fantasy XIV),0,/tags/Noble%20Six%20%7C%20SPARTAN-B312*s*Warrior%20of%20Light%20(Final%20Fantasy%20XIV),r
Ash-G099/Mark-G313 (Halo),4,/tags/Ash-G099*s*Mark-G313%20(Halo),r
Ash-G099/Olivia-G291 (Halo),4,/tags/Ash-G099*s*Olivia-G291%20(Halo),r
Mark-G313/Olivia-G291 (Halo),1,/tags/Mark-G313*s*Olivia-G291%20(Halo),r
Veta Lopis & Mark-G313,1,/tags/Veta%20Lopis%20*a*%20Mark-G313,r
Isabel & Jerome-092 (Halo),0,/tags/Isabel%20*a*%20Jerome-092%20(Halo),r
Naiya Ray/Gabriel Thorne,0,/tags/Naiya%20Ray*s*Gabriel%20Thorne,r
August-099/Leon-011 (Halo),0,/tags/August-099*s*Leon-011%20(Halo),r
John-117 | Master Chief/Original Female Character(s),3,/tags/John-117%20%7C%20Master%20Chief*s*Original%20Female%20Character(s),r
Jun-A266 | Noble Three & Other(s),1,/tags/Jun-A266%20%7C%20Noble%20Three%20*a*%20Other(s),r
Kurt Ambrose | Kurt-051,18,/tags/Kurt%20Ambrose%20%7C%20Kurt-051,c
August-099 & Linda-058 (Halo),0,/tags/August-099%20*a*%20Linda-058%20(Halo),r
Jameson Locke/Undisclosed,1,/tags/Jameson%20Locke*s*Undisclosed,r
Kurt Ambrose | Kurt-051/William-043,0,/tags/Kurt%20Ambrose%20%7C%20Kurt-051*s*William-043,r
Kurt Ambrose | Kurt-051/Kelly-087,0,/tags/Kurt%20Ambrose%20%7C%20Kurt-051*s*Kelly-087,r
Kurt Ambrose | Kurt-051 & Lucy-B091 & Tom-B292,2,/tags/Kurt%20Ambrose%20%7C%20Kurt-051%20*a*%20Lucy-B091%20*a*%20Tom-B292,r
Avery Johnson/Jacob Keyes,0,/tags/Avery%20Johnson*s*Jacob%20Keyes,r
Isabel/Jerome-092 (Halo),0,/tags/Isabel*s*Jerome-092%20(Halo),r
Xytan 'Jar Wattinree/Original Character(s),1,/tags/Xytan%20'Jar%20Wattinree*s*Original%20Character(s),r
031 Exuberant Witness/Jameson Locke,3,/tags/031%20Exuberant%20Witness*s*Jameson%20Locke,r
Original SPARTAN Character(s) (Halo) & Original SPARTAN Character(s) (Halo),7,/tags/Original%20SPARTAN%20Character(s)%20(Halo)%20*a*%20Original%20SPARTAN%20Character(s)%20(Halo),r
Cortez (Halo),5,/tags/Cortez%20(Halo),c
The Weapon (Halo),72,/tags/The%20Weapon%20(Halo),c
Post-Game: Halo Infinite,13,/tags/Post-Game:%20Halo%20Infinite,f
Chak 'Lok,1,/tags/Chak%20'Lok,c
Fernando Esparza (Halo),38,/tags/Fernando%20Esparza%20(Halo),c
Noble Seven (Halo),0,/tags/Noble%20Seven%20(Halo),c
Harbinger of the Truth (Halo),0,/tags/Harbinger%20of%20the%20Truth%20(Halo),c
Rosado (Halo),0,/tags/Rosado%20(Halo),c
M. Jaide (Halo),0,/tags/M*d*%20Jaide%20(Halo),c
Male Shepard (Mass Effect)/The Weapon (Halo),0,/tags/Male%20Shepard%20(Mass%20Effect)*s*The%20Weapon%20(Halo),r
Spock the Cat (Halo),1,/tags/Spock%20the%20Cat%20(Halo),c
John-117 | Master Chief/Vincent Valentine,1,/tags/John-117%20%7C%20Master%20Chief*s*Vincent%20Valentine,r
Tremonius (Halo),1,/tags/Tremonius%20(Halo),c
Dante-G188 (Halo),3,/tags/Dante-G188%20(Halo),c
Cortana (Halo) & Vincent Valentine,0,/tags/Cortana%20(Halo)%20*a*%20Vincent%20Valentine,r
Cortana/The Weapon (Halo),0,/tags/Cortana*s*The%20Weapon%20(Halo),r
Catherine Halsey & John-117 | Master Chief,4,/tags/Catherine%20Halsey%20*a*%20John-117%20%7C%20Master%20Chief,r
Hazel-A302/Owen-B096 (Halo),4,/tags/Hazel-A302*s*Owen-B096%20(Halo),r
Hazel-A302 (Halo),5,/tags/Hazel-A302%20(Halo),c
Owen-B096 (Halo),8,/tags/Owen-B096%20(Halo),c
Sarah Palmer (Halo)/Peter Parker,0,/tags/Sarah%20Palmer%20(Halo)*s*Peter%20Parker,r
Linda-058 (Halo)/Peter Parker,0,/tags/Linda-058%20(Halo)*s*Peter%20Parker,r
Kat-B320 | Noble Two/Peter Parker,0,/tags/Kat-B320%20%7C%20Noble%20Two*s*Peter%20Parker,r
Arlo Casille,1,/tags/Arlo%20Casille,c
Bakugou Katsuki & Catherine Halsey,0,/tags/Bakugou%20Katsuki%20*a*%20Catherine%20Halsey,r
Bakugou Katsuki & John-117 | Master Chief,0,/tags/Bakugou%20Katsuki%20*a*%20John-117%20%7C%20Master%20Chief,r
Damon (Halo),0,/tags/Damon%20(Halo),c
Athos (Halo),0,/tags/Athos%20(Halo),c
Ash-G099/Holly-G003 (Halo),9,/tags/Ash-G099*s*Holly-G003%20(Halo),r
Din Djarin/John-117 | Master Chief,2,/tags/Din%20Djarin*s*John-117%20%7C%20Master%20Chief,r
Cortana/John-117 | Master Chief/Thomas Lasky,1,/tags/Cortana*s*John-117%20%7C%20Master%20Chief*s*Thomas%20Lasky,r
Roland-B210 (Halo),5,/tags/Roland-B210%20(Halo),c
Jonah-B283 (Halo),3,/tags/Jonah-B283%20(Halo),c
Edward Buck & The Weapon,2,/tags/Edward%20Buck%20*a*%20The%20Weapon,r
Cal-141/Cortez (Halo),2,/tags/Cal-141*s*Cortez%20(Halo),r
Kelly-087/Veta Lopis,1,/tags/Kelly-087*s*Veta%20Lopis,r
John 117 | Master Chief & The Weapon,13,/tags/John%20117%20%7C%20Master%20Chief%20*a*%20The%20Weapon,r
Cade McDonough,0,/tags/Cade%20McDonough,c
Laurette Agryna,2,/tags/Laurette%20Agryna,c
Henry (Halo: Evolutions),0,/tags/Henry%20(Halo:%20Evolutions),c
Leo (Odd Men Out),0,/tags/Leo%20(Odd%20Men%20Out),c
John-117 | Master Chief/Nanashi Mumei,0,/tags/John-117%20%7C%20Master%20Chief*s*Nanashi%20Mumei,r
Chakas & Vinnevra (Halo),0,/tags/Chakas%20*a*%20Vinnevra%20(Halo),r
Vinnevra (Halo),0,/tags/Vinnevra%20(Halo),c
John-117 | Master Chief & Avery Johnson,2,/tags/John-117%20%7C%20Master%20Chief%20*a*%20Avery%20Johnson,r
Halo Lore (Halo),4,/tags/Halo%20Lore%20(Halo),f
Cortana & Makee (Halo),0,/tags/Cortana%20*a*%20Makee%20(Halo),r
John-117 | Master Chief/Natasha Romanov (Marvel),0,/tags/John-117%20%7C%20Master%20Chief*s*Natasha%20Romanov%20(Marvel),r
Lone Wanderer (Fallout) & Lucy-B091 & Tom-B292 (Halo),0,/tags/Lone%20Wanderer%20(Fallout)%20*a*%20Lucy-B091%20*a*%20Tom-B292%20(Halo),r
Saskia Nazari,0,/tags/Saskia%20Nazari,c
Web Series: Arby 'n' the Chief,0,/tags/Web%20Series:%20Arby%20'n'%20the%20Chief,f
Book: Halo: Hunters in the Dark,0,/tags/Book:%20Halo:%20Hunters%20in%20the%20Dark,f
Book 1: Halo: Battle Born,0,/tags/Book%201:%20Halo:%20Battle%20Born,f
Holly Tanaka/Olympia Vale,1,/tags/Holly%20Tanaka*s*Olympia%20Vale,r
John-117 | Master Chief & Thomas Lasky,2,/tags/John-117%20%7C%20Master%20Chief%20*a*%20Thomas%20Lasky,r
Loka 'Bandolee,1,/tags/Loka%20'Bandolee,c
Bruno Madrigal/Noble Six | SPARTAN-B312,0,/tags/Bruno%20Madrigal*s*Noble%20Six%20%7C%20SPARTAN-B312,r
Edward Buck/Jameson Locke,1,/tags/Edward%20Buck*s*Jameson%20Locke,r
Monn I'zar,1,/tags/Monn%20I'zar,c
Frederic-104/Olympia Vale,0,/tags/Frederic-104*s*Olympia%20Vale,r
Pavium (Halo),3,/tags/Pavium%20(Halo),c
Voridus (Halo),2,/tags/Voridus%20(Halo),c
Minerva (Halo),0,/tags/Minerva%20(Halo),c
Atriox & Escharum (Halo),1,/tags/Atriox%20*a*%20Escharum%20(Halo),r
Ellen Anders/Douglas-042,1,/tags/Ellen%20Anders*s*Douglas-042,r
Fernando Esparza & John-117 | Master Chief,3,/tags/Fernando%20Esparza%20*a*%20John-117%20%7C%20Master%20Chief,r
Ash-G099 & Frederic-104 (Halo),0,/tags/Ash-G099%20*a*%20Frederic-104%20(Halo),r
Gravemind/John-117 | Master Chief,0,/tags/Gravemind*s*John-117%20%7C%20Master%20Chief,r
Mark-G313 & Original SPARTAN Character(s) (Halo),0,/tags/Mark-G313%20*a*%20Original%20SPARTAN%20Character(s)%20(Halo),r
Sarah Palmer/Original Elite | Sangheili Character(s),0,/tags/Sarah%20Palmer*s*Original%20Elite%20%7C%20Sangheili%20Character(s),r
Original Grunt | Unggoy Character(s)/Original Jackal | Kig-Yar Character(s),0,/tags/Original%20Grunt%20%7C%20Unggoy%20Character(s)*s*Original%20Jackal%20%7C%20Kig-Yar%20Character(s),r
Saskia Nazari & Owen-B096,0,/tags/Saskia%20Nazari%20*a*%20Owen-B096,r
Saskia Nazari/Owen-B096,0,/tags/Saskia%20Nazari*s*Owen-B096,r
The Flood (Halo)/Reader,1,/tags/The%20Flood%20(Halo)*s*Reader,r
Escharum & Jega 'Rdomnai,1,/tags/Escharum%20*a*%20Jega%20'Rdomnai,r
Mahkee 'Chava/Olympia Vale,1,/tags/Mahkee%20'Chava*s*Olympia%20Vale,r
"Noble Six | SPARTAN-B312/Gary ""Roach"" Sanderson",1,/tags/Noble%20Six%20%7C%20SPARTAN-B312*s*Gary%20%22Roach%22%20Sanderson,r
Jerome-092/Ripa 'Moramee,1,/tags/Jerome-092*s*Ripa%20'Moramee,r
John-117 | Master Chief & Silver Team,2,/tags/John-117%20%7C%20Master%20Chief%20*a*%20Silver%20Team,r
The Rookie (Halo)/Ashley Williams (Mass Effect),1,/tags/The%20Rookie%20(Halo)*s*Ashley%20Williams%20(Mass%20Effect),r
Noble Six | SPARTAN-B312/Reader,1,/tags/Noble%20Six%20%7C%20SPARTAN-B312*s*Reader,r
Miranda Keyes/Thel 'Vadam | The Arbiter,1,/tags/Miranda%20Keyes*s*Thel%20'Vadam%20%7C%20The%20Arbiter,r
Cartoon: Halo: The Fall of Reach - The Animated Series,0,/tags/Cartoon:%20Halo:%20The%20Fall%20of%20Reach%20-%20The%20Animated%20Series,f
Doom Marine | Doom Slayer | Doomguy & John-117 | Master Chief,1,/tags/Doom%20Marine%20%7C%20Doom%20Slayer%20%7C%20Doomguy%20*a*%20John-117%20%7C%20Master%20Chief,r
Kai-125 (Halo)/ Original Male Character(s),1,/tags/Kai-125%20(Halo)*s*%20Original%20Male%20Character(s),r
AI Rampancy (Halo),0,/tags/AI%20Rampancy%20(Halo),f
Sheila-065 (Halo),3,/tags/Sheila-065%20(Halo),c
Vinsher Grath,11,/tags/Vinsher%20Grath,c
Violetta Franco,8,/tags/Violetta%20Franco,c
Pete (Halo TV 2022),1,/tags/Pete%20(Halo%20TV%202022),c
Vinsher Grath & Kwan Ha,1,/tags/Vinsher%20Grath%20*a*%20Kwan%20Ha,r
The Flood (Halo)/Original Character(s),1,/tags/The%20Flood%20(Halo)*s*Original%20Character(s),r
Jaal Ama Darav/Noble Six | SPARTAN-B312,1,/tags/Jaal%20Ama%20Darav*s*Noble%20Six%20%7C%20SPARTAN-B312,r
Catherine Halsey/Uzumaki Naruto,0,/tags/Catherine%20Halsey*s*Uzumaki%20Naruto,r
John-117 | Master Chief & Jacob Keyes,3,/tags/John-117%20%7C%20Master%20Chief%20*a*%20Jacob%20Keyes,r
Adun Saly,0,/tags/Adun%20Saly,c
John-117 | Master Chief & Soren-066,2,/tags/John-117%20%7C%20Master%20Chief%20*a*%20Soren-066,r
John-117 | Master Chief & Samuel-034,1,/tags/John-117%20%7C%20Master%20Chief%20*a*%20Samuel-034,r
René-081 (Halo),1,/tags/Ren%C3%A9-081%20(Halo),c
Locklear (Halo),1,/tags/Locklear%20(Halo),c
Silver Team (Halo) - Character,0,/tags/Silver%20Team%20(Halo)%20-%20Character,c
Mute Lucy-B091 (Halo),0,/tags/Mute%20Lucy-B091%20(Halo),f
Male Noble Six | SPARTAN-B312,8,/tags/Male%20Noble%20Six%20%7C%20SPARTAN-B312,f
UNSC Navy (Halo),4,/tags/UNSC%20Navy%20(Halo),f
Noble Six | SPARTAN-B312 Lives,0,/tags/Noble%20Six%20%7C%20SPARTAN-B312%20Lives,f
Series: Halo Legends (Halo),0,/tags/Series:%20Halo%20Legends%20(Halo),f
Asexual John-117 | Master Chief,1,/tags/Asexual%20John-117%20%7C%20Master%20Chief,f
Amalea Petrov,1,/tags/Amalea%20Petrov,c
Amalea Petrov & Jega 'Rdomnai,0,/tags/Amalea%20Petrov%20*a*%20Jega%20'Rdomnai,r
Melissa McKay,0,/tags/Melissa%20McKay,c
Nina Kovan,0,/tags/Nina%20Kovan,c
Wallace A. Jenkins,0,/tags/Wallace%20A*d*%20Jenkins,c
Thrallslayer | Avitus,0,/tags/Thrallslayer%20%7C%20Avitus,c
Carter-A259 | Noble One/You,0,/tags/Carter-A259%20%7C%20Noble%20One*s*You,r
Catherine Halsey & Adun Saly,0,/tags/Catherine%20Halsey%20*a*%20Adun%20Saly,r
Cortana & Silver Team (Halo),0,/tags/Cortana%20*a*%20Silver%20Team%20(Halo),r
Emile-A239 | Noble Four/You,0,/tags/Emile-A239%20%7C%20Noble%20Four*s*You,r
Frederic-104/Locklear (Halo),0,/tags/Frederic-104*s*Locklear%20(Halo),r
Isaac-039/Vinh-030 (Halo),0,/tags/Isaac-039*s*Vinh-030%20(Halo),r
Jorge-052 | Noble Five/You,0,/tags/Jorge-052%20%7C%20Noble%20Five*s*You,r
Jun-A266 | Noble Three/You,0,/tags/Jun-A266%20%7C%20Noble%20Three*s*You,r
Maria-062 (Halo)/Original Character(s),4,/tags/Maria-062%20(Halo)*s*Original%20Character(s),r
Cortana & Roland | RLD 0205-4,0,/tags/Cortana%20*a*%20Roland%20%7C%20RLD%200205-4,r
Cortana/Roland | RLD 0205-4,0,/tags/Cortana*s*Roland%20%7C%20RLD%200205-4,r
Roland | RLD 0205-4/The Weapon,0,/tags/Roland%20%7C%20RLD%200205-4*s*The%20Weapon,r
Sarah Palmer/Olympia Vale,0,/tags/Sarah%20Palmer*s*Olympia%20Vale,r
Bella Disztl,1,/tags/Bella%20Disztl,c
Vinsher Grath & Kai-125,0,/tags/Vinsher%20Grath%20*a*%20Kai-125,r
Vinsher Grath & Soren-066,0,/tags/Vinsher%20Grath%20*a*%20Soren-066,r
Vinsher Grath & Pete,0,/tags/Vinsher%20Grath%20*a*%20Pete,r
Violetta Franco & Vinsher Grath,1,/tags/Violetta%20Franco%20*a*%20Vinsher%20Grath,r
Violetta Franco/Vinsher Grath,2,/tags/Violetta%20Franco*s*Vinsher%20Grath,r
Maks Chapov/Bella Disztl,0,/tags/Maks%20Chapov*s*Bella%20Disztl,r
Crewmate (Among Us) & Guardian (Destiny) & Original SPARTAN Character(s) (Halo),0,/tags/Crewmate%20(Among%20Us)%20*a*%20Guardian%20(Destiny)%20*a*%20Original%20SPARTAN%20Character(s)%20(Halo),r
John-117 | Master Chief & Ruby Rose (RWBY),0,/tags/John-117%20%7C%20Master%20Chief%20*a*%20Ruby%20Rose%20(RWBY),r
"Junjie ""JJ"" Chen/Walter Vickers",0,/tags/Junjie%20%22JJ%22%20Chen*s*Walter%20Vickers,r
"Junjie ""JJ"" Chen (Halo)",0,/tags/Junjie%20%22JJ%22%20Chen%20(Halo),c
Audrey Lasky & Thomas Lasky,2,/tags/Audrey%20Lasky%20*a*%20Thomas%20Lasky,r
Kennedy Mehaffey,1,/tags/Kennedy%20Mehaffey,c
Sarah Palmer & Roland | RLD 0205-4,1,/tags/Sarah%20Palmer%20*a*%20Roland%20%7C%20RLD%200205-4,r
John-117 | Master Chief/Shrek (Shrek),0,/tags/John-117%20%7C%20Master%20Chief*s*Shrek%20(Shrek),r
"Michael ""Sully"" Sullivan (Halo)",0,/tags/Michael%20%22Sully%22%20Sullivan%20(Halo),c
John-117 | Master Chief & Mario (Nintendo),0,/tags/John-117%20%7C%20Master%20Chief%20*a*%20Mario%20(Nintendo),r
Thomas Lasky & Sarah Palmer & Roland | RLD 0205-4,0,/tags/Thomas%20Lasky%20*a*%20Sarah%20Palmer%20*a*%20Roland%20%7C%20RLD%200205-4,r
Thomas Lasky/Other(s),0,/tags/Thomas%20Lasky*s*Other(s),r
Episode: s01e03 Emergence (Halo),0,/tags/Episode:%20s01e03%20Emergence%20(Halo),f
Kwan Ha & Soren-066 (Halo),0,/tags/Kwan%20Ha%20*a*%20Soren-066%20(Halo),r
The Doctor (Doctor Who) & John-117 | Master Chief,0,/tags/The%20Doctor%20(Doctor%20Who)%20*a*%20John-117%20%7C%20Master%20Chief,r
