tag,count,href,category
Amachi Nozomu,13,/tags/Amachi%20Nozomu,c
Gosei Knight,6,/tags/Gosei%20Knight,c
Agri (Goseiger),29,/tags/Agri%20(Goseiger),c
Alata (Goseiger),65,/tags/Alata%20(Goseiger),c
Eri (Goseiger),33,/tags/Eri%20(Goseiger),c
Hyde (Goseiger),49,/tags/Hyde%20(Goseiger),c
Magis (Goseiger),26,/tags/Magis%20(Goseiger),c
Moune (Goseiger),28,/tags/Moune%20(Goseiger),c
Moune (Goseiger)/Tani Chiaki,0,/tags/Moune%20(Goseiger)*s*Tani%20Chiaki,r
Datas (Goseiger),1,/tags/Datas%20(Goseiger),c
Agri (Goseiger)/Luka Millfy,0,/tags/Agri%20(Goseiger)*s*Luka%20Millfy,r
Alata (Goseiger)/Koh (Ryusoulger),1,/tags/Alata%20(Goseiger)*s*Koh%20(Ryusoulger),r
Eri/Moune (Goseiger),0,/tags/Eri*s*Moune%20(Goseiger),r
Alata & Eri (Goseiger),1,/tags/Alata%20*a*%20Eri%20(Goseiger),r
Hyde & Magis (Goseiger),2,/tags/Hyde%20*a*%20Magis%20(Goseiger),r
Alata & Hyde (Goseiger),4,/tags/Alata%20*a*%20Hyde%20(Goseiger),r
Alata & Eri & Hyde (Goseiger),1,/tags/Alata%20*a*%20Eri%20*a*%20Hyde%20(Goseiger),r
Eri (Goseiger)/Amy Yuuzuki,1,/tags/Eri%20(Goseiger)*s*Amy%20Yuuzuki,r
Eri (Goseiger) & Stacey (Zenkaiger),1,/tags/Eri%20(Goseiger)%20*a*%20Stacey%20(Zenkaiger),r
Alata (Goseiger)/Shiba Takeru,1,/tags/Alata%20(Goseiger)*s*Shiba%20Takeru,r
Buredoran | Burajira (Goseiger),0,/tags/Buredoran%20%7C%20Burajira%20(Goseiger),c
Metal-Alice (Goseiger),0,/tags/Metal-Alice%20(Goseiger),c
Robogog (Goseiger),0,/tags/Robogog%20(Goseiger),c
Master Head (Goseiger),0,/tags/Master%20Head%20(Goseiger),c
Amachi Shuuichirou,1,/tags/Amachi%20Shuuichirou,c
Agri & Moune (Goseiger),1,/tags/Agri%20*a*%20Moune%20(Goseiger),r
Agri/Alata (Goseiger),2,/tags/Agri*s*Alata%20(Goseiger),r
Agri/Eri (Goseiger),1,/tags/Agri*s*Eri%20(Goseiger),r
Agri/Hyde (Goseiger),0,/tags/Agri*s*Hyde%20(Goseiger),r
Alata (Goseiger)/Captain Marvelous,3,/tags/Alata%20(Goseiger)*s*Captain%20Marvelous,r
Alata/Eri (Goseiger),1,/tags/Alata*s*Eri%20(Goseiger),r
Eri & Moune (Goseiger),0,/tags/Eri%20*a*%20Moune%20(Goseiger),r
Hyde/Magis (Goseiger),1,/tags/Hyde*s*Magis%20(Goseiger),r
Hyde/Moune (Goseiger),2,/tags/Hyde*s*Moune%20(Goseiger),r
Agri & Hyde (Goseiger),1,/tags/Agri%20*a*%20Hyde%20(Goseiger),r
Alata (Goseiger) & Captain Marvelous,1,/tags/Alata%20(Goseiger)%20*a*%20Captain%20Marvelous,r
Alata & Magis (Goseiger),0,/tags/Alata%20*a*%20Magis%20(Goseiger),r
Alata/Magis (Goseiger),0,/tags/Alata*s*Magis%20(Goseiger),r
Hyde & Moune (Goseiger),1,/tags/Hyde%20*a*%20Moune%20(Goseiger),r
Alata/Hyde (Goseiger),0,/tags/Alata*s*Hyde%20(Goseiger),r
Eri & Hyde (Goseiger),0,/tags/Eri%20*a*%20Hyde%20(Goseiger),r
Agri/Magis (Goseiger),1,/tags/Agri*s*Magis%20(Goseiger),r
