tag,count,href,category
Oda Nobunaga,705,/tags/Oda%20Nobunaga,c
Kashuu Kiyomitsu,835,/tags/Kashuu%20Kiyomitsu,c
Tsurumaru Kuninaga,1001,/tags/Tsurumaru%20Kuninaga,c
Souza Samonji,294,/tags/Souza%20Samonji,c
Heshikiri Hasebe/Souza Samonji,73,/tags/Heshikiri%20Hasebe*s*Souza%20Samonji,r
Heshikiri Hasebe,638,/tags/Heshikiri%20Hasebe,c
Honebami Toushirou/Saniwa,4,/tags/Honebami%20Toushirou*s*Saniwa,r
Namazuo Toushirou/Saniwa,9,/tags/Namazuo%20Toushirou*s*Saniwa,r
Honebami Toushirou/Namazuo Toushirou,30,/tags/Honebami%20Toushirou*s*Namazuo%20Toushirou,r
Honebami Toushirou,202,/tags/Honebami%20Toushirou,c
Namazuo Toushirou,220,/tags/Namazuo%20Toushirou,c
Kashuu Kiyomitsu/Saniwa,47,/tags/Kashuu%20Kiyomitsu*s*Saniwa,r
Yamatonokami Yasusada,601,/tags/Yamatonokami%20Yasusada,c
Mikazuki Munechika,1118,/tags/Mikazuki%20Munechika,c
Mutsunokami Yoshiyuki,418,/tags/Mutsunokami%20Yoshiyuki,c
Sayo Samonji,210,/tags/Sayo%20Samonji,c
Mikazuki Munechika/Tsurumaru Kuninaga,214,/tags/Mikazuki%20Munechika*s*Tsurumaru%20Kuninaga,r
Izuminokami Kanesada,737,/tags/Izuminokami%20Kanesada,c
Kousetsu Samonji,131,/tags/Kousetsu%20Samonji,c
Kasen Kanesada,454,/tags/Kasen%20Kanesada,c
Horikawa Kunihiro,597,/tags/Horikawa%20Kunihiro,c
Ookurikara/Shokudaikiri Mitsutada,33,/tags/Ookurikara*s*Shokudaikiri%20Mitsutada,r
Shokudaikiri Mitsutada,793,/tags/Shokudaikiri%20Mitsutada,c
Saniwa/Yamanbagiri Kunihiro,28,/tags/Saniwa*s*Yamanbagiri%20Kunihiro,r
Yamanbagiri Kunihiro,724,/tags/Yamanbagiri%20Kunihiro,c
Ichigo Hitofuri,555,/tags/Ichigo%20Hitofuri,c
Souza Samonji/Yagen Toushirou,11,/tags/Souza%20Samonji*s*Yagen%20Toushirou,r
Yagen Toushirou,439,/tags/Yagen%20Toushirou,c
Kogitsunemaru/Mikazuki Munechika,256,/tags/Kogitsunemaru*s*Mikazuki%20Munechika,r
Saniwa/Tsurumaru Kuninaga,17,/tags/Saniwa*s*Tsurumaru%20Kuninaga,r
Yamabushi Kunihiro,120,/tags/Yamabushi%20Kunihiro,c
Akita Toushirou,93,/tags/Akita%20Toushirou,c
Touken Danshi,43,/tags/Touken%20Danshi,c
Hachisuka Kotetsu,245,/tags/Hachisuka%20Kotetsu,c
Kashuu Kiyomitsu/Yamatonokami Yasusada,379,/tags/Kashuu%20Kiyomitsu*s*Yamatonokami%20Yasusada,r
Nagasone Kotetsu,281,/tags/Nagasone%20Kotetsu,c
Mikazuki Munechika/Saniwa,69,/tags/Mikazuki%20Munechika*s*Saniwa,r
Midare Toushirou,177,/tags/Midare%20Toushirou,c
Heshikiri Hasebe/Saniwa,52,/tags/Heshikiri%20Hasebe*s*Saniwa,r
Midare Toushirou/Urashima Kotetsu,2,/tags/Midare%20Toushirou*s*Urashima%20Kotetsu,r
Urashima Kotetsu,110,/tags/Urashima%20Kotetsu,c
Ichigo Hitofuri/Tsurumaru Kuninaga,99,/tags/Ichigo%20Hitofuri*s*Tsurumaru%20Kuninaga,r
Saniwa (Touken Ranbu),885,/tags/Saniwa%20(Touken%20Ranbu),c
Hotarumaru (Touken Ranbu),86,/tags/Hotarumaru%20(Touken%20Ranbu),c
Imanotsurugi (Touken Ranbu),181,/tags/Imanotsurugi%20(Touken%20Ranbu),c
Iwatooshi (Touken Ranbu),146,/tags/Iwatooshi%20(Touken%20Ranbu),c
Kogitsunemaru (Touken Ranbu),390,/tags/Kogitsunemaru%20(Touken%20Ranbu),c
Ookurikara (Touken Ranbu),512,/tags/Ookurikara%20(Touken%20Ranbu),c
Maeda Toushirou,76,/tags/Maeda%20Toushirou,c
Nakigitsune (Touken Ranbu),69,/tags/Nakigitsune%20(Touken%20Ranbu),c
Uguisumaru (Touken Ranbu),318,/tags/Uguisumaru%20(Touken%20Ranbu),c
Taroutachi (Touken Ranbu),96,/tags/Taroutachi%20(Touken%20Ranbu),c
Gokotai (Touken Ranbu),171,/tags/Gokotai%20(Touken%20Ranbu),c
Ishikirimaru (Touken Ranbu),333,/tags/Ishikirimaru%20(Touken%20Ranbu),c
Jiroutachi (Touken Ranbu),94,/tags/Jiroutachi%20(Touken%20Ranbu),c
Tonbokiri (Touken Ranbu),129,/tags/Tonbokiri%20(Touken%20Ranbu),c
Izuminokami Kanesada/Kasen Kanesada,12,/tags/Izuminokami%20Kanesada*s*Kasen%20Kanesada,r
Hachisuka Kotetsu/Nagasone Kotetsu,116,/tags/Hachisuka%20Kotetsu*s*Nagasone%20Kotetsu,r
Saniwa/Shishiou (Touken Ranbu),4,/tags/Saniwa*s*Shishiou%20(Touken%20Ranbu),r
Shishiou (Touken Ranbu),70,/tags/Shishiou%20(Touken%20Ranbu),c
Izuminokami Kanesada/Kogitsunemaru,0,/tags/Izuminokami%20Kanesada*s*Kogitsunemaru,r
Hotarumaru/Saniwa (Touken Ranbu),3,/tags/Hotarumaru*s*Saniwa%20(Touken%20Ranbu),r
Imanotsurugi/Iwatooshi (Touken Ranbu),18,/tags/Imanotsurugi*s*Iwatooshi%20(Touken%20Ranbu),r
Jiroutachi/Taroutachi (Touken Ranbu),11,/tags/Jiroutachi*s*Taroutachi%20(Touken%20Ranbu),r
Izuminokami Kanesada/Saniwa,17,/tags/Izuminokami%20Kanesada*s*Saniwa,r
Kogitsunemaru/Saniwa (Touken Ranbu),26,/tags/Kogitsunemaru*s*Saniwa%20(Touken%20Ranbu),r
Kogitsunemaru/Tsurumaru Kuninaga,4,/tags/Kogitsunemaru*s*Tsurumaru%20Kuninaga,r
Nakigitsune/Saniwa (Touken Ranbu),1,/tags/Nakigitsune*s*Saniwa%20(Touken%20Ranbu),r
Ookurikara/Saniwa (Touken Ranbu),18,/tags/Ookurikara*s*Saniwa%20(Touken%20Ranbu),r
Saniwa/Saniwa (Touken Ranbu),1,/tags/Saniwa*s*Saniwa%20(Touken%20Ranbu),r
Saniwa/Taroutachi (Touken Ranbu),6,/tags/Saniwa*s*Taroutachi%20(Touken%20Ranbu),r
Saniwa/Yamatonokami Yasusada,14,/tags/Saniwa*s*Yamatonokami%20Yasusada,r
Izuminokami Kanesada/Nagasone Kotetsu,5,/tags/Izuminokami%20Kanesada*s*Nagasone%20Kotetsu,r
Kashuu Kiyomitsu/Namazuo Toushirou,2,/tags/Kashuu%20Kiyomitsu*s*Namazuo%20Toushirou,r
Ichigo Hitofuri/Saniwa,24,/tags/Ichigo%20Hitofuri*s*Saniwa,r
Izuminokami Kanesada/Mutsunokami Yoshiyuki,172,/tags/Izuminokami%20Kanesada*s*Mutsunokami%20Yoshiyuki,r
Mikazuki Munechika/Yamanbagiri Kunihiro,29,/tags/Mikazuki%20Munechika*s*Yamanbagiri%20Kunihiro,r
Mutsunokami Yoshiyuki/Yamanbagiri Kunihiro,8,/tags/Mutsunokami%20Yoshiyuki*s*Yamanbagiri%20Kunihiro,r
Tsurumaru Kuninaga/Yamanbagiri Kunihiro,18,/tags/Tsurumaru%20Kuninaga*s*Yamanbagiri%20Kunihiro,r
Shokudaikiri Mitsutada/Yamanbagiri Kunihiro,9,/tags/Shokudaikiri%20Mitsutada*s*Yamanbagiri%20Kunihiro,r
Kashuu Kiyomitsu/Yamanbagiri Kunihiro,13,/tags/Kashuu%20Kiyomitsu*s*Yamanbagiri%20Kunihiro,r
Kogitsunemaru/Yamanbagiri Kunihiro,4,/tags/Kogitsunemaru*s*Yamanbagiri%20Kunihiro,r
Otegine (Touken Ranbu),69,/tags/Otegine%20(Touken%20Ranbu),c
Honebami Toushirou/Honebami Toushirou,1,/tags/Honebami%20Toushirou*s*Honebami%20Toushirou,r
Gokotai & Tsurumaru Kuninaga,0,/tags/Gokotai%20*a*%20Tsurumaru%20Kuninaga,r
Kashuu Kiyomitsu/Okita Souji,1,/tags/Kashuu%20Kiyomitsu*s*Okita%20Souji,r
Heshikiri Hasebe/Shokudaikiri Mitsutada,60,/tags/Heshikiri%20Hasebe*s*Shokudaikiri%20Mitsutada,r
Imanotsurugi/Yagen Toushirou,0,/tags/Imanotsurugi*s*Yagen%20Toushirou,r
Akashi Kuniyuki,84,/tags/Akashi%20Kuniyuki,c
Konnosuke (Touken Ranbu),65,/tags/Konnosuke%20(Touken%20Ranbu),c
Nikkari Aoe,367,/tags/Nikkari%20Aoe,c
Hachisuka Kotetsu/Urashima Kotetsu,5,/tags/Hachisuka%20Kotetsu*s*Urashima%20Kotetsu,r
Ishikirimaru/Nikkari Aoe,74,/tags/Ishikirimaru*s*Nikkari%20Aoe,r
Hirano Toushirou,70,/tags/Hirano%20Toushirou,c
Izuminokami Kanesada/Yamatonokami Yasusada,9,/tags/Izuminokami%20Kanesada*s*Yamatonokami%20Yasusada,r
Iwatooshi/Souza Samonji,1,/tags/Iwatooshi*s*Souza%20Samonji,r
Ichigo Hitofuri & Namazuo Toushirou,1,/tags/Ichigo%20Hitofuri%20*a*%20Namazuo%20Toushirou,r
Kousetsu Samonji/Souza Samonji,15,/tags/Kousetsu%20Samonji*s*Souza%20Samonji,r
Yamabushi Kunihiro/Yamanbagiri Kunihiro,2,/tags/Yamabushi%20Kunihiro*s*Yamanbagiri%20Kunihiro,r
Saniwa/Uguisumaru (Touken Ranbu),18,/tags/Saniwa*s*Uguisumaru%20(Touken%20Ranbu),r
Nakigitsune/Shishiou (Touken Ranbu),0,/tags/Nakigitsune*s*Shishiou%20(Touken%20Ranbu),r
Kashuu Kiyomitsu/Kashuu Kiyomitsu,1,/tags/Kashuu%20Kiyomitsu*s*Kashuu%20Kiyomitsu,r
Tsurumaru Kuninaga/Uguisumaru,23,/tags/Tsurumaru%20Kuninaga*s*Uguisumaru,r
Ichigo Hitofuri/Uguisumaru,2,/tags/Ichigo%20Hitofuri*s*Uguisumaru,r
Ichigo Hitofuri/Tsurumaru Kuninaga/Uguisumaru,1,/tags/Ichigo%20Hitofuri*s*Tsurumaru%20Kuninaga*s*Uguisumaru,r
Horikawa Kunihiro/Yagen Toushirou,0,/tags/Horikawa%20Kunihiro*s*Yagen%20Toushirou,r
Ishikirimaru/Kogitsunemaru (Touken Ranbu),0,/tags/Ishikirimaru*s*Kogitsunemaru%20(Touken%20Ranbu),r
Aizen Kunitoshi,76,/tags/Aizen%20Kunitoshi,c
Ichigo Hitofuri/Mikazuki Munechika,104,/tags/Ichigo%20Hitofuri*s*Mikazuki%20Munechika,r
Kashuu Kiyomitsu/Nagasone Kotetsu,5,/tags/Kashuu%20Kiyomitsu*s*Nagasone%20Kotetsu,r
Ookanehira (Touken Ranbu),204,/tags/Ookanehira%20(Touken%20Ranbu),c
Ookanehira/Uguisumaru (Touken Ranbu),136,/tags/Ookanehira*s*Uguisumaru%20(Touken%20Ranbu),r
Ichigo Hitofuri/Namazuo Toushirou,5,/tags/Ichigo%20Hitofuri*s*Namazuo%20Toushirou,r
Tonbokiri/Yagen Toushirou,1,/tags/Tonbokiri*s*Yagen%20Toushirou,r
Shokudaikiri Mitsutada/Shokudaikiri Mitsutada,1,/tags/Shokudaikiri%20Mitsutada*s*Shokudaikiri%20Mitsutada,r
Ookurikara/Tsurumaru Kuninaga,18,/tags/Ookurikara*s*Tsurumaru%20Kuninaga,r
Saniwa/Souza Samonji,5,/tags/Saniwa*s*Souza%20Samonji,r
Kousetsu Samonji/Saniwa/Souza Samonji,1,/tags/Kousetsu%20Samonji*s*Saniwa*s*Souza%20Samonji,r
Mikazuki Munechika/Shishiou,4,/tags/Mikazuki%20Munechika*s*Shishiou,r
Kasen Kanesada & Sayo Samonji,1,/tags/Kasen%20Kanesada%20*a*%20Sayo%20Samonji,r
Sayo Samonji & Souza Samonji,2,/tags/Sayo%20Samonji%20*a*%20Souza%20Samonji,r
Kousetsu Samonji/Taroutachi,1,/tags/Kousetsu%20Samonji*s*Taroutachi,r
Kasen Kanesada/Saniwa,26,/tags/Kasen%20Kanesada*s*Saniwa,r
Saniwa/Touken Danshi,4,/tags/Saniwa*s*Touken%20Danshi,r
Ichigo Hitofuri & Yagen Toushirou,7,/tags/Ichigo%20Hitofuri%20*a*%20Yagen%20Toushirou,r
Blacksmith (Touken Ranbu),6,/tags/Blacksmith%20(Touken%20Ranbu),c
Hakata Toushirou,50,/tags/Hakata%20Toushirou,c
Atsushi Toushirou,71,/tags/Atsushi%20Toushirou,c
Honebami Toushirou/Urashima Kotetsu,1,/tags/Honebami%20Toushirou*s*Urashima%20Kotetsu,r
Horikawa Kunihiro/Izuminokami Kanesada,62,/tags/Horikawa%20Kunihiro*s*Izuminokami%20Kanesada,r
Kasen Kanesada/Uguisumaru,1,/tags/Kasen%20Kanesada*s*Uguisumaru,r
Iwatooshi/Kousetsu Samonji,7,/tags/Iwatooshi*s*Kousetsu%20Samonji,r
Mutsunokami Yoshiyuki/Yamatonokami Yasusada,1,/tags/Mutsunokami%20Yoshiyuki*s*Yamatonokami%20Yasusada,r
Nihongou (Touken Ranbu),89,/tags/Nihongou%20(Touken%20Ranbu),c
Monoyoshi Sadamune,79,/tags/Monoyoshi%20Sadamune,c
Mutsunokami Yoshiyuki/Saniwa,14,/tags/Mutsunokami%20Yoshiyuki*s*Saniwa,r
Heshikiri Hasebe/Ookurikara,1,/tags/Heshikiri%20Hasebe*s*Ookurikara,r
Doudanuki Masakuni,65,/tags/Doudanuki%20Masakuni,c
Doudanuki Masakuni/Shishiou,1,/tags/Doudanuki%20Masakuni*s*Shishiou,r
Gokotai/Ookurikara (Touken Ranbu),2,/tags/Gokotai*s*Ookurikara%20(Touken%20Ranbu),r
Doudanuki Masakuni & Otegine,2,/tags/Doudanuki%20Masakuni%20*a*%20Otegine,r
Hotarumaru (Touken Ranbu)/Undisclosed,0,/tags/Hotarumaru%20(Touken%20Ranbu)*s*Undisclosed,r
Ishikirimaru/Saniwa (Touken Ranbu),7,/tags/Ishikirimaru*s*Saniwa%20(Touken%20Ranbu),r
Ishikirimaru/Shishiou (Touken Ranbu),0,/tags/Ishikirimaru*s*Shishiou%20(Touken%20Ranbu),r
Kasen Kanesada/Mikazuki Munechika,2,/tags/Kasen%20Kanesada*s*Mikazuki%20Munechika,r
Akashi Kuniyuki/Nihongou,0,/tags/Akashi%20Kuniyuki*s*Nihongou,r
Ookurikara/Shokudaikiri Mitsutada/Tsurumaru Kuninaga,4,/tags/Ookurikara*s*Shokudaikiri%20Mitsutada*s*Tsurumaru%20Kuninaga,r
Namazuo Toushirou & Tsurumaru Kuninaga,4,/tags/Namazuo%20Toushirou%20*a*%20Tsurumaru%20Kuninaga,r
Jiroutachi/Nihongou (Touken Ranbu),5,/tags/Jiroutachi*s*Nihongou%20(Touken%20Ranbu),r
Jiroutachi/Otegine (Touken Ranbu),0,/tags/Jiroutachi*s*Otegine%20(Touken%20Ranbu),r
Jiroutachi/Saniwa (Touken Ranbu),4,/tags/Jiroutachi*s*Saniwa%20(Touken%20Ranbu),r
Kousetsu Samonji/Saniwa,7,/tags/Kousetsu%20Samonji*s*Saniwa,r
Horikawa Kunihiro/Kashuu Kiyomitsu,9,/tags/Horikawa%20Kunihiro*s*Kashuu%20Kiyomitsu,r
Shokudaikiri Mitsutada/Undisclosed,0,/tags/Shokudaikiri%20Mitsutada*s*Undisclosed,r
Saniwa/Shokudaikiri Mitsutada,22,/tags/Saniwa*s*Shokudaikiri%20Mitsutada,r
Saniwa/Tonbokiri (Touken Ranbu),14,/tags/Saniwa*s*Tonbokiri%20(Touken%20Ranbu),r
Taroutachi/Tonbokiri (Touken Ranbu),0,/tags/Taroutachi*s*Tonbokiri%20(Touken%20Ranbu),r
Saniwa (Touken Ranbu)/Undisclosed,3,/tags/Saniwa%20(Touken%20Ranbu)*s*Undisclosed,r
Hirano Toushirou/Uguisumaru,0,/tags/Hirano%20Toushirou*s*Uguisumaru,r
Mikazuki Munechika/Yagen Toushirou,0,/tags/Mikazuki%20Munechika*s*Yagen%20Toushirou,r
Horikawa Kunihiro/Yamatonokami Yasusada,3,/tags/Horikawa%20Kunihiro*s*Yamatonokami%20Yasusada,r
Monoyoshi Sadamune/Urashima Kotetsu,1,/tags/Monoyoshi%20Sadamune*s*Urashima%20Kotetsu,r
Saniwa/Sayo Samonji,1,/tags/Saniwa*s*Sayo%20Samonji,r
Akashi Kuniyuki/Ichigo Hitofuri,1,/tags/Akashi%20Kuniyuki*s*Ichigo%20Hitofuri,r
Onimaru Kunitsuna,40,/tags/Onimaru%20Kunitsuna,c
Monoyoshi Sadamune & Namazuo Toushirou,2,/tags/Monoyoshi%20Sadamune%20*a*%20Namazuo%20Toushirou,r
Aizen Kunitoshi/Sayo Samonji,2,/tags/Aizen%20Kunitoshi*s*Sayo%20Samonji,r
Tsurumaru Kuninaga/Yagen Toushirou,3,/tags/Tsurumaru%20Kuninaga*s*Yagen%20Toushirou,r
Saniwa/Yagen Toushirou,14,/tags/Saniwa*s*Yagen%20Toushirou,r
Onimaru Kunitsuna/Tsurumaru Kuninaga,2,/tags/Onimaru%20Kunitsuna*s*Tsurumaru%20Kuninaga,r
Monoyoshi Sadamune/Gotou Toushirou,7,/tags/Monoyoshi%20Sadamune*s*Gotou%20Toushirou,r
Monoyoshi Sadamune/Tonbokiri,2,/tags/Monoyoshi%20Sadamune*s*Tonbokiri,r
Gotou Toushirou,46,/tags/Gotou%20Toushirou,c
Ishikirimaru/Kousetsu Samonji,1,/tags/Ishikirimaru*s*Kousetsu%20Samonji,r
Ichigo Hitofuri/Yamanbagiri Kunihiro,24,/tags/Ichigo%20Hitofuri*s*Yamanbagiri%20Kunihiro,r
Higekiri (Touken Ranbu),242,/tags/Higekiri%20(Touken%20Ranbu),c
Hizamaru (Touken Ranbu),227,/tags/Hizamaru%20(Touken%20Ranbu),c
Ichigo Hitofuri/Yagen Toushirou,4,/tags/Ichigo%20Hitofuri*s*Yagen%20Toushirou,r
Kebiishi (Touken Ranbu),6,/tags/Kebiishi%20(Touken%20Ranbu),c
Gokotai/Ookurikara/Shishiou (Touken Ranbu),0,/tags/Gokotai*s*Ookurikara*s*Shishiou%20(Touken%20Ranbu),r
Gokotai/Shishiou (Touken Ranbu),1,/tags/Gokotai*s*Shishiou%20(Touken%20Ranbu),r
Higekiri/Hizamaru/Uguisumaru (Touken Ranbu),2,/tags/Higekiri*s*Hizamaru*s*Uguisumaru%20(Touken%20Ranbu),r
Ichigo Hitofuri & Monoyoshi Sadamune,0,/tags/Ichigo%20Hitofuri%20*a*%20Monoyoshi%20Sadamune,r
Saniwa (Touken Ranbu)/Other(s),2,/tags/Saniwa%20(Touken%20Ranbu)*s*Other(s),r
Ichigo Hitofuri/Monoyoshi Sadamune,2,/tags/Ichigo%20Hitofuri*s*Monoyoshi%20Sadamune,r
Mikazuki Munechika/Nihongou,0,/tags/Mikazuki%20Munechika*s*Nihongou,r
Nagasone Kotetsu/Saniwa,11,/tags/Nagasone%20Kotetsu*s*Saniwa,r
Kasen Kanesada/Sayo Samonji,3,/tags/Kasen%20Kanesada*s*Sayo%20Samonji,r
Ookurikara/Shokudaikiri Mitsutada/Yamanbagiri Kunihiro,1,/tags/Ookurikara*s*Shokudaikiri%20Mitsutada*s*Yamanbagiri%20Kunihiro,r
Hotarumaru & Yamanbagiri Kunihiro,0,/tags/Hotarumaru%20*a*%20Yamanbagiri%20Kunihiro,r
Kousetsu Samonji/Yamanbagiri Kunihiro,6,/tags/Kousetsu%20Samonji*s*Yamanbagiri%20Kunihiro,r
Hijikata Toshizou/Izuminokami Kanesada,4,/tags/Hijikata%20Toshizou*s*Izuminokami%20Kanesada,r
Heshikiri Hasebe/Nihongou,11,/tags/Heshikiri%20Hasebe*s*Nihongou,r
Okita Souji/Yamatonokami Yasusada,6,/tags/Okita%20Souji*s*Yamatonokami%20Yasusada,r
Midare Toushirou/Yagen Toushirou,2,/tags/Midare%20Toushirou*s*Yagen%20Toushirou,r
Higekiri/Hizamaru (Touken Ranbu),113,/tags/Higekiri*s*Hizamaru%20(Touken%20Ranbu),r
Atsushi Toushirou/Doudanuki Masakuni,1,/tags/Atsushi%20Toushirou*s*Doudanuki%20Masakuni,r
Doudanuki Masakuni/Yamabushi Kunihiro,1,/tags/Doudanuki%20Masakuni*s*Yamabushi%20Kunihiro,r
Iwatooshi/Mikazuki Munechika,3,/tags/Iwatooshi*s*Mikazuki%20Munechika,r
Heshikiri Hasebe/Heshikiri Hasebe,0,/tags/Heshikiri%20Hasebe*s*Heshikiri%20Hasebe,r
Yamanbagiri Kunihiro/Other(s),6,/tags/Yamanbagiri%20Kunihiro*s*Other(s),r
Heshikiri Hasebe/Yamanbagiri Kunihiro,48,/tags/Heshikiri%20Hasebe*s*Yamanbagiri%20Kunihiro,r
Juzumaru Tsunetsugu,126,/tags/Juzumaru%20Tsunetsugu,c
Saniwa (Touken Ranbu)/Everyone,34,/tags/Saniwa%20(Touken%20Ranbu)*s*Everyone,r
Yamanbagiri Kunihiro/Everyone,8,/tags/Yamanbagiri%20Kunihiro*s*Everyone,r
Mikazuki Munechika/Uguisumaru,6,/tags/Mikazuki%20Munechika*s*Uguisumaru,r
Saniwa (Touken Ranbu) & Other(s),3,/tags/Saniwa%20(Touken%20Ranbu)%20*a*%20Other(s),r
Yamanbagiri Kunihiro/Yamatonokami Yasusada,0,/tags/Yamanbagiri%20Kunihiro*s*Yamatonokami%20Yasusada,r
Awataguchi Family (Touken Ranbu),47,/tags/Awataguchi%20Family%20(Touken%20Ranbu),c
Awataguchi Family/Saniwa (Touken Ranbu),1,/tags/Awataguchi%20Family*s*Saniwa%20(Touken%20Ranbu),r
Ichigo Hitofuri & Nakigitsune,3,/tags/Ichigo%20Hitofuri%20*a*%20Nakigitsune,r
Mikazuki Munechika/Tonbokiri,0,/tags/Mikazuki%20Munechika*s*Tonbokiri,r
Fudou Yukimitsu,112,/tags/Fudou%20Yukimitsu,c
Kogitsunemaru/Nakigitsune (Touken Ranbu),7,/tags/Kogitsunemaru*s*Nakigitsune%20(Touken%20Ranbu),r
Hachisuka Kotetsu/Kasen Kanesada,1,/tags/Hachisuka%20Kotetsu*s*Kasen%20Kanesada,r
Izuminokami Kanesada/Mikazuki Munechika,9,/tags/Izuminokami%20Kanesada*s*Mikazuki%20Munechika,r
Shinano Toushirou,44,/tags/Shinano%20Toushirou,c
Tsurumaru Kuninaga/Yamatonokami Yasusada,1,/tags/Tsurumaru%20Kuninaga*s*Yamatonokami%20Yasusada,r
Mikazuki Munechika/Original Character(s),9,/tags/Mikazuki%20Munechika*s*Original%20Character(s),r
Iwatooshi/Shishiou (Touken Ranbu),0,/tags/Iwatooshi*s*Shishiou%20(Touken%20Ranbu),r
Imanotsurugi/Sayo Samonji,3,/tags/Imanotsurugi*s*Sayo%20Samonji,r
Kousetsu Samonji/Uguisumaru,0,/tags/Kousetsu%20Samonji*s*Uguisumaru,r
Doudanuki Masakuni/Honebami Toushirou,0,/tags/Doudanuki%20Masakuni*s*Honebami%20Toushirou,r
Jiroutachi/Saniwa/Taroutachi (Touken Ranbu),0,/tags/Jiroutachi*s*Saniwa*s*Taroutachi%20(Touken%20Ranbu),r
Nihongou/Taroutachi (Touken Ranbu),0,/tags/Nihongou*s*Taroutachi%20(Touken%20Ranbu),r
Monoyoshi Sadamune/Namazuo Toushirou,1,/tags/Monoyoshi%20Sadamune*s*Namazuo%20Toushirou,r
Mikazuki Munechika/Ookurikara,1,/tags/Mikazuki%20Munechika*s*Ookurikara,r
Ichigo Hitofuri/Yamabushi Kunihiro,2,/tags/Ichigo%20Hitofuri*s*Yamabushi%20Kunihiro,r
Izuminokami Kanesada/Other(s),0,/tags/Izuminokami%20Kanesada*s*Other(s),r
Ichigo Hitofuri/Reader,8,/tags/Ichigo%20Hitofuri*s*Reader,r
Midare Toushirou/Shinano Toushirou,0,/tags/Midare%20Toushirou*s*Shinano%20Toushirou,r
Shokudaikiri Mitsutada/Yagen Toushirou,1,/tags/Shokudaikiri%20Mitsutada*s*Yagen%20Toushirou,r
Taikogane Sadamune,183,/tags/Taikogane%20Sadamune,c
Heshikiri Hasebe/Shokudaikiri Mitsutada/Yagen Toushirou,0,/tags/Heshikiri%20Hasebe*s*Shokudaikiri%20Mitsutada*s*Yagen%20Toushirou,r
Heshikiri Hasebe/Oda Nobunaga,0,/tags/Heshikiri%20Hasebe*s*Oda%20Nobunaga,r
Doudanuki Masakuni/Shokudaikiri Mitsutada,1,/tags/Doudanuki%20Masakuni*s*Shokudaikiri%20Mitsutada,r
Akashi Kuniyuki/Saniwa,6,/tags/Akashi%20Kuniyuki*s*Saniwa,r
Shokudaikiri Mitsutada/Taikogane Sadamune,10,/tags/Shokudaikiri%20Mitsutada*s*Taikogane%20Sadamune,r
Kashuu Kiyomitsu/Shishiou,1,/tags/Kashuu%20Kiyomitsu*s*Shishiou,r
Higekiri/Yamanbagiri Kunihiro,4,/tags/Higekiri*s*Yamanbagiri%20Kunihiro,r
Kebiishi/Nakigitsune (Touken Ranbu),0,/tags/Kebiishi*s*Nakigitsune%20(Touken%20Ranbu),r
Date Masamune & Shokudaikiri Mitsutada,2,/tags/Date%20Masamune%20*a*%20Shokudaikiri%20Mitsutada,r
Oodenta Mitsuyo,92,/tags/Oodenta%20Mitsuyo,c
Juzumaru Tsunetsugu/Kousetsu Samonji,1,/tags/Juzumaru%20Tsunetsugu*s*Kousetsu%20Samonji,r
Uguisumaru/Yamanbagiri Kunihiro,3,/tags/Uguisumaru*s*Yamanbagiri%20Kunihiro,r
Oodenta Mitsuyo/Saniwa,9,/tags/Oodenta%20Mitsuyo*s*Saniwa,r
Doudanuki Masakuni/Souza Samonji,4,/tags/Doudanuki%20Masakuni*s*Souza%20Samonji,r
Sohayanotsurugi (Touken Ranbu),26,/tags/Sohayanotsurugi%20(Touken%20Ranbu),c
Horikawa Kunihiro/Yamanbagiri Kunihiro,0,/tags/Horikawa%20Kunihiro*s*Yamanbagiri%20Kunihiro,r
Kikkou Sadamune,70,/tags/Kikkou%20Sadamune,c
Saniwa & Shinano Toushirou,1,/tags/Saniwa%20*a*%20Shinano%20Toushirou,r
Hizamaru/Iwatooshi (Touken Ranbu),8,/tags/Hizamaru*s*Iwatooshi%20(Touken%20Ranbu),r
Saniwa & Yagen Toushirou,11,/tags/Saniwa%20*a*%20Yagen%20Toushirou,r
Saniwa (Touken Ranbu) & Everyone,13,/tags/Saniwa%20(Touken%20Ranbu)%20*a*%20Everyone,r
Kashuu Kiyomitsu & Saniwa,9,/tags/Kashuu%20Kiyomitsu%20*a*%20Saniwa,r
Mikazuki Munechika & Saniwa,9,/tags/Mikazuki%20Munechika%20*a*%20Saniwa,r
Akashi Kuniyuki/Tonbokiri,1,/tags/Akashi%20Kuniyuki*s*Tonbokiri,r
Oodenta Mitsuyo/Ookanehira,4,/tags/Oodenta%20Mitsuyo*s*Ookanehira,r
Sengo Muramasa/Tonbokiri,27,/tags/Sengo%20Muramasa*s*Tonbokiri,r
Kogarasumaru/Ookanehira (Touken Ranbu),0,/tags/Kogarasumaru*s*Ookanehira%20(Touken%20Ranbu),r
Hachisuka Kotetsu/Nagasone Kotetsu/Urashima Kotetsu,1,/tags/Hachisuka%20Kotetsu*s*Nagasone%20Kotetsu*s*Urashima%20Kotetsu,r
Saniwa (Touken Ranbu)/Original Character(s),1,/tags/Saniwa%20(Touken%20Ranbu)*s*Original%20Character(s),r
Nagasone Kotetsu/Tsurumaru Kuninaga,0,/tags/Nagasone%20Kotetsu*s*Tsurumaru%20Kuninaga,r
Kashuu Kiyomitsu/Reader,7,/tags/Kashuu%20Kiyomitsu*s*Reader,r
Kashuu Kiyomitsu/Nakahara Chuuya (Bungou Stray Dogs),0,/tags/Kashuu%20Kiyomitsu*s*Nakahara%20Chuuya%20(Bungou%20Stray%20Dogs),r
Ookurikara & Sengo Muramasa,1,/tags/Ookurikara%20*a*%20Sengo%20Muramasa,r
Ishikirimaru/Mikazuki Munechika,3,/tags/Ishikirimaru*s*Mikazuki%20Munechika,r
Kashuu Kiyomitsu/Mikazuki Munechika,6,/tags/Kashuu%20Kiyomitsu*s*Mikazuki%20Munechika,r
Hizamaru & Iwatooshi (Touken Ranbu),0,/tags/Hizamaru%20*a*%20Iwatooshi%20(Touken%20Ranbu),r
Imanotsurugi & Iwatooshi (Touken Ranbu),4,/tags/Imanotsurugi%20*a*%20Iwatooshi%20(Touken%20Ranbu),r
Hizamaru & Imanotsurugi (Touken Ranbu),2,/tags/Hizamaru%20*a*%20Imanotsurugi%20(Touken%20Ranbu),r
Imanotsurugi & Sayo Samonji,1,/tags/Imanotsurugi%20*a*%20Sayo%20Samonji,r
Juzumaru Tsunetsugu/Nikkari Aoe,15,/tags/Juzumaru%20Tsunetsugu*s*Nikkari%20Aoe,r
Higekiri & Hizamaru (Touken Ranbu),9,/tags/Higekiri%20*a*%20Hizamaru%20(Touken%20Ranbu),r
Hizamaru/Kasen Kanesada,1,/tags/Hizamaru*s*Kasen%20Kanesada,r
Ichigo Hitofuri/Original Character(s),8,/tags/Ichigo%20Hitofuri*s*Original%20Character(s),r
Kasen Kanesada/Nihongou,0,/tags/Kasen%20Kanesada*s*Nihongou,r
Kasen Kanesada/Ookanehira,0,/tags/Kasen%20Kanesada*s*Ookanehira,r
Kashuu Kiyomitsu/Kebiishi,1,/tags/Kashuu%20Kiyomitsu*s*Kebiishi,r
Nikkari Aoe/Nikkari Aoe,2,/tags/Nikkari%20Aoe*s*Nikkari%20Aoe,r
Ookanehira/Sengo Muramasa,1,/tags/Ookanehira*s*Sengo%20Muramasa,r
Tomoegata Naginata,30,/tags/Tomoegata%20Naginata,c
Gokotai & Saniwa (Touken Ranbu),2,/tags/Gokotai%20*a*%20Saniwa%20(Touken%20Ranbu),r
Mikazuki Munechika/Reader,9,/tags/Mikazuki%20Munechika*s*Reader,r
Koryuu Kagemitsu,89,/tags/Koryuu%20Kagemitsu,c
Honebami Toushirou/Yamanbagiri Kunihiro,1,/tags/Honebami%20Toushirou*s*Yamanbagiri%20Kunihiro,r
Atsushi Toushirou/Yagen Toushirou,5,/tags/Atsushi%20Toushirou*s*Yagen%20Toushirou,r
Kashuu Kiyomitsu/Ookurikara,14,/tags/Kashuu%20Kiyomitsu*s*Ookurikara,r
Doudanuki Masakuni/Mikazuki Munechika,2,/tags/Doudanuki%20Masakuni*s*Mikazuki%20Munechika,r
Izuminokami Kanesada & Mutsunokami Yoshiyuki,9,/tags/Izuminokami%20Kanesada%20*a*%20Mutsunokami%20Yoshiyuki,r
Heshikiri Hasebe/Yagen Toushirou,2,/tags/Heshikiri%20Hasebe*s*Yagen%20Toushirou,r
Ookurikara & Shokudaikiri Mitsutada,5,/tags/Ookurikara%20*a*%20Shokudaikiri%20Mitsutada,r
Touken Ranbu Big Bang 2017,1,/tags/Touken%20Ranbu%20Big%20Bang%202017,f
Honebami Toushirou & Yagen Toushirou,2,/tags/Honebami%20Toushirou%20*a*%20Yagen%20Toushirou,r
Mouri Toushirou,21,/tags/Mouri%20Toushirou,c
Kashuu Kiyomitsu/Shokudaikiri Mitsutada,1,/tags/Kashuu%20Kiyomitsu*s*Shokudaikiri%20Mitsutada,r
Kashuu Kiyomitsu/Mutsunokami Yoshiyuki,8,/tags/Kashuu%20Kiyomitsu*s*Mutsunokami%20Yoshiyuki,r
Honebami Toushirou/Reader,2,/tags/Honebami%20Toushirou*s*Reader,r
Namazuo Toushirou/Reader,3,/tags/Namazuo%20Toushirou*s*Reader,r
Azuki Nagamitsu/Shokudaikiri Mitsutada,2,/tags/Azuki%20Nagamitsu*s*Shokudaikiri%20Mitsutada,r
Azuki Nagamitsu,56,/tags/Azuki%20Nagamitsu,c
Kotegiri Gou,52,/tags/Kotegiri%20Gou,c
Kashuu Kiyomitsu & Yamatonokami Yasusada,49,/tags/Kashuu%20Kiyomitsu%20*a*%20Yamatonokami%20Yasusada,r
Izuminokami Kanesada & Kasen Kanesada,11,/tags/Izuminokami%20Kanesada%20*a*%20Kasen%20Kanesada,r
Yamanbagiri Chougi,153,/tags/Yamanbagiri%20Chougi,c
Kousetsu Samonji/Mutsunokami Yoshiyuki,1,/tags/Kousetsu%20Samonji*s*Mutsunokami%20Yoshiyuki,r
Kamekichi (Touken Ranbu),3,/tags/Kamekichi%20(Touken%20Ranbu),c
Kasen Kanesada/Koryuu Kagemitsu,2,/tags/Kasen%20Kanesada*s*Koryuu%20Kagemitsu,r
Maeda Toushirou & Oodenta Mitsuyo,1,/tags/Maeda%20Toushirou%20*a*%20Oodenta%20Mitsuyo,r
Daihannya Nagamitsu,81,/tags/Daihannya%20Nagamitsu,c
Saniwa/Shinano Toushirou,2,/tags/Saniwa*s*Shinano%20Toushirou,r
Touken Ranbu Secret Santa 2017,8,/tags/Touken%20Ranbu%20Secret%20Santa%202017,f
Touken Ranbu Secret Santa,3,/tags/Touken%20Ranbu%20Secret%20Santa,f
Top Horikawa Kunihiro,1,/tags/Top%20Horikawa%20Kunihiro,f
Hyuuga Masamune,11,/tags/Hyuuga%20Masamune,c
Kenshin Kagemitsu,26,/tags/Kenshin%20Kagemitsu,c
Shokudaikiri Mitsutada/Tsurumaru Kuninaga,49,/tags/Shokudaikiri%20Mitsutada*s*Tsurumaru%20Kuninaga,r
Hachisuka Kotetsu/Yamanbagiri Kunihiro,1,/tags/Hachisuka%20Kotetsu*s*Yamanbagiri%20Kunihiro,r
Nagasone Kotetsu/Yamanbagiri Kunihiro,1,/tags/Nagasone%20Kotetsu*s*Yamanbagiri%20Kunihiro,r
Hachisuka Kotetsu/Tonbokiri,1,/tags/Hachisuka%20Kotetsu*s*Tonbokiri,r
Azuki Nagamitsu/Kotegiri Gou,1,/tags/Azuki%20Nagamitsu*s*Kotegiri%20Gou,r
Yamatonokami Yasusada/Reader,4,/tags/Yamatonokami%20Yasusada*s*Reader,r
Izuminokami Kanesada/Reader,4,/tags/Izuminokami%20Kanesada*s*Reader,r
Akashi Kuniyuki & Ichigo Hitofuri,1,/tags/Akashi%20Kuniyuki%20*a*%20Ichigo%20Hitofuri,r
Kashuu Kiyomitsu & Mutsunokami Yoshiyuki,2,/tags/Kashuu%20Kiyomitsu%20*a*%20Mutsunokami%20Yoshiyuki,r
Mutsunokami Yoshiyuki/Reader,5,/tags/Mutsunokami%20Yoshiyuki*s*Reader,r
Kasen Kanesada & Saniwa,6,/tags/Kasen%20Kanesada%20*a*%20Saniwa,r
Izuminokami Kanesada/Tonbokiri,5,/tags/Izuminokami%20Kanesada*s*Tonbokiri,r
Gotou Toushirou/Shinano Toushirou,2,/tags/Gotou%20Toushirou*s*Shinano%20Toushirou,r
Izuminokami Kanesada/Sakurauchi Riko,0,/tags/Izuminokami%20Kanesada*s*Sakurauchi%20Riko,r
Sengo Muramasa & Tonbokiri,3,/tags/Sengo%20Muramasa%20*a*%20Tonbokiri,r
Shizukagata Naginata,20,/tags/Shizukagata%20Naginata,c
Kogarasumaru/Saniwa (Touken Ranbu),1,/tags/Kogarasumaru*s*Saniwa%20(Touken%20Ranbu),r
Hirano Toushirou/Honebami Toushirou,0,/tags/Hirano%20Toushirou*s*Honebami%20Toushirou,r
Higekiri (Touken Ranbu)/Original Female Character(s),1,/tags/Higekiri%20(Touken%20Ranbu)*s*Original%20Female%20Character(s),r
Kashuu Kiyomitsu/Kogitsunemaru,0,/tags/Kashuu%20Kiyomitsu*s*Kogitsunemaru,r
Iwatooshi/Kashuu Kiyomitsu,0,/tags/Iwatooshi*s*Kashuu%20Kiyomitsu,r
Imanotsurugi/Kashuu Kiyomitsu,0,/tags/Imanotsurugi*s*Kashuu%20Kiyomitsu,r
Higekiri/Oodenta Mitsuyo,2,/tags/Higekiri*s*Oodenta%20Mitsuyo,r
Kogitsunemaru & Mikazuki Munechika,2,/tags/Kogitsunemaru%20*a*%20Mikazuki%20Munechika,r
Ichigo Hitofuri/Kashuu Kiyomitsu,0,/tags/Ichigo%20Hitofuri*s*Kashuu%20Kiyomitsu,r
Kashuu Kiyomitsu/Taikogane Sadamune,0,/tags/Kashuu%20Kiyomitsu*s*Taikogane%20Sadamune,r
Izuminokami Kanesada/Kashuu Kiyomitsu,3,/tags/Izuminokami%20Kanesada*s*Kashuu%20Kiyomitsu,r
Jiroutachi & Taroutachi (Touken Ranbu),2,/tags/Jiroutachi%20*a*%20Taroutachi%20(Touken%20Ranbu),r
Heshikiri Hasebe & Saniwa,7,/tags/Heshikiri%20Hasebe%20*a*%20Saniwa,r
Yamabushi Kunihiro & Yamanbagiri Kunihiro,0,/tags/Yamabushi%20Kunihiro%20*a*%20Yamanbagiri%20Kunihiro,r
Anzu/Oogami Kouga/Ookurikara (Touken Ranbu),0,/tags/Anzu*s*Oogami%20Kouga*s*Ookurikara%20(Touken%20Ranbu),r
Urashima Kotetsu/Yamatonokami Yasusada,0,/tags/Urashima%20Kotetsu*s*Yamatonokami%20Yasusada,r
Kasen Kanesada/Ookurikara,17,/tags/Kasen%20Kanesada*s*Ookurikara,r
Nihongou & Otegine & Tonbokiri (Touken Ranbu),1,/tags/Nihongou%20*a*%20Otegine%20*a*%20Tonbokiri%20(Touken%20Ranbu),r
Heshikiri Hasebe/Tsurumaru Kuninaga,14,/tags/Heshikiri%20Hasebe*s*Tsurumaru%20Kuninaga,r
Nikkari Aoe/Souza Samonji,2,/tags/Nikkari%20Aoe*s*Souza%20Samonji,r
Ookurikara/Otegine (Touken Ranbu),11,/tags/Ookurikara*s*Otegine%20(Touken%20Ranbu),r
Gokotai/Sayo Samonji,3,/tags/Gokotai*s*Sayo%20Samonji,r
Higekiri/Sohayanotsurugi (Touken Ranbu),0,/tags/Higekiri*s*Sohayanotsurugi%20(Touken%20Ranbu),r
Horikawa Kunihiro/Mutsunokami Yoshiyuki,2,/tags/Horikawa%20Kunihiro*s*Mutsunokami%20Yoshiyuki,r
Saniwa & Tonbokiri (Touken Ranbu),5,/tags/Saniwa%20*a*%20Tonbokiri%20(Touken%20Ranbu),r
Tsurumaru Kuninaga & Uguisumaru,2,/tags/Tsurumaru%20Kuninaga%20*a*%20Uguisumaru,r
Shokudaikiri Mitsutada & Taikogane Sadamune,2,/tags/Shokudaikiri%20Mitsutada%20*a*%20Taikogane%20Sadamune,r
Izuminokami Kanesada & Other(s),0,/tags/Izuminokami%20Kanesada%20*a*%20Other(s),r
Ookurikara (Touken Ranbu)/Original Character(s),1,/tags/Ookurikara%20(Touken%20Ranbu)*s*Original%20Character(s),r
Otegine & Tonbokiri (Touken Ranbu),0,/tags/Otegine%20*a*%20Tonbokiri%20(Touken%20Ranbu),r
Otegine & Saniwa (Touken Ranbu),1,/tags/Otegine%20*a*%20Saniwa%20(Touken%20Ranbu),r
Nihongou & Otegine (Touken Ranbu),0,/tags/Nihongou%20*a*%20Otegine%20(Touken%20Ranbu),r
Nikkari Aoe/Shokudaikiri Mitsutada,4,/tags/Nikkari%20Aoe*s*Shokudaikiri%20Mitsutada,r
Oodenta Mitsuyo & Sengo Muramasa,0,/tags/Oodenta%20Mitsuyo%20*a*%20Sengo%20Muramasa,r
Nikkari Aoe & Souza Samonji,0,/tags/Nikkari%20Aoe%20*a*%20Souza%20Samonji,r
Nansen Ichimonji,52,/tags/Nansen%20Ichimonji,c
Azuki Nagamitsu/Yamanbagiri Kunihiro,1,/tags/Azuki%20Nagamitsu*s*Yamanbagiri%20Kunihiro,r
Horikawa Kunihiro & Kasen Kanesada,1,/tags/Horikawa%20Kunihiro%20*a*%20Kasen%20Kanesada,r
Izuminokami Kanesada & Yamatonokami Yasusada,2,/tags/Izuminokami%20Kanesada%20*a*%20Yamatonokami%20Yasusada,r
Oodenta Mitsuyo/Sohayanotsurugi,5,/tags/Oodenta%20Mitsuyo*s*Sohayanotsurugi,r
Azuki Nagamitsu/Kenshin Kagemitsu,1,/tags/Azuki%20Nagamitsu*s*Kenshin%20Kagemitsu,r
Hachisuka Kotetsu/Saniwa,3,/tags/Hachisuka%20Kotetsu*s*Saniwa,r
Sayo Samonji/Taikogane Sadamune,1,/tags/Sayo%20Samonji*s*Taikogane%20Sadamune,r
Ishikari Day 2018,0,/tags/Ishikari%20Day%202018,f
Okita Souji & Yamatonokami Yasusada,4,/tags/Okita%20Souji%20*a*%20Yamatonokami%20Yasusada,r
Koryuu Kagemitsu/Nikkari Aoe,2,/tags/Koryuu%20Kagemitsu*s*Nikkari%20Aoe,r
Kashuu Kiyomitsu & Okita Souji,6,/tags/Kashuu%20Kiyomitsu%20*a*%20Okita%20Souji,r
Higekiri/Uguisumaru (Touken Ranbu),1,/tags/Higekiri*s*Uguisumaru%20(Touken%20Ranbu),r
Atsushi Toushirou/Saniwa,1,/tags/Atsushi%20Toushirou*s*Saniwa,r
Mutsunokami Yoshiyuki/Souza Samonji,1,/tags/Mutsunokami%20Yoshiyuki*s*Souza%20Samonji,r
Nihongou/Yamanbagiri Kunihiro,1,/tags/Nihongou*s*Yamanbagiri%20Kunihiro,r
Azuki Nagamitsu/Daihannya Nagamitsu,8,/tags/Azuki%20Nagamitsu*s*Daihannya%20Nagamitsu,r
Chiyoganemaru/Mikazuki Munechika,1,/tags/Chiyoganemaru*s*Mikazuki%20Munechika,r
Saniwa & Yamatonokami Yasusada,2,/tags/Saniwa%20*a*%20Yamatonokami%20Yasusada,r
Izuminokami Kanesada/Tsurumaru Kuninaga,2,/tags/Izuminokami%20Kanesada*s*Tsurumaru%20Kuninaga,r
Izuminokami Kanesada/Yagen Toushirou,1,/tags/Izuminokami%20Kanesada*s*Yagen%20Toushirou,r
Azuki Nagamitsu/Saniwa,5,/tags/Azuki%20Nagamitsu*s*Saniwa,r
Azuki Nagamitsu/Tonbokiri,1,/tags/Azuki%20Nagamitsu*s*Tonbokiri,r
Hijikata Toshizou & Izuminokami Kanesada,2,/tags/Hijikata%20Toshizou%20*a*%20Izuminokami%20Kanesada,r
Hijikata Toshizou & Horikawa Kunihiro,2,/tags/Hijikata%20Toshizou%20*a*%20Horikawa%20Kunihiro,r
Nansen Ichimonji/Saniwa,2,/tags/Nansen%20Ichimonji*s*Saniwa,r
Heshikiri Hasebe/Ookanehira,3,/tags/Heshikiri%20Hasebe*s*Ookanehira,r
Chiyoganemaru (Touken Ranbu),11,/tags/Chiyoganemaru%20(Touken%20Ranbu),c
Uguisumaru (Touken Ranbu)/Original Character(s),0,/tags/Uguisumaru%20(Touken%20Ranbu)*s*Original%20Character(s),r
Kogitsunemaru (Touken Ranbu)/Reader,4,/tags/Kogitsunemaru%20(Touken%20Ranbu)*s*Reader,r
Kogitsunemaru (Touken Ranbu)/You,2,/tags/Kogitsunemaru%20(Touken%20Ranbu)*s*You,r
Higekiri (Touken Ranbu)/Reader,3,/tags/Higekiri%20(Touken%20Ranbu)*s*Reader,r
Higekiri (Touken Ranbu)/You,2,/tags/Higekiri%20(Touken%20Ranbu)*s*You,r
Awataguchi Family/Kashuu Kiyomitsu,0,/tags/Awataguchi%20Family*s*Kashuu%20Kiyomitsu,r
Heshikiri Hasebe/Other(s),2,/tags/Heshikiri%20Hasebe*s*Other(s),r
Okita Souji/Saniwa/Yamatonokami Yasusada,0,/tags/Okita%20Souji*s*Saniwa*s*Yamatonokami%20Yasusada,r
Hizamaru/Shizukagata Naginata,0,/tags/Hizamaru*s*Shizukagata%20Naginata,r
Nihongou/Otegine/Tonbokiri (Touken Ranbu),2,/tags/Nihongou*s*Otegine*s*Tonbokiri%20(Touken%20Ranbu),r
Hyuuga Masamune/Monoyoshi Sadamune,0,/tags/Hyuuga%20Masamune*s*Monoyoshi%20Sadamune,r
Ookanehira & Uguisumaru (Touken Ranbu),0,/tags/Ookanehira%20*a*%20Uguisumaru%20(Touken%20Ranbu),r
Kasen Kanesada/Yamabushi Kunihiro,0,/tags/Kasen%20Kanesada*s*Yamabushi%20Kunihiro,r
Kasen Kanesada/Tsurumaru Kuninaga,0,/tags/Kasen%20Kanesada*s*Tsurumaru%20Kuninaga,r
Heshikiri Hasebe/Kuroda Nagamasa,0,/tags/Heshikiri%20Hasebe*s*Kuroda%20Nagamasa,r
Heshikiri Hasebe/Original Character(s),7,/tags/Heshikiri%20Hasebe*s*Original%20Character(s),r
Souza Samonji/Original Character(s),0,/tags/Souza%20Samonji*s*Original%20Character(s),r
Kogitsunemaru (Touken Ranbu)/Original Character(s),3,/tags/Kogitsunemaru%20(Touken%20Ranbu)*s*Original%20Character(s),r
Kashuu Kiyomitsu/Sengo Muramasa,1,/tags/Kashuu%20Kiyomitsu*s*Sengo%20Muramasa,r
Daihannya Nagamitsu/Koryuu Kagemitsu,18,/tags/Daihannya%20Nagamitsu*s*Koryuu%20Kagemitsu,r
Yamanbagiri Chougi & Yamanbagiri Kunihiro,23,/tags/Yamanbagiri%20Chougi%20*a*%20Yamanbagiri%20Kunihiro,r
Ishikirimaru & Nikkari Aoe,4,/tags/Ishikirimaru%20*a*%20Nikkari%20Aoe,r
Yamanbagiri Chougi/Yamanbagiri Kunihiro,51,/tags/Yamanbagiri%20Chougi*s*Yamanbagiri%20Kunihiro,r
Nihongou/Souza Samonji,1,/tags/Nihongou*s*Souza%20Samonji,r
Hyuuga Masamune/Mouri Toushirou,0,/tags/Hyuuga%20Masamune*s*Mouri%20Toushirou,r
Touken Ranbu Secret Santa 2018,8,/tags/Touken%20Ranbu%20Secret%20Santa%202018,f
Hachisuka Kotetsu & Nagasone Kotetsu & Urashima Kotetsu,1,/tags/Hachisuka%20Kotetsu%20*a*%20Nagasone%20Kotetsu%20*a*%20Urashima%20Kotetsu,r
Buzen Gou,56,/tags/Buzen%20Gou,c
Koryuu Kagemitsu/Yamanbagiri Kunihiro,4,/tags/Koryuu%20Kagemitsu*s*Yamanbagiri%20Kunihiro,r
Ookurikara & Yamanbagiri Kunihiro,1,/tags/Ookurikara%20*a*%20Yamanbagiri%20Kunihiro,r
Tomoegata Naginata/Yamatonokami Yasusada,1,/tags/Tomoegata%20Naginata*s*Yamatonokami%20Yasusada,r
Gender-Neutral Saniwa (Touken Ranbu),30,/tags/Gender-Neutral%20Saniwa%20(Touken%20Ranbu),f
Daihannya Nagamitsu/Tsurumaru Kuninaga,1,/tags/Daihannya%20Nagamitsu*s*Tsurumaru%20Kuninaga,r
Hizamaru (Touken Ranbu)/Original Female Character(s),8,/tags/Hizamaru%20(Touken%20Ranbu)*s*Original%20Female%20Character(s),r
Higekiri/Tsurumaru Kuninaga,4,/tags/Higekiri*s*Tsurumaru%20Kuninaga,r
Kasen Kanesada/Original Female Character(s),1,/tags/Kasen%20Kanesada*s*Original%20Female%20Character(s),r
Hijikata Toshizou/Horikawa Kunihiro,0,/tags/Hijikata%20Toshizou*s*Horikawa%20Kunihiro,r
Koryuu Kagemitsu/Saniwa,1,/tags/Koryuu%20Kagemitsu*s*Saniwa,r
Daihannya Nagamitsu/Saniwa,7,/tags/Daihannya%20Nagamitsu*s*Saniwa,r
Citadel Ensemble (Touken Ranbu),8,/tags/Citadel%20Ensemble%20(Touken%20Ranbu),c
Hotarumaru & Namazuo Toushirou,0,/tags/Hotarumaru%20*a*%20Namazuo%20Toushirou,r
Gokotai/Imanotsurugi (Touken Ranbu),0,/tags/Gokotai*s*Imanotsurugi%20(Touken%20Ranbu),r
Kashuu Kiyomitsu & Yamanbagiri Kunihiro,3,/tags/Kashuu%20Kiyomitsu%20*a*%20Yamanbagiri%20Kunihiro,r
Fujimaru Ritsuka & Kashuu Kiyomitsu,0,/tags/Fujimaru%20Ritsuka%20*a*%20Kashuu%20Kiyomitsu,r
Female Horikawa Kunihiro,0,/tags/Female%20Horikawa%20Kunihiro,f
Female Tsurumaru Kuninaga,1,/tags/Female%20Tsurumaru%20Kuninaga,f
Everyday Life in the Citadel (Touken Ranbu),13,/tags/Everyday%20Life%20in%20the%20Citadel%20(Touken%20Ranbu),f
Citadel Shenanigans (Touken Ranbu),12,/tags/Citadel%20Shenanigans%20(Touken%20Ranbu),f
Hakusan Yoshimitsu,25,/tags/Hakusan%20Yoshimitsu,c
Mikazuki Munechika/Yamanbagiri Chougi,0,/tags/Mikazuki%20Munechika*s*Yamanbagiri%20Chougi,r
Nakigitsune (Touken Ranbu) & Other(s),0,/tags/Nakigitsune%20(Touken%20Ranbu)%20*a*%20Other(s),r
Shinano Toushirou/Yagen Toushirou,0,/tags/Shinano%20Toushirou*s*Yagen%20Toushirou,r
Higekiri/Nikkari Aoe,1,/tags/Higekiri*s*Nikkari%20Aoe,r
Hizamaru/Nikkari Aoe,1,/tags/Hizamaru*s*Nikkari%20Aoe,r
Higekiri & Hizamaru & Ookanehira & Uguisumaru (Touken Ranbu),0,/tags/Higekiri%20*a*%20Hizamaru%20*a*%20Ookanehira%20*a*%20Uguisumaru%20(Touken%20Ranbu),r
Heshikiri Hasebe/Oda Nobunaga | Archer,0,/tags/Heshikiri%20Hasebe*s*Oda%20Nobunaga%20%7C%20Archer,r
Touken Ranbu Big Bang 2019,10,/tags/Touken%20Ranbu%20Big%20Bang%202019,f
Kasen Kanesada/Reader,4,/tags/Kasen%20Kanesada*s*Reader,r
Shokudaikiri Mitsutada/Yamanbagiri Chougi,1,/tags/Shokudaikiri%20Mitsutada*s*Yamanbagiri%20Chougi,r
Shokudaikiri Mitsutada/Reader,5,/tags/Shokudaikiri%20Mitsutada*s*Reader,r
Horikawa Kunihiro/Reader,3,/tags/Horikawa%20Kunihiro*s*Reader,r
Tsurumaru Kuninaga/Reader,14,/tags/Tsurumaru%20Kuninaga*s*Reader,r
Akashi Kuniyuki/Tsurumaru Kuninaga,5,/tags/Akashi%20Kuniyuki*s*Tsurumaru%20Kuninaga,r
Gokotai/Saniwa (Touken Ranbu),1,/tags/Gokotai*s*Saniwa%20(Touken%20Ranbu),r
Gokotai (Touken Ranbu)/Reader,1,/tags/Gokotai%20(Touken%20Ranbu)*s*Reader,r
Izuminokami Kanesada/Ookurikara,0,/tags/Izuminokami%20Kanesada*s*Ookurikara,r
Nikkari Aoe/Other(s),1,/tags/Nikkari%20Aoe*s*Other(s),r
Kogitsunemaru/Yamanbagiri Chougi,1,/tags/Kogitsunemaru*s*Yamanbagiri%20Chougi,r
Taikogane Sadamune/Reader,2,/tags/Taikogane%20Sadamune*s*Reader,r
Higekiri & Hizamaru (Touken Ranbu) & Onikiri (Onmyoji),0,/tags/Higekiri%20*a*%20Hizamaru%20(Touken%20Ranbu)%20*a*%20Onikiri%20(Onmyoji),r
Hizamaru (Touken Ranbu) & Shuten Douji (Onmyoji),0,/tags/Hizamaru%20(Touken%20Ranbu)%20*a*%20Shuten%20Douji%20(Onmyoji),r
Kurikara Gou,4,/tags/Kurikara%20Gou,c
Matsui Gou,69,/tags/Matsui%20Gou,c
Kuwana Gou,47,/tags/Kuwana%20Gou,c
Izuminokami Kanesada/Kasen Kanesada/Reader,0,/tags/Izuminokami%20Kanesada*s*Kasen%20Kanesada*s*Reader,r
Touken Ranbu: Hiden Yui no Me no Hototogisu Spoilers,4,/tags/Touken%20Ranbu:%20Hiden%20Yui%20no%20Me%20no%20Hototogisu%20Spoilers,f
Buzen Gou/Matsui Gou,12,/tags/Buzen%20Gou*s*Matsui%20Gou,r
Sanchoumou (Touken Ranbu),32,/tags/Sanchoumou%20(Touken%20Ranbu),c
Akashi Kuniyuki/You,1,/tags/Akashi%20Kuniyuki*s*You,r
Ichigo Hitofuri/Mikazuki Munechika/Yamanbagiri Kunihiro,1,/tags/Ichigo%20Hitofuri*s*Mikazuki%20Munechika*s*Yamanbagiri%20Kunihiro,r
Kogarasumaru/Tsurumaru Kuninaga,2,/tags/Kogarasumaru*s*Tsurumaru%20Kuninaga,r
Kuwana Gou/Matsui Gou,10,/tags/Kuwana%20Gou*s*Matsui%20Gou,r
Hachisuka Kotetsu/Horikawa Kunihiro,0,/tags/Hachisuka%20Kotetsu*s*Horikawa%20Kunihiro,r
Gotou Toushirou/Ichigo Hitofuri,1,/tags/Gotou%20Toushirou*s*Ichigo%20Hitofuri,r
Main Character (Sakura Amidst Chaos) & Oda Nobunaga,1,/tags/Main%20Character%20(Sakura%20Amidst%20Chaos)%20*a*%20Oda%20Nobunaga,r
Nagasone Kotetsu/Souza Samonji,1,/tags/Nagasone%20Kotetsu*s*Souza%20Samonji,r
Minamoto Kiyomaro,21,/tags/Minamoto%20Kiyomaro,c
Sanchoumou/Yamanbagiri Kunihiro,2,/tags/Sanchoumou*s*Yamanbagiri%20Kunihiro,r
Nenekirimaru (Touken Ranbu),7,/tags/Nenekirimaru%20(Touken%20Ranbu),c
Chiyoganemaru/Nenekirimaru (Touken Ranbu),0,/tags/Chiyoganemaru*s*Nenekirimaru%20(Touken%20Ranbu),r
Ishikirimaru/Nenekirimaru (Touken Ranbu),1,/tags/Ishikirimaru*s*Nenekirimaru%20(Touken%20Ranbu),r
Sanchoumou/Saniwa (Touken Ranbu),1,/tags/Sanchoumou*s*Saniwa%20(Touken%20Ranbu),r
Nagasone Kotetsu/Nihongou,0,/tags/Nagasone%20Kotetsu*s*Nihongou,r
Azuki Nagamitsu/Uguisumaru,1,/tags/Azuki%20Nagamitsu*s*Uguisumaru,r
Onimaru Kunitsuna/Saniwa,8,/tags/Onimaru%20Kunitsuna*s*Saniwa,r
Onimaru Kunitsuna/Oodenta Mitsuyo,5,/tags/Onimaru%20Kunitsuna*s*Oodenta%20Mitsuyo,r
Mutsunokami Yoshiyuki/Original Character(s),0,/tags/Mutsunokami%20Yoshiyuki*s*Original%20Character(s),r
Doudanuki Masakuni/Saniwa,1,/tags/Doudanuki%20Masakuni*s*Saniwa,r
Buzen Gou/Saniwa,5,/tags/Buzen%20Gou*s*Saniwa,r
Kogitsunemaru/Souza Samonji,1,/tags/Kogitsunemaru*s*Souza%20Samonji,r
Shokudaikiri Mitsutada & Tsurumaru Kuninaga,4,/tags/Shokudaikiri%20Mitsutada%20*a*%20Tsurumaru%20Kuninaga,r
Ichigo Hitofuri & Tsurumaru Kuninaga,1,/tags/Ichigo%20Hitofuri%20*a*%20Tsurumaru%20Kuninaga,r
Otegine/Saniwa (Touken Ranbu),2,/tags/Otegine*s*Saniwa%20(Touken%20Ranbu),r
Abe no Seimei (Onmyoji)/Higekiri (Touken Ranbu),0,/tags/Abe%20no%20Seimei%20(Onmyoji)*s*Higekiri%20(Touken%20Ranbu),r
Abe no Seimei (Onmyoji)/Mikazuki Munechika,0,/tags/Abe%20no%20Seimei%20(Onmyoji)*s*Mikazuki%20Munechika,r
Heshikiri Hasebe & Ookurikara,0,/tags/Heshikiri%20Hasebe%20*a*%20Ookurikara,r
Yagen Toushirou & Other(s),1,/tags/Yagen%20Toushirou%20*a*%20Other(s),r
Nagasone Kotetsu/Urashima Kotetsu,0,/tags/Nagasone%20Kotetsu*s*Urashima%20Kotetsu,r
Higekiri/Kogarasumaru (Touken Ranbu),0,/tags/Higekiri*s*Kogarasumaru%20(Touken%20Ranbu),r
Izuminokami Kanesada/Original Character(s),0,/tags/Izuminokami%20Kanesada*s*Original%20Character(s),r
Nagasone Kotetsu/Other(s),0,/tags/Nagasone%20Kotetsu*s*Other(s),r
Kousetsu Samonji & Sayo Samonji & Souza Samonji,1,/tags/Kousetsu%20Samonji%20*a*%20Sayo%20Samonji%20*a*%20Souza%20Samonji,r
Mikazuki Munechika/Souza Samonji,0,/tags/Mikazuki%20Munechika*s*Souza%20Samonji,r
Onimaru Kunitsuna & Tsurumaru Kuninaga,2,/tags/Onimaru%20Kunitsuna%20*a*%20Tsurumaru%20Kuninaga,r
Nue to Yobareru,0,/tags/Nue%20to%20Yobareru,c
Nue to Yobareru & Shokudaikiri Mitsutada,0,/tags/Nue%20to%20Yobareru%20*a*%20Shokudaikiri%20Mitsutada,r
Sayo Samonji & Taikogane Sadamune,2,/tags/Sayo%20Samonji%20*a*%20Taikogane%20Sadamune,r
Suishinshi Masahide,20,/tags/Suishinshi%20Masahide,c
Higekiri/Kogitsunemaru/Mikazuki Munechika,0,/tags/Higekiri*s*Kogitsunemaru*s*Mikazuki%20Munechika,r
Buzen Gou/Ookurikara,1,/tags/Buzen%20Gou*s*Ookurikara,r
Matsui Gou/Saniwa,5,/tags/Matsui%20Gou*s*Saniwa,r
Horikawa Kunihiro & Yamatonokami Yasusada,1,/tags/Horikawa%20Kunihiro%20*a*%20Yamatonokami%20Yasusada,r
Izuminokami Kanesada & Kashuu Kiyomitsu,3,/tags/Izuminokami%20Kanesada%20*a*%20Kashuu%20Kiyomitsu,r
Horikawa Kunihiro & Nagasone Kotetsu,1,/tags/Horikawa%20Kunihiro%20*a*%20Nagasone%20Kotetsu,r
Nagasone Kotetsu & Yamatonokami Yasusada,2,/tags/Nagasone%20Kotetsu%20*a*%20Yamatonokami%20Yasusada,r
Honebami Toushirou/Mikazuki Munechika,2,/tags/Honebami%20Toushirou*s*Mikazuki%20Munechika,r
Mutsunokami Yoshiyuki/Saniwa/Yamanbagiri Kunihiro,5,/tags/Mutsunokami%20Yoshiyuki*s*Saniwa*s*Yamanbagiri%20Kunihiro,r
Kuwana Gou & Matsui Gou,2,/tags/Kuwana%20Gou%20*a*%20Matsui%20Gou,r
Jizou Yukihira,7,/tags/Jizou%20Yukihira,c
Izuminokami Kanesada & Nagasone Kotetsu,0,/tags/Izuminokami%20Kanesada%20*a*%20Nagasone%20Kotetsu,r
Kashuu Kiyomitsu & Nagasone Kotetsu,0,/tags/Kashuu%20Kiyomitsu%20*a*%20Nagasone%20Kotetsu,r
Kogitsunemaru/Shishiou (Touken Ranbu),0,/tags/Kogitsunemaru*s*Shishiou%20(Touken%20Ranbu),r
Kotegiri Gou/Kuwana Gou,0,/tags/Kotegiri%20Gou*s*Kuwana%20Gou,r
Kudagitsune (Touken Ranbu),0,/tags/Kudagitsune%20(Touken%20Ranbu),c
Buzen Gou/Kotegiri Gou,8,/tags/Buzen%20Gou*s*Kotegiri%20Gou,r
Buzen Gou/Kuwana Gou,4,/tags/Buzen%20Gou*s*Kuwana%20Gou,r
Ookurikara/Taikogane Sadamune,23,/tags/Ookurikara*s*Taikogane%20Sadamune,r
Izuminokami Kanesada & Shokudaikiri Mitsutada,0,/tags/Izuminokami%20Kanesada%20*a*%20Shokudaikiri%20Mitsutada,r
Akashi Kuniyuki/Tomoegata Naginata,1,/tags/Akashi%20Kuniyuki*s*Tomoegata%20Naginata,r
Ookurikara/Ookurikara (Touken Ranbu),0,/tags/Ookurikara*s*Ookurikara%20(Touken%20Ranbu),r
Ookurikara (Touken Ranbu)/Other(s),0,/tags/Ookurikara%20(Touken%20Ranbu)*s*Other(s),r
Nansen Ichimonji/Sanchoumou,2,/tags/Nansen%20Ichimonji*s*Sanchoumou,r
Kotegiri Gou & Sayo Samonji,0,/tags/Kotegiri%20Gou%20*a*%20Sayo%20Samonji,r
Atsushi Toushirou/Shinano Toushirou,0,/tags/Atsushi%20Toushirou*s*Shinano%20Toushirou,r
Souza Samonji/Other(s),0,/tags/Souza%20Samonji*s*Other(s),r
Hachisuka Kotetsu/Other(s),1,/tags/Hachisuka%20Kotetsu*s*Other(s),r
Chiyoganemaru/Souza Samonji,0,/tags/Chiyoganemaru*s*Souza%20Samonji,r
Izuminokami Kanesada/Shokudaikiri Mitsutada,1,/tags/Izuminokami%20Kanesada*s*Shokudaikiri%20Mitsutada,r
Tonbokiri (Touken Ranbu)/Reader,1,/tags/Tonbokiri%20(Touken%20Ranbu)*s*Reader,r
Akashi Kuniyuki & Tsurumaru Kuninaga,0,/tags/Akashi%20Kuniyuki%20*a*%20Tsurumaru%20Kuninaga,r
Mutsunokami Yoshiyuki & Saniwa,3,/tags/Mutsunokami%20Yoshiyuki%20*a*%20Saniwa,r
Ookurikara & Taikogane Sadamune,3,/tags/Ookurikara%20*a*%20Taikogane%20Sadamune,r
Kuronosuke (Touken Ranbu),5,/tags/Kuronosuke%20(Touken%20Ranbu),c
Kasen Kanesada/Souza Samonji,1,/tags/Kasen%20Kanesada*s*Souza%20Samonji,r
Ichigo Hitofuri/Kousetsu Samonji,1,/tags/Ichigo%20Hitofuri*s*Kousetsu%20Samonji,r
Kasen Kanesada/Nikkari Aoe,2,/tags/Kasen%20Kanesada*s*Nikkari%20Aoe,r
Mikazuki Munechika/Saitou Hajime,1,/tags/Mikazuki%20Munechika*s*Saitou%20Hajime,r
Matsui Gou/Tsurumaru Kuninaga,5,/tags/Matsui%20Gou*s*Tsurumaru%20Kuninaga,r
Hachisuka Kotetsu/Kashuu Kiyomitsu,0,/tags/Hachisuka%20Kotetsu*s*Kashuu%20Kiyomitsu,r
Doudanuki Masakuni/Hachisuka Kotetsu,0,/tags/Doudanuki%20Masakuni*s*Hachisuka%20Kotetsu,r
Horikawa Kunihiro/Kasen Kanesada,0,/tags/Horikawa%20Kunihiro*s*Kasen%20Kanesada,r
Omega Tsurumaru Kuninaga,1,/tags/Omega%20Tsurumaru%20Kuninaga,f
Alpha Mikazuki Munechika,1,/tags/Alpha%20Mikazuki%20Munechika,f
Chatannakiri (Touken Ranbu),8,/tags/Chatannakiri%20(Touken%20Ranbu),c
Maeda Toushirou/Oodenta Mitsuyo,0,/tags/Maeda%20Toushirou*s*Oodenta%20Mitsuyo,r
Onimaru Kunitsuna & Oodenta Mitsuyo,0,/tags/Onimaru%20Kunitsuna%20*a*%20Oodenta%20Mitsuyo,r
Kuwana Gou & Tonbokiri,0,/tags/Kuwana%20Gou%20*a*%20Tonbokiri,r
Nankaitarou Chouson & Tsurumaru Kuninaga,0,/tags/Nankaitarou%20Chouson%20*a*%20Tsurumaru%20Kuninaga,r
Honebami Toushirou & Kashuu Kiyomitsu,0,/tags/Honebami%20Toushirou%20*a*%20Kashuu%20Kiyomitsu,r
Kotegiri Gou/Matsui Gou,0,/tags/Kotegiri%20Gou*s*Matsui%20Gou,r
Hizen Tadahiro & Mutsunokami Yoshiyuki,1,/tags/Hizen%20Tadahiro%20*a*%20Mutsunokami%20Yoshiyuki,r
Fudou Yukimitsu/Taikogane Sadamune,2,/tags/Fudou%20Yukimitsu*s*Taikogane%20Sadamune,r
Kuwana Gou & Saniwa,1,/tags/Kuwana%20Gou%20*a*%20Saniwa,r
Kuwana Gou & Sengo Muramasa,0,/tags/Kuwana%20Gou%20*a*%20Sengo%20Muramasa,r
Kashuu Kiyomitsu & Shishiou,0,/tags/Kashuu%20Kiyomitsu%20*a*%20Shishiou,r
Sayo Samonji & Yamanbagiri Kunihiro,0,/tags/Sayo%20Samonji%20*a*%20Yamanbagiri%20Kunihiro,r
Nihongou/Yamanbagiri Chougi,1,/tags/Nihongou*s*Yamanbagiri%20Chougi,r
Buzen Gou/Kasen Kanesada,1,/tags/Buzen%20Gou*s*Kasen%20Kanesada,r
Nenekirimaru/Yamabushi Kunihiro,1,/tags/Nenekirimaru*s*Yamabushi%20Kunihiro,r
Fudou Yukimitsu & Imanotsurugi,1,/tags/Fudou%20Yukimitsu%20*a*%20Imanotsurugi,r
Hizen Tadahiro/Horikawa Kunihiro,2,/tags/Hizen%20Tadahiro*s*Horikawa%20Kunihiro,r
Chiganemaru (Touken Ranbu),6,/tags/Chiganemaru%20(Touken%20Ranbu),c
Kokindenjunotachi (Touken Ranbu),14,/tags/Kokindenjunotachi%20(Touken%20Ranbu),c
Jizou Yukihira/Kokindenjunotachi,4,/tags/Jizou%20Yukihira*s*Kokindenjunotachi,r
Anime: Touken Ranbu: Hanamaru,0,/tags/Anime:%20Touken%20Ranbu:%20Hanamaru,f
Honmaru Lockdown Challenge (Touken Ranbu),0,/tags/Honmaru%20Lockdown%20Challenge%20(Touken%20Ranbu),f
Kashuu Kiyomitsu & Kogarasumaru,3,/tags/Kashuu%20Kiyomitsu%20*a*%20Kogarasumaru,r
Horikawa Kunihiro/Izuminokami Kanesada/Mutsunokami Yoshiyuki,0,/tags/Horikawa%20Kunihiro*s*Izuminokami%20Kanesada*s*Mutsunokami%20Yoshiyuki,r
Touken Ranbu Bingo 2020,0,/tags/Touken%20Ranbu%20Bingo%202020,f
MitsuKuri Month 2020,0,/tags/MitsuKuri%20Month%202020,f
Zine: Reflection - A Yamanbagiri Kunihiro & Yamanbagiri Chougi Zine,0,/tags/Zine:%20Reflection%20-%20A%20Yamanbagiri%20Kunihiro%20*a*%20Yamanbagiri%20Chougi%20Zine,f
Tsurumaru Kuninaga/Other(s),0,/tags/Tsurumaru%20Kuninaga*s*Other(s),r
Taikou Samonji,7,/tags/Taikou%20Samonji,c
Doudanuki Masakuni & Honebami Toushirou,1,/tags/Doudanuki%20Masakuni%20*a*%20Honebami%20Toushirou,r
Buzen Gou/Kotegiri Gou/Kuwana Gou/Matsui Gou,10,/tags/Buzen%20Gou*s*Kotegiri%20Gou*s*Kuwana%20Gou*s*Matsui%20Gou,r
Chiganemaru/Urashima Kotetsu,4,/tags/Chiganemaru*s*Urashima%20Kotetsu,r
Daihannya Nagamitsu/Yamanbagiri Chougi,0,/tags/Daihannya%20Nagamitsu*s*Yamanbagiri%20Chougi,r
Kogarasumaru & Namazuo Toushirou,0,/tags/Kogarasumaru%20*a*%20Namazuo%20Toushirou,r
Kogarasumaru & Yamatonokami Yasusada,1,/tags/Kogarasumaru%20*a*%20Yamatonokami%20Yasusada,r
Kogarasumaru & Yamanbagiri Kunihiro,0,/tags/Kogarasumaru%20*a*%20Yamanbagiri%20Kunihiro,r
Kogarasumaru & Tsurumaru Kuninaga,1,/tags/Kogarasumaru%20*a*%20Tsurumaru%20Kuninaga,r
Honebami Toushirou & Kogarasumaru,0,/tags/Honebami%20Toushirou%20*a*%20Kogarasumaru,r
Kogarasumaru & Mikazuki Munechika,0,/tags/Kogarasumaru%20*a*%20Mikazuki%20Munechika,r
Nansen Ichimonji & Ookurikara,0,/tags/Nansen%20Ichimonji%20*a*%20Ookurikara,r
Midare Toushirou & Onimaru Kunitsuna,0,/tags/Midare%20Toushirou%20*a*%20Onimaru%20Kunitsuna,r
Nankaitarou Chouson & Onimaru Kunitsuna,0,/tags/Nankaitarou%20Chouson%20*a*%20Onimaru%20Kunitsuna,r
Kikkou Sadamune/Nankaitarou Chouson,1,/tags/Kikkou%20Sadamune*s*Nankaitarou%20Chouson,r
Ichigo Hitofuri/Namazuo Toushirou/Onimaru Kunitsuna/Tsurumaru Kuninaga,0,/tags/Ichigo%20Hitofuri*s*Namazuo%20Toushirou*s*Onimaru%20Kunitsuna*s*Tsurumaru%20Kuninaga,r
Kichou & Oda Nobunaga,1,/tags/Kichou%20*a*%20Oda%20Nobunaga,r
Samidare Gou,37,/tags/Samidare%20Gou,c
Touken Ranbu Secret Santa 2020,10,/tags/Touken%20Ranbu%20Secret%20Santa%202020,f
Kousetsu Samonji & Sayo Samonji & Souza Samonji & Taiko Samonji,2,/tags/Kousetsu%20Samonji%20*a*%20Sayo%20Samonji%20*a*%20Souza%20Samonji%20*a*%20Taiko%20Samonji,r
Ichigo Hitofuri/Kasen Kanesada,2,/tags/Ichigo%20Hitofuri*s*Kasen%20Kanesada,r
Azuki Nagamitsu/Sanchoumou,5,/tags/Azuki%20Nagamitsu*s*Sanchoumou,r
Minamoto Kiyomaro/Suishinshi Masahide,10,/tags/Minamoto%20Kiyomaro*s*Suishinshi%20Masahide,r
Atsushi Toushirou/Midare Toushirou,2,/tags/Atsushi%20Toushirou*s*Midare%20Toushirou,r
Shizukagata Naginata/Tomoegata Naginata,2,/tags/Shizukagata%20Naginata*s*Tomoegata%20Naginata,r
Nikkou Ichimonji,27,/tags/Nikkou%20Ichimonji,c
Ichigo Hitofuri/Tsurumaru Kuninaga/Yamanbagiri Kunihiro,0,/tags/Ichigo%20Hitofuri*s*Tsurumaru%20Kuninaga*s*Yamanbagiri%20Kunihiro,r
Oochidori Juumonji Yari,9,/tags/Oochidori%20Juumonji%20Yari,c
Hanjin (Touken Ranbu),13,/tags/Hanjin%20(Touken%20Ranbu),c
Nihongou (Touken Ranbu)/Everyone,0,/tags/Nihongou%20(Touken%20Ranbu)*s*Everyone,r
Heshikiri Hasebe/Nihongou/Souza Samonji,0,/tags/Heshikiri%20Hasebe*s*Nihongou*s*Souza%20Samonji,r
Chiyoganemaru/Koryuu Kagemitsu,3,/tags/Chiyoganemaru*s*Koryuu%20Kagemitsu,r
Hachisuka Kotetsu/Mutsunokami Yoshiyuki/Nagasone Kotetsu,0,/tags/Hachisuka%20Kotetsu*s*Mutsunokami%20Yoshiyuki*s*Nagasone%20Kotetsu,r
Oochidori Juumonji Yari/Shizukagata Naginata,1,/tags/Oochidori%20Juumonji%20Yari*s*Shizukagata%20Naginata,r
Saniwa & Souza Samonji,1,/tags/Saniwa%20*a*%20Souza%20Samonji,r
Souza Samonji & Original Character(s),0,/tags/Souza%20Samonji%20*a*%20Original%20Character(s),r
Kogarasumaru (Touken Ranbu) & Other(s),0,/tags/Kogarasumaru%20(Touken%20Ranbu)%20*a*%20Other(s),r
Jiroutachi/Nenekirimaru/Taroutachi (Touken Ranbu),2,/tags/Jiroutachi*s*Nenekirimaru*s*Taroutachi%20(Touken%20Ranbu),r
Nansen Ichimonji/Yamanbagiri Chougi,7,/tags/Nansen%20Ichimonji*s*Yamanbagiri%20Chougi,r
Nikkou Ichimonji/Yamanbagiri Kunihiro,0,/tags/Nikkou%20Ichimonji*s*Yamanbagiri%20Kunihiro,r
Izuminokami Kanesada/You,0,/tags/Izuminokami%20Kanesada*s*You,r
Hyuuga Masamune/Koryuu Kagemitsu,0,/tags/Hyuuga%20Masamune*s*Koryuu%20Kagemitsu,r
Honebami Toushirou/Nue to Yobareru,0,/tags/Honebami%20Toushirou*s*Nue%20to%20Yobareru,r
Ishikirimaru/Nikkari Aoe/Saniwa,0,/tags/Ishikirimaru*s*Nikkari%20Aoe*s*Saniwa,r
Hotarumaru & Saniwa (Touken Ranbu),2,/tags/Hotarumaru%20*a*%20Saniwa%20(Touken%20Ranbu),r
Kousetsu Samonji & Tsurumaru Kuninaga,0,/tags/Kousetsu%20Samonji%20*a*%20Tsurumaru%20Kuninaga,r
Ichigo Hitofuri/Kousetsu Samonji/Tsurumaru Kuninaga/Uguisumaru,0,/tags/Ichigo%20Hitofuri*s*Kousetsu%20Samonji*s*Tsurumaru%20Kuninaga*s*Uguisumaru,r
Kousetsu Samonji/Yamabushi Kunihiro,4,/tags/Kousetsu%20Samonji*s*Yamabushi%20Kunihiro,r
Nankaitarou Chouson & Yagen Toushirou,0,/tags/Nankaitarou%20Chouson%20*a*%20Yagen%20Toushirou,r
Musical: Atsukashiyama Ibun (Touken Ranbu),0,/tags/Musical:%20Atsukashiyama%20Ibun%20(Touken%20Ranbu),f
Musical: Bakumatsu Tenrouden (Touken Ranbu),0,/tags/Musical:%20Bakumatsu%20Tenrouden%20(Touken%20Ranbu),f
Musical: Higekiri Hizamaru Soukishutsujin 2019 ~SOGA~ (Touken Ranbu),0,/tags/Musical:%20Higekiri%20Hizamaru%20Soukishutsujin%202019%20~SOGA~%20(Touken%20Ranbu),f
Musical: Musubi no Hibiki Hajimari no Ne (Touken Ranbu),0,/tags/Musical:%20Musubi%20no%20Hibiki%20Hajimari%20no%20Ne%20(Touken%20Ranbu),f
Play: Hiden Yui no Me no Hototogisu (Touken Ranbu),0,/tags/Play:%20Hiden%20Yui%20no%20Me%20no%20Hototogisu%20(Touken%20Ranbu),f
Play: Jiden: Hibi No Ha Yo Chiruran (Touken Ranbu),0,/tags/Play:%20Jiden:%20Hibi%20No%20Ha%20Yo%20Chiruran%20(Touken%20Ranbu),f
Concert: Daienran 2020 (Touken Ranbu),0,/tags/Concert:%20Daienran%202020%20(Touken%20Ranbu),f
Gokotai & Sanchoumou (Touken Ranbu),0,/tags/Gokotai%20*a*%20Sanchoumou%20(Touken%20Ranbu),r
Buzen Gou/Hachisuka Kotetsu,4,/tags/Buzen%20Gou*s*Hachisuka%20Kotetsu,r
Special Investigation: Tenpou Edo Event (Touken Ranbu),0,/tags/Special%20Investigation:%20Tenpou%20Edo%20Event%20(Touken%20Ranbu),f
Doudanuki Masakuni/Shizukagata Naginata,1,/tags/Doudanuki%20Masakuni*s*Shizukagata%20Naginata,r
Ichimonji Norimune & Kashuu Kiyomitsu,1,/tags/Ichimonji%20Norimune%20*a*%20Kashuu%20Kiyomitsu,r
Ichimonji Norimune & Saniwa,3,/tags/Ichimonji%20Norimune%20*a*%20Saniwa,r
Ichimonji Norimune & Yamatonokami Yasusada,1,/tags/Ichimonji%20Norimune%20*a*%20Yamatonokami%20Yasusada,r
Ichimonji Norimune & Original Male Character(s),1,/tags/Ichimonji%20Norimune%20*a*%20Original%20Male%20Character(s),r
Ichimonji Norimune,36,/tags/Ichimonji%20Norimune,c
Monoyoshi Sadamune/Ookurikara,2,/tags/Monoyoshi%20Sadamune*s*Ookurikara,r
Murakumo Gou,31,/tags/Murakumo%20Gou,c
Oodenta Mitsuyo/Sengo Muramasa,2,/tags/Oodenta%20Mitsuyo*s*Sengo%20Muramasa,r
Murakumo Gou/Samidare Gou,6,/tags/Murakumo%20Gou*s*Samidare%20Gou,r
Nihongou/Otegine (Touken Ranbu),1,/tags/Nihongou*s*Otegine%20(Touken%20Ranbu),r
Jiroutachi/Nenekirimaru (Touken Ranbu),0,/tags/Jiroutachi*s*Nenekirimaru%20(Touken%20Ranbu),r
Ichimonji Norimune & Original Female Character(s),0,/tags/Ichimonji%20Norimune%20*a*%20Original%20Female%20Character(s),r
Ichimonji Norimune/Yamanbagiri Chougi,5,/tags/Ichimonji%20Norimune*s*Yamanbagiri%20Chougi,r
Murakumo Gou & Samidare Gou,1,/tags/Murakumo%20Gou%20*a*%20Samidare%20Gou,r
Murakumo Gou & Everyone,1,/tags/Murakumo%20Gou%20*a*%20Everyone,r
Samidare Gou & Everyone,1,/tags/Samidare%20Gou%20*a*%20Everyone,r
Akechi Mitsuhide/Oda Nobunaga/Toyotomi Hideyoshi,1,/tags/Akechi%20Mitsuhide*s*Oda%20Nobunaga*s*Toyotomi%20Hideyoshi,r
Kasen Kanesada/Matsui Gou,1,/tags/Kasen%20Kanesada*s*Matsui%20Gou,r
Hakusan Yoshimitsu/Reader,1,/tags/Hakusan%20Yoshimitsu*s*Reader,r
Hakusan Yoshimitsu/Nakigtsune,0,/tags/Hakusan%20Yoshimitsu*s*Nakigtsune,r
Hakusan Yoshimitsu/Shinano Toushirou,0,/tags/Hakusan%20Yoshimitsu*s*Shinano%20Toushirou,r
Hakusan Yoshimitsu/Yamanbagiri Chougi,1,/tags/Hakusan%20Yoshimitsu*s*Yamanbagiri%20Chougi,r
Imanotsurugi (Touken Ranbu)/Reader,0,/tags/Imanotsurugi%20(Touken%20Ranbu)*s*Reader,r
Houchou Toushirou/Taikogane Sadamune,0,/tags/Houchou%20Toushirou*s*Taikogane%20Sadamune,r
Honebami Toushirou/Hotarumaru/Tsurumaru Kuninaga,0,/tags/Honebami%20Toushirou*s*Hotarumaru*s*Tsurumaru%20Kuninaga,r
Nikkari Aoe/Ookurikara/Tsurumaru Kuninaga,0,/tags/Nikkari%20Aoe*s*Ookurikara*s*Tsurumaru%20Kuninaga,r
Ookurikara & Tsurumaru Kuninaga,1,/tags/Ookurikara%20*a*%20Tsurumaru%20Kuninaga,r
Saniwa & Tsurumaru Kuninaga,6,/tags/Saniwa%20*a*%20Tsurumaru%20Kuninaga,r
Honebami Toushirou/Tsurumaru Kuninaga,0,/tags/Honebami%20Toushirou*s*Tsurumaru%20Kuninaga,r
Juzumaru Tsunetsugu/Tsurumaru Kuninaga,0,/tags/Juzumaru%20Tsunetsugu*s*Tsurumaru%20Kuninaga,r
Monoyoshi Sadamune/Tsurumaru Kuninaga,0,/tags/Monoyoshi%20Sadamune*s*Tsurumaru%20Kuninaga,r
Namazuo Toushirou/Tsurumaru Kuninaga,0,/tags/Namazuo%20Toushirou*s*Tsurumaru%20Kuninaga,r
Ookanehira/Tsurumaru Kuninaga,0,/tags/Ookanehira*s*Tsurumaru%20Kuninaga,r
Juzumaru Tsunetsugu/Ookanehira,5,/tags/Juzumaru%20Tsunetsugu*s*Ookanehira,r
Tsurumaru Kuninaga & Original Character(s),1,/tags/Tsurumaru%20Kuninaga%20*a*%20Original%20Character(s),r
Sanchoumou (Touken Ranbu)/Reader,1,/tags/Sanchoumou%20(Touken%20Ranbu)*s*Reader,r
Hizamaru/Kashuu Kiyomitsu,1,/tags/Hizamaru*s*Kashuu%20Kiyomitsu,r
Nenekirimaru/Saniwa (Touken Ranbu),1,/tags/Nenekirimaru*s*Saniwa%20(Touken%20Ranbu),r
Saniwa & Shokudaikiri Mitsutada,3,/tags/Saniwa%20*a*%20Shokudaikiri%20Mitsutada,r
Nikkou Ichimonji/Saniwa,2,/tags/Nikkou%20Ichimonji*s*Saniwa,r
Nikkou Ichimonji/Reader,2,/tags/Nikkou%20Ichimonji*s*Reader,r
Ichimonji Norimune/Reader,1,/tags/Ichimonji%20Norimune*s*Reader,r
Minamoto Kiyomaro/Saniwa,1,/tags/Minamoto%20Kiyomaro*s*Saniwa,r
Minamoto Kiyomaro/Reader,1,/tags/Minamoto%20Kiyomaro*s*Reader,r
Suishinshi Masahide/Reader,1,/tags/Suishinshi%20Masahide*s*Reader,r
Buzen Gou/Reader,1,/tags/Buzen%20Gou*s*Reader,r
Matsui Gou/Reader,1,/tags/Matsui%20Gou*s*Reader,r
Samidare Gou/Reader,1,/tags/Samidare%20Gou*s*Reader,r
Saniwa/Suishinshi Masahide,1,/tags/Saniwa*s*Suishinshi%20Masahide,r
Kuwana Gou/Reader,1,/tags/Kuwana%20Gou*s*Reader,r
Kuwana Gou/Saniwa,2,/tags/Kuwana%20Gou*s*Saniwa,r
Murakumo Gou/Reader,1,/tags/Murakumo%20Gou*s*Reader,r
Murakumo Gou/Saniwa,1,/tags/Murakumo%20Gou*s*Saniwa,r
Kotegiri Gou/Saniwa,1,/tags/Kotegiri%20Gou*s*Saniwa,r
Kotegiri Gou/Reader,1,/tags/Kotegiri%20Gou*s*Reader,r
Nankaitarou Chouson/Saniwa,4,/tags/Nankaitarou%20Chouson*s*Saniwa,r
Kashuu Kiyomitsu & Ookurikara,1,/tags/Kashuu%20Kiyomitsu%20*a*%20Ookurikara,r
Koryuu Kagemitsu/Kuwana Gou,0,/tags/Koryuu%20Kagemitsu*s*Kuwana%20Gou,r
Heshikiri Hasebe/Nikkou Ichimonji,3,/tags/Heshikiri%20Hasebe*s*Nikkou%20Ichimonji,r
Hanjin/Oochidori Juumonji Yari,7,/tags/Hanjin*s*Oochidori%20Juumonji%20Yari,r
Ichimonji Norimune/Juzumaru Tsunetsugu,2,/tags/Ichimonji%20Norimune*s*Juzumaru%20Tsunetsugu,r
Tomoegata Naginata/Reader,1,/tags/Tomoegata%20Naginata*s*Reader,r
Tomoegata Naginata & Reader,1,/tags/Tomoegata%20Naginata%20*a*%20Reader,r
Kuwana Gou & Murakumo Gou,2,/tags/Kuwana%20Gou%20*a*%20Murakumo%20Gou,r
Hanjin/Oochidori Juumonji Yari/Shizukagata Naginata,1,/tags/Hanjin*s*Oochidori%20Juumonji%20Yari*s*Shizukagata%20Naginata,r
Tonbokiri (Touken Ranbu)/Original Character(s),2,/tags/Tonbokiri%20(Touken%20Ranbu)*s*Original%20Character(s),r
Kousetsu Samonji/Mikazuki Munechika,0,/tags/Kousetsu%20Samonji*s*Mikazuki%20Munechika,r
Imanotsurugi/Saniwa (Touken Ranbu),0,/tags/Imanotsurugi*s*Saniwa%20(Touken%20Ranbu),r
Hakusan Yoshimitsu/Nakigitsune,2,/tags/Hakusan%20Yoshimitsu*s*Nakigitsune,r
Midare Toushirou & Saniwa,4,/tags/Midare%20Toushirou%20*a*%20Saniwa,r
Atsushi Toushirou & Gokotai,0,/tags/Atsushi%20Toushirou%20*a*%20Gokotai,r
Gokotai/Sayo Samonji/Taikogane Sadamune,0,/tags/Gokotai*s*Sayo%20Samonji*s*Taikogane%20Sadamune,r
Fudou Yukimitsu/Heshikiri Hasebe,0,/tags/Fudou%20Yukimitsu*s*Heshikiri%20Hasebe,r
Heshikiri Hasebe/Ookurikara/Shokudaikiri Mitsutada,0,/tags/Heshikiri%20Hasebe*s*Ookurikara*s*Shokudaikiri%20Mitsutada,r
Aizen Kunitoshi/Hotarumaru,0,/tags/Aizen%20Kunitoshi*s*Hotarumaru,r
Honebami Toushirou/Ichigo Hitofuri,0,/tags/Honebami%20Toushirou*s*Ichigo%20Hitofuri,r
Doudanuki Masakuni/Iwatooshi,2,/tags/Doudanuki%20Masakuni*s*Iwatooshi,r
Horikawa Kunihiro & Izuminokami Kanesada,2,/tags/Horikawa%20Kunihiro%20*a*%20Izuminokami%20Kanesada,r
Horikawa Kunihiro & Izuminokami Kanesada & Kashuu Kiyomitsu & Nagasone Kotetsu & Yamatonokami,1,/tags/Horikawa%20Kunihiro%20*a*%20Izuminokami%20Kanesada%20*a*%20Kashuu%20Kiyomitsu%20*a*%20Nagasone%20Kotetsu%20*a*%20Yamatonokami,r
Horikawa Kunihiro & Kashuu Kiyomitsu,0,/tags/Horikawa%20Kunihiro%20*a*%20Kashuu%20Kiyomitsu,r
Akashi Kuniyuki/Kashuu Kiyomitsu,0,/tags/Akashi%20Kuniyuki*s*Kashuu%20Kiyomitsu,r
Doudanuki Masakuni/Kashuu Kiyomitsu,1,/tags/Doudanuki%20Masakuni*s*Kashuu%20Kiyomitsu,r
Kashuu Kiyomitsu/Everyone,0,/tags/Kashuu%20Kiyomitsu*s*Everyone,r
Honebami Toushirou/Kashuu Kiyomitsu,0,/tags/Honebami%20Toushirou*s*Kashuu%20Kiyomitsu,r
Kashuu Kiyomitsu/Mikazuki Munechika/Yamanbagiri Kunihiro,0,/tags/Kashuu%20Kiyomitsu*s*Mikazuki%20Munechika*s*Yamanbagiri%20Kunihiro,r
Kotegiri Gou & Sayo Samonji & Taikogane Sadamune,0,/tags/Kotegiri%20Gou%20*a*%20Sayo%20Samonji%20*a*%20Taikogane%20Sadamune,r
Midare Toushirou & Yagen Toushirou,1,/tags/Midare%20Toushirou%20*a*%20Yagen%20Toushirou,r
Honebami Toushirou & Mikazuki Munechika,5,/tags/Honebami%20Toushirou%20*a*%20Mikazuki%20Munechika,r
Juzumaru Tsunetsugu/Mikazuki Munechika,1,/tags/Juzumaru%20Tsunetsugu*s*Mikazuki%20Munechika,r
Horikawa Kunihiro/Nagasone Kotetsu,1,/tags/Horikawa%20Kunihiro*s*Nagasone%20Kotetsu,r
Mutsunokami Yoshiyuki/Nagasone Kotetsu,1,/tags/Mutsunokami%20Yoshiyuki*s*Nagasone%20Kotetsu,r
Kasen Kanesada & Nikkari Aoe,0,/tags/Kasen%20Kanesada%20*a*%20Nikkari%20Aoe,r
Heshikiri Hasebe/Nikkari Aoe,0,/tags/Heshikiri%20Hasebe*s*Nikkari%20Aoe,r
Kogitsunemaru/Mikazuki Munechika/Nikkari Aoe,0,/tags/Kogitsunemaru*s*Mikazuki%20Munechika*s*Nikkari%20Aoe,r
Fudou Yukimitsu/Saniwa,1,/tags/Fudou%20Yukimitsu*s*Saniwa,r
Honebami Toushirou/Namazuo Toushirou/Saniwa,0,/tags/Honebami%20Toushirou*s*Namazuo%20Toushirou*s*Saniwa,r
Juzumaru Tsunetsugu/Saniwa,0,/tags/Juzumaru%20Tsunetsugu*s*Saniwa,r
Saniwa & Sayo Samonji,1,/tags/Saniwa%20*a*%20Sayo%20Samonji,r
Nihongou & Otegine & Sengo Muramasa,0,/tags/Nihongou%20*a*%20Otegine%20*a*%20Sengo%20Muramasa,r
Saniwa & Sengo Muramasa,0,/tags/Saniwa%20*a*%20Sengo%20Muramasa,r
Saniwa & Sengo Muramasa & Tonbokiri,0,/tags/Saniwa%20*a*%20Sengo%20Muramasa%20*a*%20Tonbokiri,r
Kikkou Sadamune/Sengo Muramasa,1,/tags/Kikkou%20Sadamune*s*Sengo%20Muramasa,r
Kikkou Sadamune/Sengo Muramasa/Tonbokiri,0,/tags/Kikkou%20Sadamune*s*Sengo%20Muramasa*s*Tonbokiri,r
Ookurikara/Sengo Muramasa,1,/tags/Ookurikara*s*Sengo%20Muramasa,r
Saniwa/Sengo Muramasa/Tonbokiri,0,/tags/Saniwa*s*Sengo%20Muramasa*s*Tonbokiri,r
Otegine/Shizukagata Naginata,0,/tags/Otegine*s*Shizukagata%20Naginata,r
Saniwa/Shizukagata Naginata,0,/tags/Saniwa*s*Shizukagata%20Naginata,r
Honebami Toushirou/Shokudaikiri Mitsutada,0,/tags/Honebami%20Toushirou*s*Shokudaikiri%20Mitsutada,r
Saniwa/Tomoegata Naginata,2,/tags/Saniwa*s*Tomoegata%20Naginata,r
Kikkou Sadamune/Tomoegata Naginata,0,/tags/Kikkou%20Sadamune*s*Tomoegata%20Naginata,r
Shishiou/Tsurumaru Kuninaga,0,/tags/Shishiou*s*Tsurumaru%20Kuninaga,r
Shoukaku (Kantai Collection)/Tsurumaru Kuninaga,0,/tags/Shoukaku%20(Kantai%20Collection)*s*Tsurumaru%20Kuninaga,r
Taroutachi/Tsurumaru Kuninaga,0,/tags/Taroutachi*s*Tsurumaru%20Kuninaga,r
Saniwa/Urashima Kotetsu,0,/tags/Saniwa*s*Urashima%20Kotetsu,r
Fudou Yukimitsu & Yagen Toushirou,1,/tags/Fudou%20Yukimitsu%20*a*%20Yagen%20Toushirou,r
Fudou Yukimitsu/Yagen Toushirou,3,/tags/Fudou%20Yukimitsu*s*Yagen%20Toushirou,r
Saniwa & Yamabushi Kunihiro,1,/tags/Saniwa%20*a*%20Yamabushi%20Kunihiro,r
Juzumaru Tsunetsugu/Yamabushi Kunihiro,0,/tags/Juzumaru%20Tsunetsugu*s*Yamabushi%20Kunihiro,r
Saniwa/Yamabushi Kunihiro,0,/tags/Saniwa*s*Yamabushi%20Kunihiro,r
Nansen Ichimonji & Yamanbagiri Chougi,0,/tags/Nansen%20Ichimonji%20*a*%20Yamanbagiri%20Chougi,r
Fudou Yukimitsu & Yamanbagiri Kunihiro,0,/tags/Fudou%20Yukimitsu%20*a*%20Yamanbagiri%20Kunihiro,r
Mikazuki Munechika & Yamanbagiri Kunihiro,2,/tags/Mikazuki%20Munechika%20*a*%20Yamanbagiri%20Kunihiro,r
Saniwa & Yamanbagiri Kunihiro,4,/tags/Saniwa%20*a*%20Yamanbagiri%20Kunihiro,r
Atsushi Toushirou/Yamanbagiri Kunihiro,0,/tags/Atsushi%20Toushirou*s*Yamanbagiri%20Kunihiro,r
Nakigitsune/Yamanbagiri Kunihiro,0,/tags/Nakigitsune*s*Yamanbagiri%20Kunihiro,r
Hotarumaru (Touken Ranbu)/Original Character(s),0,/tags/Hotarumaru%20(Touken%20Ranbu)*s*Original%20Character(s),r
Hotarumaru (Touken Ranbu)/Original Female Character(s),1,/tags/Hotarumaru%20(Touken%20Ranbu)*s*Original%20Female%20Character(s),r
Hachisuka Kotetsu & Izuminokami Kanesada,1,/tags/Hachisuka%20Kotetsu%20*a*%20Izuminokami%20Kanesada,r
Kasen Kanesada/Matsui Gou/Ookurikara,0,/tags/Kasen%20Kanesada*s*Matsui%20Gou*s*Ookurikara,r
Hachisuka Kotetsu/Sengo Muramasa,0,/tags/Hachisuka%20Kotetsu*s*Sengo%20Muramasa,r
Saniwa & Tomoegata Naginata,0,/tags/Saniwa%20*a*%20Tomoegata%20Naginata,r
Taikogane Sadamune & Tsurumaru Kuninaga,0,/tags/Taikogane%20Sadamune%20*a*%20Tsurumaru%20Kuninaga,r
Ishikirimaru/Kikkou Sadamune/Nikkari Aoe,0,/tags/Ishikirimaru*s*Kikkou%20Sadamune*s*Nikkari%20Aoe,r
Juzumaru Tsunetsugu/Kogitsunemaru,2,/tags/Juzumaru%20Tsunetsugu*s*Kogitsunemaru,r
Heshikiri Hasebe/Nihongou/Yamanbagiri Kunihiro,0,/tags/Heshikiri%20Hasebe*s*Nihongou*s*Yamanbagiri%20Kunihiro,r
Kasen Kanesada/Ookurikara/Yamanbagiri Kunihiro,0,/tags/Kasen%20Kanesada*s*Ookurikara*s*Yamanbagiri%20Kunihiro,r
Blacksmith/Saniwa (Touken Ranbu),0,/tags/Blacksmith*s*Saniwa%20(Touken%20Ranbu),r
Horikawa Kunihiro & Kasen Kanesada & Shokudaikiri Mitsutada,0,/tags/Horikawa%20Kunihiro%20*a*%20Kasen%20Kanesada%20*a*%20Shokudaikiri%20Mitsutada,r
Citadel Ensemble/Kashuu Kiyomitsu,0,/tags/Citadel%20Ensemble*s*Kashuu%20Kiyomitsu,r
Ichigo Hitofuri & Mikazuki Munechika,0,/tags/Ichigo%20Hitofuri%20*a*%20Mikazuki%20Munechika,r
Higekiri & Kogitsunemaru (Touken Ranbu),0,/tags/Higekiri%20*a*%20Kogitsunemaru%20(Touken%20Ranbu),r
Hachisuka Kotetsu & Kasen Kanesada & Nikkari Aoe & Souza Samonji,0,/tags/Hachisuka%20Kotetsu%20*a*%20Kasen%20Kanesada%20*a*%20Nikkari%20Aoe%20*a*%20Souza%20Samonji,r
Date Masamune/Oda Nobunaga,4,/tags/Date%20Masamune*s*Oda%20Nobunaga,r
Imanotsurugi (Touken Ranbu)/Original Character(s),0,/tags/Imanotsurugi%20(Touken%20Ranbu)*s*Original%20Character(s),r
Buzen Gou & Matsui Gou,0,/tags/Buzen%20Gou%20*a*%20Matsui%20Gou,r
Higekiri/Mikazuki Munechika,0,/tags/Higekiri*s*Mikazuki%20Munechika,r
Matsui Gou/Urashima Kotetsu,2,/tags/Matsui%20Gou*s*Urashima%20Kotetsu,r
Ichimonji Norimune/Kashuu Kiyomitsu,5,/tags/Ichimonji%20Norimune*s*Kashuu%20Kiyomitsu,r
TKRB Weekly (Touken Ranbu),0,/tags/TKRB%20Weekly%20(Touken%20Ranbu),f
Discord: Touken Ranbu Wiki,0,/tags/Discord:%20Touken%20Ranbu%20Wiki,f
Minamoto no Yorimasa/Shishiou (Touken Ranbu),1,/tags/Minamoto%20no%20Yorimasa*s*Shishiou%20(Touken%20Ranbu),r
Iwatooshi/Taroutachi (Touken Ranbu),1,/tags/Iwatooshi*s*Taroutachi%20(Touken%20Ranbu),r
Yamanbagiri Chougi/Yamanbagiri Chougi,1,/tags/Yamanbagiri%20Chougi*s*Yamanbagiri%20Chougi,r
Event: Keiou Koufu Investigation (Touken Ranbu),0,/tags/Event:%20Keiou%20Koufu%20Investigation%20(Touken%20Ranbu),f
Heshikiri Hasebe & Oda Nobunaga,0,/tags/Heshikiri%20Hasebe%20*a*%20Oda%20Nobunaga,r
Monoyoshi Sadamune & Tokugawa Ieyasu,0,/tags/Monoyoshi%20Sadamune%20*a*%20Tokugawa%20Ieyasu,r
Gokotai (Touken Ranbu) & Uesugi Kenshin,0,/tags/Gokotai%20(Touken%20Ranbu)%20*a*%20Uesugi%20Kenshin,r
Nikkou Ichimonji/Yamanbagiri Chougi,3,/tags/Nikkou%20Ichimonji*s*Yamanbagiri%20Chougi,r
Kikkou Sadamune/Saniwa/Sengo Muramasa,0,/tags/Kikkou%20Sadamune*s*Saniwa*s*Sengo%20Muramasa,r
Ichigo Hitofuri & Toyotomi Hideyoshi,0,/tags/Ichigo%20Hitofuri%20*a*%20Toyotomi%20Hideyoshi,r
Souza Samonji & Takeda Shingen,0,/tags/Souza%20Samonji%20*a*%20Takeda%20Shingen,r
Hyuuga Masamune & Ishida Mitsunari,0,/tags/Hyuuga%20Masamune%20*a*%20Ishida%20Mitsunari,r
Buzen Gou/Murakumo Gou,0,/tags/Buzen%20Gou*s*Murakumo%20Gou,r
Kotegiri Gou/Murakumo Gou,0,/tags/Kotegiri%20Gou*s*Murakumo%20Gou,r
Kuwana Gou/Murakumo Gou,0,/tags/Kuwana%20Gou*s*Murakumo%20Gou,r
Matsui Gou/Murakumo Gou,1,/tags/Matsui%20Gou*s*Murakumo%20Gou,r
Nansen Ichimonji/Samidare Gou,1,/tags/Nansen%20Ichimonji*s*Samidare%20Gou,r
Nikkari Aoe/Tsurumaru Kuninaga,1,/tags/Nikkari%20Aoe*s*Tsurumaru%20Kuninaga,r
Female Saniwa (Touken Ranbu),26,/tags/Female%20Saniwa%20(Touken%20Ranbu),f
Male Saniwa (Touken Ranbu),4,/tags/Male%20Saniwa%20(Touken%20Ranbu),f
Himetsuru Ichimonji/Nikkou Ichimonji,6,/tags/Himetsuru%20Ichimonji*s*Nikkou%20Ichimonji,r
Himetsuru Ichimonji/Yamanbagiri Chougi,1,/tags/Himetsuru%20Ichimonji*s*Yamanbagiri%20Chougi,r
Himetsuru Ichimonji,12,/tags/Himetsuru%20Ichimonji,c
Higekiri/Higekiri (Touken Ranbu),0,/tags/Higekiri*s*Higekiri%20(Touken%20Ranbu),r
Hanjin/Hyuuga Masamune,0,/tags/Hanjin*s*Hyuuga%20Masamune,r
Hachisuka Kotetsu & Yamanbagiri Kunihiro,0,/tags/Hachisuka%20Kotetsu%20*a*%20Yamanbagiri%20Kunihiro,r
Shichiseiken (Touken Ranbu),3,/tags/Shichiseiken%20(Touken%20Ranbu),c
Kogarasumaru & Shichiseiken (Touken Ranbu),0,/tags/Kogarasumaru%20*a*%20Shichiseiken%20(Touken%20Ranbu),r
Kogarasumaru/Shichiseiken (Touken Ranbu),1,/tags/Kogarasumaru*s*Shichiseiken%20(Touken%20Ranbu),r
Inaba Gou,7,/tags/Inaba%20Gou,c
Inaba Gou & Otegine,0,/tags/Inaba%20Gou%20*a*%20Otegine,r
Event: Great Invasion (Touken Ranbu),0,/tags/Event:%20Great%20Invasion%20(Touken%20Ranbu),f
Great Invasion Spoilers (Touken Ranbu),0,/tags/Great%20Invasion%20Spoilers%20(Touken%20Ranbu),f
Ookurikara & Shokudaikiri Mitsutada & Taikogane Sadamune & Tsurumaru Kuninaga,2,/tags/Ookurikara%20*a*%20Shokudaikiri%20Mitsutada%20*a*%20Taikogane%20Sadamune%20*a*%20Tsurumaru%20Kuninaga,r
Samidare Gou/Yamanbagiri Chougi,0,/tags/Samidare%20Gou*s*Yamanbagiri%20Chougi,r
Kashuu Kiyomitsu & Yagen Toushirou,3,/tags/Kashuu%20Kiyomitsu%20*a*%20Yagen%20Toushirou,r
Higekiri/Ookanehira (Touken Ranbu),1,/tags/Higekiri*s*Ookanehira%20(Touken%20Ranbu),r
Heshikiri Hasebe/Omokage,3,/tags/Heshikiri%20Hasebe*s*Omokage,r
Omokage (Touken Ranbu),36,/tags/Omokage%20(Touken%20Ranbu),c
Saniwa & Saniwa (Touken Ranbu),0,/tags/Saniwa%20*a*%20Saniwa%20(Touken%20Ranbu),r
Fukushima Mitsutada/Saniwa,2,/tags/Fukushima%20Mitsutada*s*Saniwa,r
Omokage/Sengo Muramasa,1,/tags/Omokage*s*Sengo%20Muramasa,r
Mikazuki Munechika/Omokage,1,/tags/Mikazuki%20Munechika*s*Omokage,r
Heshikiri Hasebe/Tomoegata Naginata,1,/tags/Heshikiri%20Hasebe*s*Tomoegata%20Naginata,r
Omokage/Tomoegata Naginata,1,/tags/Omokage*s*Tomoegata%20Naginata,r
Omokage/Tsurumaru Kuninaga,2,/tags/Omokage*s*Tsurumaru%20Kuninaga,r
Omokage/Shokudaikiri Mitsutada,1,/tags/Omokage*s*Shokudaikiri%20Mitsutada,r
Omokage/Yamanbagiri Kunihiro,1,/tags/Omokage*s*Yamanbagiri%20Kunihiro,r
Omokage/Yamanbagiri Chougi,1,/tags/Omokage*s*Yamanbagiri%20Chougi,r
Yagen Toushirou/Yamanbagiri Kunihiro,0,/tags/Yagen%20Toushirou*s*Yamanbagiri%20Kunihiro,r
Hyuuga Masamune/Omokage,0,/tags/Hyuuga%20Masamune*s*Omokage,r
Ichigo Hitofuri/Omokage,20,/tags/Ichigo%20Hitofuri*s*Omokage,r
Kasen Kanesada/Omokage,0,/tags/Kasen%20Kanesada*s*Omokage,r
Namazuo Toushirou/Omokage,0,/tags/Namazuo%20Toushirou*s*Omokage,r
Omokage/Ookurikara (Touken Ranbu),0,/tags/Omokage*s*Ookurikara%20(Touken%20Ranbu),r
Omokage/Tonbokiri (Touken Ranbu),0,/tags/Omokage*s*Tonbokiri%20(Touken%20Ranbu),r
Inaba Gou/Otegine,2,/tags/Inaba%20Gou*s*Otegine,r
Mikazuki Munechika & Sengo Muramasa,0,/tags/Mikazuki%20Munechika%20*a*%20Sengo%20Muramasa,r
Mikazuki Munechika/Sengo Muramasa,0,/tags/Mikazuki%20Munechika*s*Sengo%20Muramasa,r
Mutsunokami Yoshiyuki/Tonbokiri,0,/tags/Mutsunokami%20Yoshiyuki*s*Tonbokiri,r
Omokage/Omokage (Touken Ranbu),0,/tags/Omokage*s*Omokage%20(Touken%20Ranbu),r
Hakusan Yoshimitsu/Yagen Toushirou,0,/tags/Hakusan%20Yoshimitsu*s*Yagen%20Toushirou,r
Horikawa Kunihiro/Izuminokami Kanesada/Original Female Character(s),0,/tags/Horikawa%20Kunihiro*s*Izuminokami%20Kanesada*s*Original%20Female%20Character(s),r
Higekiri & Tsurumaru Kuninaga,0,/tags/Higekiri%20*a*%20Tsurumaru%20Kuninaga,r
Higekiri & Ichigo Hitofuri,1,/tags/Higekiri%20*a*%20Ichigo%20Hitofuri,r
Kashuu Kiyomitsu & Matsui Gou,2,/tags/Kashuu%20Kiyomitsu%20*a*%20Matsui%20Gou,r
Hizamaru (Touken Ranbu)/Reader,1,/tags/Hizamaru%20(Touken%20Ranbu)*s*Reader,r
Higekiri/Sasanuki (Touken Ranbu),1,/tags/Higekiri*s*Sasanuki%20(Touken%20Ranbu),r
Sasanuki (Touken Ranbu),8,/tags/Sasanuki%20(Touken%20Ranbu),c
Sayo Samonji & Taikou Samonji,1,/tags/Sayo%20Samonji%20*a*%20Taikou%20Samonji,r
Namazuo Toushirou & Saniwa,1,/tags/Namazuo%20Toushirou%20*a*%20Saniwa,r
Akashi Kuniyuki & Hotarumaru,1,/tags/Akashi%20Kuniyuki%20*a*%20Hotarumaru,r
Azuki Nagamitsu & Saniwa,1,/tags/Azuki%20Nagamitsu%20*a*%20Saniwa,r
Izuminokami Kanesada & Nagasone Kotetsu & Yamatonokami Yasusada,0,/tags/Izuminokami%20Kanesada%20*a*%20Nagasone%20Kotetsu%20*a*%20Yamatonokami%20Yasusada,r
Horikawa Kunihiro/Namazuo Toushirou,0,/tags/Horikawa%20Kunihiro*s*Namazuo%20Toushirou,r
Akashi Kuniyuki/Oodenta Mitsuyo,2,/tags/Akashi%20Kuniyuki*s*Oodenta%20Mitsuyo,r
Fudou Yukimitsu & Taikogane Sadamune,0,/tags/Fudou%20Yukimitsu%20*a*%20Taikogane%20Sadamune,r
Kamekichi & Urashima Kotetsu,0,/tags/Kamekichi%20*a*%20Urashima%20Kotetsu,r
Kashuu Kiyomitsu & Original Character(s),0,/tags/Kashuu%20Kiyomitsu%20*a*%20Original%20Character(s),r
Hizen Tadahiro & Nankaitarou Chouson,1,/tags/Hizen%20Tadahiro%20*a*%20Nankaitarou%20Chouson,r
Germany (Hetalia)/Heshikiri Hasebe,1,/tags/Germany%20(Hetalia)*s*Heshikiri%20Hasebe,r
Fudou Yukimitsu & Mikazuki Munechika,1,/tags/Fudou%20Yukimitsu%20*a*%20Mikazuki%20Munechika,r
Hizen Tadahiro/Saniwa,1,/tags/Hizen%20Tadahiro*s*Saniwa,r
Mikazuki Munechika & Oda Nobunaga,1,/tags/Mikazuki%20Munechika%20*a*%20Oda%20Nobunaga,r
Midare Toushirou & Urashima Kotetsu,1,/tags/Midare%20Toushirou%20*a*%20Urashima%20Kotetsu,r
Mutsunokami Yoshiyuki & Sakamoto Ryouma,2,/tags/Mutsunokami%20Yoshiyuki%20*a*%20Sakamoto%20Ryouma,r
Horikawa Kunihiro/Sengo Muramasa,1,/tags/Horikawa%20Kunihiro*s*Sengo%20Muramasa,r
Nagasone Kotetsu & Hachisuka Kotetsu & Urashima Kotetsu,1,/tags/Nagasone%20Kotetsu%20*a*%20Hachisuka%20Kotetsu%20*a*%20Urashima%20Kotetsu,r
Nagasone Kotetsu & Shinsengumi,1,/tags/Nagasone%20Kotetsu%20*a*%20Shinsengumi,r
Imanotsurugi & Kashuu Kiyomitsu,0,/tags/Imanotsurugi%20*a*%20Kashuu%20Kiyomitsu,r
Iwatooshi (Touken Ranbu)/Reader,0,/tags/Iwatooshi%20(Touken%20Ranbu)*s*Reader,r
Iwatooshi (Touken Ranbu)/You,0,/tags/Iwatooshi%20(Touken%20Ranbu)*s*You,r
Horikawa Kunihiro/Kikkou Sadamune,0,/tags/Horikawa%20Kunihiro*s*Kikkou%20Sadamune,r
Horikawa Kunihiro/Kikkou Sadamune/Sengo Muramasa,0,/tags/Horikawa%20Kunihiro*s*Kikkou%20Sadamune*s*Sengo%20Muramasa,r
Kuwana Gou & Original Character(s),0,/tags/Kuwana%20Gou%20*a*%20Original%20Character(s),r
Mikazuki Munechika & Yagen Toushirou,0,/tags/Mikazuki%20Munechika%20*a*%20Yagen%20Toushirou,r
Himetsuru Ichimonji/Sanchoumou,2,/tags/Himetsuru%20Ichimonji*s*Sanchoumou,r
Nakigitsune's Fox (Touken Ranbu),1,/tags/Nakigitsune's%20Fox%20(Touken%20Ranbu),c
Akita Toushirou/Saniwa,0,/tags/Akita%20Toushirou*s*Saniwa,r
Saniwa/Taikogane Sadamune,0,/tags/Saniwa*s*Taikogane%20Sadamune,r
Saniwa & Taikogane Sadamune,0,/tags/Saniwa%20*a*%20Taikogane%20Sadamune,r
Mikazuki Munechika & Uguisumaru,0,/tags/Mikazuki%20Munechika%20*a*%20Uguisumaru,r
Nenekirimaru/Taroutachi (Touken Ranbu),0,/tags/Nenekirimaru*s*Taroutachi%20(Touken%20Ranbu),r
Midare Toushirou/Saniwa,0,/tags/Midare%20Toushirou*s*Saniwa,r
Monoyoshi Sadamune/Saniwa,0,/tags/Monoyoshi%20Sadamune*s*Saniwa,r
Higekiri/Ichigo Hitofuri,0,/tags/Higekiri*s*Ichigo%20Hitofuri,r
Hizen Tadahiro/Yamanbagiri Chougi,0,/tags/Hizen%20Tadahiro*s*Yamanbagiri%20Chougi,r
Kogitsunemaru & Saniwa (Touken Ranbu),1,/tags/Kogitsunemaru%20*a*%20Saniwa%20(Touken%20Ranbu),r
Horikawa Kunihiro & Saniwa,1,/tags/Horikawa%20Kunihiro%20*a*%20Saniwa,r
TKRB KogiMika Shipping Week 2023 (Touken Ranbu),0,/tags/TKRB%20KogiMika%20Shipping%20Week%202023%20(Touken%20Ranbu),f
Top Yamatonokami Yasusada,0,/tags/Top%20Yamatonokami%20Yasusada,f
Bottom Kashuu Kiyomitsu,0,/tags/Bottom%20Kashuu%20Kiyomitsu,f
Bottom Kashuu Kiyomitsu/Top Yamatonokami Yasusada,0,/tags/Bottom%20Kashuu%20Kiyomitsu*s*Top%20Yamatonokami%20Yasusada,f
Maeda Toushirou & Saniwa,0,/tags/Maeda%20Toushirou%20*a*%20Saniwa,r
Touken Danshi/Original Character(s),1,/tags/Touken%20Danshi*s*Original%20Character(s),r
Himetsuru Ichimonji/Saniwa,3,/tags/Himetsuru%20Ichimonji*s*Saniwa,r
Himetsuru Ichimonji/Reader,1,/tags/Himetsuru%20Ichimonji*s*Reader,r
Imanotsurugi & Saniwa (Touken Ranbu),0,/tags/Imanotsurugi%20*a*%20Saniwa%20(Touken%20Ranbu),r
Omokage/Oodenta Mitsuyo,1,/tags/Omokage*s*Oodenta%20Mitsuyo,r
Kurokage (Touken Ranbu),1,/tags/Kurokage%20(Touken%20Ranbu),c
Horikawa Kunihiro/Original Character(s),3,/tags/Horikawa%20Kunihiro*s*Original%20Character(s),r
TKRB Yume White Day 2023 (Touken Ranbu),0,/tags/TKRB%20Yume%20White%20Day%202023%20(Touken%20Ranbu),f
Heshikiri Hasebe/Original Female Character(s),1,/tags/Heshikiri%20Hasebe*s*Original%20Female%20Character(s),r
Gojo Satoru & Tsurumaru Kuninaga,0,/tags/Gojo%20Satoru%20*a*%20Tsurumaru%20Kuninaga,r
Gokotai (Touken Ranbu)/Original Male Character(s),0,/tags/Gokotai%20(Touken%20Ranbu)*s*Original%20Male%20Character(s),r
Yagen Toushirou/Original Female Character(s),0,/tags/Yagen%20Toushirou*s*Original%20Female%20Character(s),r
Daihannya Nagamitsu & Saniwa,1,/tags/Daihannya%20Nagamitsu%20*a*%20Saniwa,r
TKRB Fan Calendar 2023 (Touken Ranbu),0,/tags/TKRB%20Fan%20Calendar%202023%20(Touken%20Ranbu),f
Hizamaru/Tsurumaru Kuninaga,0,/tags/Hizamaru*s*Tsurumaru%20Kuninaga,r
Higekiri (Touken Ranbu)/Original Character(s),0,/tags/Higekiri%20(Touken%20Ranbu)*s*Original%20Character(s),r
Souza Samonji/Original Male Character(s),0,/tags/Souza%20Samonji*s*Original%20Male%20Character(s),r
Ichimonji Norimune/Nikkou Ichimonji,0,/tags/Ichimonji%20Norimune*s*Nikkou%20Ichimonji,r
Himetsuru Ichimonji/Ichimonji Norimune,0,/tags/Himetsuru%20Ichimonji*s*Ichimonji%20Norimune,r
Jikkyuu Mitsutada,4,/tags/Jikkyuu%20Mitsutada,c
Kikkou Sadamune/Reader,1,/tags/Kikkou%20Sadamune*s*Reader,r
Koryuu Kagemitsu & Yamanbagiri Chougi,1,/tags/Koryuu%20Kagemitsu%20*a*%20Yamanbagiri%20Chougi,r
Jikkyuu Mitsutada/Souza Samonji,0,/tags/Jikkyuu%20Mitsutada*s*Souza%20Samonji,r
Chiganemaru/Hizen Tadahiro,1,/tags/Chiganemaru*s*Hizen%20Tadahiro,r
Jikkyuu Mitsutada/Saniwa,1,/tags/Jikkyuu%20Mitsutada*s*Saniwa,r
Ikoma Kitsuno/Oda Nobunaga,0,/tags/Ikoma%20Kitsuno*s*Oda%20Nobunaga,r
Jikkyuu Mitsutada/Sasanuki,0,/tags/Jikkyuu%20Mitsutada*s*Sasanuki,r
