tag,count,href,category
Nikaidou Yamato/Ousaka Sougo,42,/tags/Nikaidou%20Yamato*s*Ousaka%20Sougo,r
Nikaidou Yamato,994,/tags/Nikaidou%20Yamato,c
Ousaka Sougo,1063,/tags/Ousaka%20Sougo,c
Izumi Mitsuki,1073,/tags/Izumi%20Mitsuki,c
Tsunashi Ryuunosuke,875,/tags/Tsunashi%20Ryuunosuke,c
Izumi Iori,1216,/tags/Izumi%20Iori,c
Nanase Riku,1590,/tags/Nanase%20Riku,c
Yotsuba Tamaki,1011,/tags/Yotsuba%20Tamaki,c
Takanashi Tsumugi,475,/tags/Takanashi%20Tsumugi,c
Rokuya Nagi,768,/tags/Rokuya%20Nagi,c
Yaotome Gaku,1096,/tags/Yaotome%20Gaku,c
Izumi Iori/Nanase Riku,515,/tags/Izumi%20Iori*s*Nanase%20Riku,r
Kujou Ten,1304,/tags/Kujou%20Ten,c
Izumi Iori/Kujou Ten,84,/tags/Izumi%20Iori*s*Kujou%20Ten,r
Kujou Ten/Takanashi Tsumugi,17,/tags/Kujou%20Ten*s*Takanashi%20Tsumugi,r
Izumi Iori/Rokuya Nagi,6,/tags/Izumi%20Iori*s*Rokuya%20Nagi,r
Izumi Mitsuki/Tsunashi Ryuunosuke,15,/tags/Izumi%20Mitsuki*s*Tsunashi%20Ryuunosuke,r
Nanase Riku/Yaotome Gaku,76,/tags/Nanase%20Riku*s*Yaotome%20Gaku,r
Takanashi Tsumugi/Yaotome Gaku,182,/tags/Takanashi%20Tsumugi*s*Yaotome%20Gaku,r
Izumi Iori/Yotsuba Tamaki,71,/tags/Izumi%20Iori*s*Yotsuba%20Tamaki,r
Kujou Ten/Yaotome Gaku,235,/tags/Kujou%20Ten*s*Yaotome%20Gaku,r
Takanashi Otoharu,97,/tags/Takanashi%20Otoharu,c
Oogami Banri,347,/tags/Oogami%20Banri,c
Yaotome Sousuke,74,/tags/Yaotome%20Sousuke,c
Tsunashi Ryuunosuke/Yaotome Gaku,79,/tags/Tsunashi%20Ryuunosuke*s*Yaotome%20Gaku,r
Izumi Iori/Kujou Ten/Nanase Riku,28,/tags/Izumi%20Iori*s*Kujou%20Ten*s*Nanase%20Riku,r
Okazaki Rinto,80,/tags/Okazaki%20Rinto,c
Kujou Ten & Nanase Riku,243,/tags/Kujou%20Ten%20*a*%20Nanase%20Riku,r
Yuki (IDOLiSH7),817,/tags/Yuki%20(IDOLiSH7),c
Momo (IDOLiSH7),804,/tags/Momo%20(IDOLiSH7),c
Kujou Ten/Yotsuba Tamaki,17,/tags/Kujou%20Ten*s*Yotsuba%20Tamaki,r
Ousaka Sougo/Yotsuba Tamaki,381,/tags/Ousaka%20Sougo*s*Yotsuba%20Tamaki,r
Izumi Iori & Nanase Riku,55,/tags/Izumi%20Iori%20*a*%20Nanase%20Riku,r
Kujou Ten/Nanase Riku,307,/tags/Kujou%20Ten*s*Nanase%20Riku,r
Kujou Ten/Tsunashi Ryuunosuke,58,/tags/Kujou%20Ten*s*Tsunashi%20Ryuunosuke,r
Momo/Yuki (IDOLiSH7),576,/tags/Momo*s*Yuki%20(IDOLiSH7),r
Izumi Mitsuki/Nikaidou Yamato,112,/tags/Izumi%20Mitsuki*s*Nikaidou%20Yamato,r
Kujou Ten/Nikaidou Yamato/Ousaka Sougo,0,/tags/Kujou%20Ten*s*Nikaidou%20Yamato*s*Ousaka%20Sougo,r
Izumi Mitsuki/Rokuya Nagi,175,/tags/Izumi%20Mitsuki*s*Rokuya%20Nagi,r
Nanase Riku/Rokuya Nagi,7,/tags/Nanase%20Riku*s*Rokuya%20Nagi,r
Nikaidou Yamato/Yaotome Gaku,100,/tags/Nikaidou%20Yamato*s*Yaotome%20Gaku,r
Nikaidou Yamato/Rokuya Nagi,34,/tags/Nikaidou%20Yamato*s*Rokuya%20Nagi,r
Kujou Ten/Tsunashi Ryuunosuke/Yaotome Gaku,61,/tags/Kujou%20Ten*s*Tsunashi%20Ryuunosuke*s*Yaotome%20Gaku,r
Ousaka Sougo/Tsunashi Ryuunosuke,175,/tags/Ousaka%20Sougo*s*Tsunashi%20Ryuunosuke,r
Izumi Iori/Kujou Ten/Nanase Riku/Yaotome Gaku,0,/tags/Izumi%20Iori*s*Kujou%20Ten*s*Nanase%20Riku*s*Yaotome%20Gaku,r
Kermit the Frog/Nikaidou Yamato,0,/tags/Kermit%20the%20Frog*s*Nikaidou%20Yamato,r
Rokuya Nagi/Tsunashi Ryuunosuke,5,/tags/Rokuya%20Nagi*s*Tsunashi%20Ryuunosuke,r
Izumi Mitsuki/Kujou Ten,29,/tags/Izumi%20Mitsuki*s*Kujou%20Ten,r
Anesagi Kaoru,121,/tags/Anesagi%20Kaoru,c
Takanashi Musubi,9,/tags/Takanashi%20Musubi,c
Momo/Oogami Banri,13,/tags/Momo*s*Oogami%20Banri,r
Takanashi Musubi/Takanashi Otoharu,2,/tags/Takanashi%20Musubi*s*Takanashi%20Otoharu,r
Momo/Oogami Banri/Yuki,49,/tags/Momo*s*Oogami%20Banri*s*Yuki,r
Izumi Iori/Ousaka Sougo,10,/tags/Izumi%20Iori*s*Ousaka%20Sougo,r
Tsunashi Ryuunosuke/Yaotome Sousuke,3,/tags/Tsunashi%20Ryuunosuke*s*Yaotome%20Sousuke,r
Kujou Aya,82,/tags/Kujou%20Aya,c
Nanase Riku/Nikaidou Yamato,21,/tags/Nanase%20Riku*s*Nikaidou%20Yamato,r
Kujou Ten/Nikaidou Yamato,11,/tags/Kujou%20Ten*s*Nikaidou%20Yamato,r
Okazaki Rinto/Yuki,1,/tags/Okazaki%20Rinto*s*Yuki,r
Tsunashi Ryuunosuke/Yotsuba Tamaki,6,/tags/Tsunashi%20Ryuunosuke*s*Yotsuba%20Tamaki,r
Ousaka Sougo/Tsunashi Ryuunosuke/Yotsuba Tamaki,8,/tags/Ousaka%20Sougo*s*Tsunashi%20Ryuunosuke*s*Yotsuba%20Tamaki,r
Kujou Ten/Nanase Riku/Nikaidou Yamato,1,/tags/Kujou%20Ten*s*Nanase%20Riku*s*Nikaidou%20Yamato,r
Pre-IDOLiSH7,3,/tags/Pre-IDOLiSH7,f
Takanashi Otoharu/Yaotome Sousuke,4,/tags/Takanashi%20Otoharu*s*Yaotome%20Sousuke,r
Kujou Takamasa,107,/tags/Kujou%20Takamasa,c
Oogami Banri/Yuki,71,/tags/Oogami%20Banri*s*Yuki,r
Izumi Iori & Izumi Mitsuki,73,/tags/Izumi%20Iori%20*a*%20Izumi%20Mitsuki,r
Izumi Iori/Izumi Mitsuki,31,/tags/Izumi%20Iori*s*Izumi%20Mitsuki,r
Kujou Aya & Yotsuba Tamaki,10,/tags/Kujou%20Aya%20*a*%20Yotsuba%20Tamaki,r
Yaotome Gaku & Yaotome Sousuke,3,/tags/Yaotome%20Gaku%20*a*%20Yaotome%20Sousuke,r
Nikaidou Yamato/Tsunashi Ryuunosuke,35,/tags/Nikaidou%20Yamato*s*Tsunashi%20Ryuunosuke,r
Nikaidou Yamato/Yotsuba Tamaki,10,/tags/Nikaidou%20Yamato*s*Yotsuba%20Tamaki,r
Kujou Ten/Momo/Yuki,0,/tags/Kujou%20Ten*s*Momo*s*Yuki,r
Inumaru Touma/Nanase Riku,60,/tags/Inumaru%20Touma*s*Nanase%20Riku,r
Inumaru Touma,321,/tags/Inumaru%20Touma,c
Nanase Riku/Takanashi Tsumugi,8,/tags/Nanase%20Riku*s*Takanashi%20Tsumugi,r
Izumi Iori & Yotsuba Tamaki,28,/tags/Izumi%20Iori%20*a*%20Yotsuba%20Tamaki,r
Izumi Mitsuki & Momo & Tsunashi Ryuunosuke,0,/tags/Izumi%20Mitsuki%20*a*%20Momo%20*a*%20Tsunashi%20Ryuunosuke,r
Izumi Mitsuki & Nikaidou Yamato & Rokuya Nagi,20,/tags/Izumi%20Mitsuki%20*a*%20Nikaidou%20Yamato%20*a*%20Rokuya%20Nagi,r
Kujou Ten & Takanashi Tsumugi,2,/tags/Kujou%20Ten%20*a*%20Takanashi%20Tsumugi,r
Kujou Ten & Tsunashi Ryuunosuke & Yaotome Gaku,57,/tags/Kujou%20Ten%20*a*%20Tsunashi%20Ryuunosuke%20*a*%20Yaotome%20Gaku,r
Takanashi Tsumugi & Tsunashi Ryuunosuke,2,/tags/Takanashi%20Tsumugi%20*a*%20Tsunashi%20Ryuunosuke,r
Nikaidou Yamato & Yuki,16,/tags/Nikaidou%20Yamato%20*a*%20Yuki,r
Nikaidou Yamato/Yuki,33,/tags/Nikaidou%20Yamato*s*Yuki,r
Izumi Iori & Kujou Ten,11,/tags/Izumi%20Iori%20*a*%20Kujou%20Ten,r
Izumi Mitsuki & Kujou Ten,9,/tags/Izumi%20Mitsuki%20*a*%20Kujou%20Ten,r
Izumi Mitsuki & Yaotome Gaku,3,/tags/Izumi%20Mitsuki%20*a*%20Yaotome%20Gaku,r
Kujou Ten & Yotsuba Tamaki,2,/tags/Kujou%20Ten%20*a*%20Yotsuba%20Tamaki,r
Momo & Oogami Banri & Yuki,14,/tags/Momo%20*a*%20Oogami%20Banri%20*a*%20Yuki,r
Momo & Yuki (IDOLiSH7),78,/tags/Momo%20*a*%20Yuki%20(IDOLiSH7),r
Nikaidou Yamato & Ousaka Sougo,6,/tags/Nikaidou%20Yamato%20*a*%20Ousaka%20Sougo,r
Ousaka Sougo & Tsunashi Ryuunosuke,5,/tags/Ousaka%20Sougo%20*a*%20Tsunashi%20Ryuunosuke,r
Rokuya Nagi/Reader,6,/tags/Rokuya%20Nagi*s*Reader,r
Rokuya Nagi/You,0,/tags/Rokuya%20Nagi*s*You,r
Izumi Iori/Yaotome Gaku,4,/tags/Izumi%20Iori*s*Yaotome%20Gaku,r
Izumi Mitsuki/Nikaidou Yamato/Rokuya Nagi,81,/tags/Izumi%20Mitsuki*s*Nikaidou%20Yamato*s*Rokuya%20Nagi,r
Sakura Haruki,46,/tags/Sakura%20Haruki,c
Kujou Takamasa/Sakura Haruki,4,/tags/Kujou%20Takamasa*s*Sakura%20Haruki,r
Natsume Minami,331,/tags/Natsume%20Minami,c
Ousaka Sougo/Yaotome Gaku,17,/tags/Ousaka%20Sougo*s*Yaotome%20Gaku,r
Momo/Nanase Riku,4,/tags/Momo*s*Nanase%20Riku,r
Izumi Mitsuki/Nanase Riku,16,/tags/Izumi%20Mitsuki*s*Nanase%20Riku,r
Yaotome Gaku's Mother,17,/tags/Yaotome%20Gaku's%20Mother,c
Izumi Mitsuki & Takanashi Tsumugi,1,/tags/Izumi%20Mitsuki%20*a*%20Takanashi%20Tsumugi,r
Kujou Ten/Nanase Riku/Yaotome Gaku,6,/tags/Kujou%20Ten*s*Nanase%20Riku*s*Yaotome%20Gaku,r
Yaotome Gaku's Grandparents,7,/tags/Yaotome%20Gaku's%20Grandparents,c
Izumi Mitsuki & Nikaidou Yamato & Tsunashi Ryuunosuke,1,/tags/Izumi%20Mitsuki%20*a*%20Nikaidou%20Yamato%20*a*%20Tsunashi%20Ryuunosuke,r
Izumi Mitsuki/Yotsuba Tamaki,6,/tags/Izumi%20Mitsuki*s*Yotsuba%20Tamaki,r
Midou Torao/Ousaka Sougo,14,/tags/Midou%20Torao*s*Ousaka%20Sougo,r
Inumaru Touma/Izumi Iori/Nanase Riku,7,/tags/Inumaru%20Touma*s*Izumi%20Iori*s*Nanase%20Riku,r
Tsundere Izumi Iori,2,/tags/Tsundere%20Izumi%20Iori,f
IDOLiSH7 Spoilers,6,/tags/IDOLiSH7%20Spoilers,f
Anesagi Kaoru & Rokuya Nagi,1,/tags/Anesagi%20Kaoru%20*a*%20Rokuya%20Nagi,r
Izumi Mitsuki & Nikaidou Yamato,15,/tags/Izumi%20Mitsuki%20*a*%20Nikaidou%20Yamato,r
Izumi Iori/Tsunashi Ryuunosuke,3,/tags/Izumi%20Iori*s*Tsunashi%20Ryuunosuke,r
Oogami Banri & Yuki,45,/tags/Oogami%20Banri%20*a*%20Yuki,r
Izumi Mitsuki & Yotsuba Tamaki,9,/tags/Izumi%20Mitsuki%20*a*%20Yotsuba%20Tamaki,r
Izumi Iori & Tsunashi Ryuunosuke,3,/tags/Izumi%20Iori%20*a*%20Tsunashi%20Ryuunosuke,r
Ousaka Sougo & Rokuya Nagi,4,/tags/Ousaka%20Sougo%20*a*%20Rokuya%20Nagi,r
Kujou Ten & Nikaidou Yamato,1,/tags/Kujou%20Ten%20*a*%20Nikaidou%20Yamato,r
Kujou Ten/Nanase Riku/Tsunashi Ryuunosuke/Yaotome Gaku,2,/tags/Kujou%20Ten*s*Nanase%20Riku*s*Tsunashi%20Ryuunosuke*s*Yaotome%20Gaku,r
Musashi (IDOLiSH7),9,/tags/Musashi%20(IDOLiSH7),c
Musashi & Nikaidou Yamato,1,/tags/Musashi%20*a*%20Nikaidou%20Yamato,r
Nikaidou Yamato/Original Male Character(s),0,/tags/Nikaidou%20Yamato*s*Original%20Male%20Character(s),r
Kinako (IDOLiSH7),14,/tags/Kinako%20(IDOLiSH7),c
Nanase Riku/Other(s),0,/tags/Nanase%20Riku*s*Other(s),r
Nikaidou Yamato/Other(s),0,/tags/Nikaidou%20Yamato*s*Other(s),r
Izumi Iori & Ousaka Sougo,3,/tags/Izumi%20Iori%20*a*%20Ousaka%20Sougo,r
Natsume Minami/Rokuya Nagi,17,/tags/Natsume%20Minami*s*Rokuya%20Nagi,r
Nikaidou Yamato/Takanashi Tsumugi,4,/tags/Nikaidou%20Yamato*s*Takanashi%20Tsumugi,r
Izumi Mitsuki/Takanashi Tsumugi,4,/tags/Izumi%20Mitsuki*s*Takanashi%20Tsumugi,r
Rokuya Nagi/Takanashi Tsumugi,6,/tags/Rokuya%20Nagi*s*Takanashi%20Tsumugi,r
Oogami Banri/Takanashi Tsumugi,4,/tags/Oogami%20Banri*s*Takanashi%20Tsumugi,r
RyuuSou Week 2018,1,/tags/RyuuSou%20Week%202018,f
Inumaru Touma/Rokuya Nagi,1,/tags/Inumaru%20Touma*s*Rokuya%20Nagi,r
RyuuSou Week,1,/tags/RyuuSou%20Week,f
Bottom Nanase Riku,18,/tags/Bottom%20Nanase%20Riku,f
Top Tsunashi Ryuunosuke,18,/tags/Top%20Tsunashi%20Ryuunosuke,f
Top Yaotome Gaku,15,/tags/Top%20Yaotome%20Gaku,f
Natsume Minami/Ousaka Sougo,5,/tags/Natsume%20Minami*s*Ousaka%20Sougo,r
Tsunashi Ryuunosuke's Family,9,/tags/Tsunashi%20Ryuunosuke's%20Family,c
Alpha Yaotome Gaku,2,/tags/Alpha%20Yaotome%20Gaku,f
Rokuya Nagi & Rokuya Nagi's Family,0,/tags/Rokuya%20Nagi%20*a*%20Rokuya%20Nagi's%20Family,r
Rokuya Nagi's Family,1,/tags/Rokuya%20Nagi's%20Family,c
Isumi Haruka/Tsunashi Ryuunosuke,2,/tags/Isumi%20Haruka*s*Tsunashi%20Ryuunosuke,r
Tsunashi Ryuunosuke/Original Female Character(s),7,/tags/Tsunashi%20Ryuunosuke*s*Original%20Female%20Character(s),r
Alpha Tsunashi Ryuunosuke,2,/tags/Alpha%20Tsunashi%20Ryuunosuke,f
Nanase Riku/Seta Soujirou (Log Horizon),0,/tags/Nanase%20Riku*s*Seta%20Soujirou%20(Log%20Horizon),r
Takanashi Tsumugi/Yotsuba Tamaki,2,/tags/Takanashi%20Tsumugi*s*Yotsuba%20Tamaki,r
Takanashi Tsumugi/Tsunashi Ryuunosuke,5,/tags/Takanashi%20Tsumugi*s*Tsunashi%20Ryuunosuke,r
Inumaru Touma/Isumi Haruka,35,/tags/Inumaru%20Touma*s*Isumi%20Haruka,r
Inumaru Touma/Isumi Haruka/Rokuya Nagi,0,/tags/Inumaru%20Touma*s*Isumi%20Haruka*s*Rokuya%20Nagi,r
Alternate Universe - Hoshi Meguri (IDOLiSH7),107,/tags/Alternate%20Universe%20-%20Hoshi%20Meguri%20(IDOLiSH7),f
Alternate Universe - Mechanical Lullaby (IDOLiSH7),10,/tags/Alternate%20Universe%20-%20Mechanical%20Lullaby%20(IDOLiSH7),f
Spring Harmony Zine 2018,2,/tags/Spring%20Harmony%20Zine%202018,f
Nanase Riku & Other(s),0,/tags/Nanase%20Riku%20*a*%20Other(s),r
Nanase Riku & Original Character(s),0,/tags/Nanase%20Riku%20*a*%20Original%20Character(s),r
Nanase Riku & Yotsuba Tamaki,4,/tags/Nanase%20Riku%20*a*%20Yotsuba%20Tamaki,r
Izumi Iori/Nanase Riku/Yotsuba Tamaki,3,/tags/Izumi%20Iori*s*Nanase%20Riku*s*Yotsuba%20Tamaki,r
Inumaru Touma/Midou Torao/Nanase Riku,0,/tags/Inumaru%20Touma*s*Midou%20Torao*s*Nanase%20Riku,r
Nikaidou Yamato/Tsunashi Ryuunosuke/Yaotome Gaku,2,/tags/Nikaidou%20Yamato*s*Tsunashi%20Ryuunosuke*s*Yaotome%20Gaku,r
Oogami Banri & Yotsuba Tamaki,0,/tags/Oogami%20Banri%20*a*%20Yotsuba%20Tamaki,r
Izumi Iori/Kujou Ten/Yotsuba Tamaki,2,/tags/Izumi%20Iori*s*Kujou%20Ten*s*Yotsuba%20Tamaki,r
Ousaka Sougo/Other(s),0,/tags/Ousaka%20Sougo*s*Other(s),r
Kujou Ten/Yumeno Gentaro,1,/tags/Kujou%20Ten*s*Yumeno%20Gentaro,r
IDOLiSH7 Flash Bang 2018,10,/tags/IDOLiSH7%20Flash%20Bang%202018,f
Anesagi Kaoru/Rokuya Nagi,3,/tags/Anesagi%20Kaoru*s*Rokuya%20Nagi,r
Hope (IDOLiSH7),16,/tags/Hope%20(IDOLiSH7),c
Curse (IDOLiSH7),12,/tags/Curse%20(IDOLiSH7),c
Erin (IDOLiSH7),69,/tags/Erin%20(IDOLiSH7),c
Curse & Hope (IDOLiSH7),5,/tags/Curse%20*a*%20Hope%20(IDOLiSH7),r
Curse/Hope (IDOLiSH7),2,/tags/Curse*s*Hope%20(IDOLiSH7),r
Capella (IDOLiSH7),20,/tags/Capella%20(IDOLiSH7),c
Lazu (IDOLiSH7),31,/tags/Lazu%20(IDOLiSH7),c
Vega (IDOLiSH7),19,/tags/Vega%20(IDOLiSH7),c
Erin/Vega (IDOLiSH7),0,/tags/Erin*s*Vega%20(IDOLiSH7),r
Izumi Mitsuki/Nikaidou Yamato/Rokuya Nagi/Yaotome Gaku,13,/tags/Izumi%20Mitsuki*s*Nikaidou%20Yamato*s*Rokuya%20Nagi*s*Yaotome%20Gaku,r
Coda (IDOLiSH7),32,/tags/Coda%20(IDOLiSH7),c
Coda/Erin (IDOLiSH7),7,/tags/Coda*s*Erin%20(IDOLiSH7),r
Shinkai (IDOLiSH7),28,/tags/Shinkai%20(IDOLiSH7),c
Sardinia (IDOLiSH7),35,/tags/Sardinia%20(IDOLiSH7),c
Sardinia/Shinkai (IDOLiSH7),10,/tags/Sardinia*s*Shinkai%20(IDOLiSH7),r
Capella/Vega (IDOLiSH7),8,/tags/Capella*s*Vega%20(IDOLiSH7),r
Erin/Orion (IDOLiSH7),30,/tags/Erin*s*Orion%20(IDOLiSH7),r
Orion (IDOLiSH7),57,/tags/Orion%20(IDOLiSH7),c
Coda/Hope (IDOLiSH7),2,/tags/Coda*s*Hope%20(IDOLiSH7),r
Izumi Iori & Kujou Ten & Nanase Riku,3,/tags/Izumi%20Iori%20*a*%20Kujou%20Ten%20*a*%20Nanase%20Riku,r
Erin & Sardinia (IDOLiSH7),2,/tags/Erin%20*a*%20Sardinia%20(IDOLiSH7),r
Erin & Orion (IDOLiSH7),6,/tags/Erin%20*a*%20Orion%20(IDOLiSH7),r
Nikaidou Yamato & Tsunashi Ryuunosuke,5,/tags/Nikaidou%20Yamato%20*a*%20Tsunashi%20Ryuunosuke,r
Fang (IDOLiSH7),25,/tags/Fang%20(IDOLiSH7),c
Carnelian/Lazu (IDOLiSH7),9,/tags/Carnelian*s*Lazu%20(IDOLiSH7),r
Carnelian (IDOLiSH7),31,/tags/Carnelian%20(IDOLiSH7),c
Rokuya Nagi/Yaotome Gaku,8,/tags/Rokuya%20Nagi*s*Yaotome%20Gaku,r
Fang/Ousaka Sougo,0,/tags/Fang*s*Ousaka%20Sougo,r
Carnelian/Orion (IDOLiSH7),0,/tags/Carnelian*s*Orion%20(IDOLiSH7),r
Erin/Lazu (IDOLiSH7),3,/tags/Erin*s*Lazu%20(IDOLiSH7),r
Izumi Iori & Undisclosed,0,/tags/Izumi%20Iori%20*a*%20Undisclosed,r
Takanashi Tsumugi & Yaotome Gaku,9,/tags/Takanashi%20Tsumugi%20*a*%20Yaotome%20Gaku,r
Kujou Ten/Original Character(s),1,/tags/Kujou%20Ten*s*Original%20Character(s),r
Takanashi Tsumugi & Original Character(s),0,/tags/Takanashi%20Tsumugi%20*a*%20Original%20Character(s),r
Izumi Iori & Rokuya Nagi,4,/tags/Izumi%20Iori%20*a*%20Rokuya%20Nagi,r
Isumi Haruka/Kujou Ten,28,/tags/Isumi%20Haruka*s*Kujou%20Ten,r
IDOLiSH7 Part 3 Spoilers,25,/tags/IDOLiSH7%20Part%203%20Spoilers,f
Curse & Vega (IDOLiSH7),0,/tags/Curse%20*a*%20Vega%20(IDOLiSH7),r
Izumi Mitsuki/Utsuki Chikage,0,/tags/Izumi%20Mitsuki*s*Utsuki%20Chikage,r
Musashi/Yuki (IDOLiSH7),0,/tags/Musashi*s*Yuki%20(IDOLiSH7),r
Chiba Shizuo,9,/tags/Chiba%20Shizuo,c
Isumi Haruka/Izumi Iori,6,/tags/Isumi%20Haruka*s*Izumi%20Iori,r
Coda & Sardinia (IDOLiSH7),1,/tags/Coda%20*a*%20Sardinia%20(IDOLiSH7),r
Coda & Erin (IDOLiSH7),1,/tags/Coda%20*a*%20Erin%20(IDOLiSH7),r
Tsunashi Ryuunosuke/Tsunashi Ryuunosuke,0,/tags/Tsunashi%20Ryuunosuke*s*Tsunashi%20Ryuunosuke,r
Tsunashi Ryuunosuke's Brothers,5,/tags/Tsunashi%20Ryuunosuke's%20Brothers,c
Momo/Takanashi Tsumugi,1,/tags/Momo*s*Takanashi%20Tsumugi,r
Erin/Fang (IDOLiSH7),2,/tags/Erin*s*Fang%20(IDOLiSH7),r
Fang & Orion (IDOLiSH7),2,/tags/Fang%20*a*%20Orion%20(IDOLiSH7),r
Tsunashi Ryuunosuke & Yaotome Gaku,4,/tags/Tsunashi%20Ryuunosuke%20*a*%20Yaotome%20Gaku,r
Mentioned Nanase Riku,1,/tags/Mentioned%20Nanase%20Riku,f
Mentioned Yaotome Gaku,1,/tags/Mentioned%20Yaotome%20Gaku,f
Isumi Haruka/Tsukumo Ryou,1,/tags/Isumi%20Haruka*s*Tsukumo%20Ryou,r
Ohara Mari/Rokuya Nagi,1,/tags/Ohara%20Mari*s*Rokuya%20Nagi,r
Nikaidou Yamato & Yotsuba Tamaki,4,/tags/Nikaidou%20Yamato%20*a*%20Yotsuba%20Tamaki,r
Nikaidou Yamato & Rokuya Nagi,4,/tags/Nikaidou%20Yamato%20*a*%20Rokuya%20Nagi,r
Nanase Riku & Nikaidou Yamato,6,/tags/Nanase%20Riku%20*a*%20Nikaidou%20Yamato,r
ŹOOĻ (IDOLiSH7),46,/tags/%C5%B9OO%C4%BB%20(IDOLiSH7),c
Oogami Banri/Reader,2,/tags/Oogami%20Banri*s*Reader,r
Coda/Fang (IDOLiSH7),5,/tags/Coda*s*Fang%20(IDOLiSH7),r
Roppu-chan (IDOLiSH7),0,/tags/Roppu-chan%20(IDOLiSH7),c
Isumi Haruka/Izumi Iori/Yotsuba Tamaki,6,/tags/Isumi%20Haruka*s*Izumi%20Iori*s*Yotsuba%20Tamaki,r
Izumi Mitsuki & Nanase Riku,10,/tags/Izumi%20Mitsuki%20*a*%20Nanase%20Riku,r
Izumi Mitsuki & Ousaka Sougo,4,/tags/Izumi%20Mitsuki%20*a*%20Ousaka%20Sougo,r
Tsunashi Ryuunosuke's Father,2,/tags/Tsunashi%20Ryuunosuke's%20Father,c
George (IDOLiSH7),0,/tags/George%20(IDOLiSH7),c
Inumaru Touma & Isumi Haruka & Midou Torao & Natsume Minami,27,/tags/Inumaru%20Touma%20*a*%20Isumi%20Haruka%20*a*%20Midou%20Torao%20*a*%20Natsume%20Minami,r
Inumaru Touma/Isumi Haruka/Midou Torao/Natsume Minami,6,/tags/Inumaru%20Touma*s*Isumi%20Haruka*s*Midou%20Torao*s*Natsume%20Minami,r
ŹOOĻ Week,2,/tags/%C5%B9OO%C4%BB%20Week,f
Takanashi Tsumugi & Yotsuba Tamaki,1,/tags/Takanashi%20Tsumugi%20*a*%20Yotsuba%20Tamaki,r
Fang/Sardinia (IDOLiSH7),2,/tags/Fang*s*Sardinia%20(IDOLiSH7),r
Kurosaki Makoto (IDOLiSH7),2,/tags/Kurosaki%20Makoto%20(IDOLiSH7),c
Rokuya Nagi/Other(s),1,/tags/Rokuya%20Nagi*s*Other(s),r
Orion/Sardinia (IDOLiSH7),4,/tags/Orion*s*Sardinia%20(IDOLiSH7),r
Rokuya Nagi & Yotsuba Tamaki,2,/tags/Rokuya%20Nagi%20*a*%20Yotsuba%20Tamaki,r
Ousaka Sougo/Tsunashi Ryuunosuke/Yaotome Gaku,0,/tags/Ousaka%20Sougo*s*Tsunashi%20Ryuunosuke*s*Yaotome%20Gaku,r
Izumi Mitsuki/Everyone,0,/tags/Izumi%20Mitsuki*s*Everyone,r
IDOLiSH7 Part 2 Spoilers,5,/tags/IDOLiSH7%20Part%202%20Spoilers,f
Erin/Shinkai (IDOLiSH7),2,/tags/Erin*s*Shinkai%20(IDOLiSH7),r
Carnelian & Lazu (IDOLiSH7),6,/tags/Carnelian%20*a*%20Lazu%20(IDOLiSH7),r
Kujou Ten & Ousaka Sougo,3,/tags/Kujou%20Ten%20*a*%20Ousaka%20Sougo,r
Ousaka Sougo & Yaotome Gaku,2,/tags/Ousaka%20Sougo%20*a*%20Yaotome%20Gaku,r
Sunohara Ruri,15,/tags/Sunohara%20Ruri,c
Tsunashi Ryuunosuke & Yotsuba Tamaki,1,/tags/Tsunashi%20Ryuunosuke%20*a*%20Yotsuba%20Tamaki,r
Momo & Yotsuba Tamaki,1,/tags/Momo%20*a*%20Yotsuba%20Tamaki,r
Yotsuba Tamaki & Yuki,1,/tags/Yotsuba%20Tamaki%20*a*%20Yuki,r
Nanase Riku & TRIGGER,6,/tags/Nanase%20Riku%20*a*%20TRIGGER,r
Nanase Riku & Rokuya Nagi,7,/tags/Nanase%20Riku%20*a*%20Rokuya%20Nagi,r
Nanase Riku/Tsukumo Ryou,21,/tags/Nanase%20Riku*s*Tsukumo%20Ryou,r
IDOLiSH7 Flash Bang,0,/tags/IDOLiSH7%20Flash%20Bang,f
Izumi Iori/Other(s),0,/tags/Izumi%20Iori*s*Other(s),r
Yotsuba Tamaki/Other(s),0,/tags/Yotsuba%20Tamaki*s*Other(s),r
Nanase Riku & Re:vale,4,/tags/Nanase%20Riku%20*a*%20Re:vale,r
Izumi Mitsuki & Rokuya Nagi,11,/tags/Izumi%20Mitsuki%20*a*%20Rokuya%20Nagi,r
Yotsuba Tamaki’s Mother,8,/tags/Yotsuba%20Tamaki%E2%80%99s%20Mother,c
Midou Torao & Ousaka Sougo,3,/tags/Midou%20Torao%20*a*%20Ousaka%20Sougo,r
Natsume Minami & Nikaidou Yamato,1,/tags/Natsume%20Minami%20*a*%20Nikaidou%20Yamato,r
Natsume Minami & Rokuya Nagi,9,/tags/Natsume%20Minami%20*a*%20Rokuya%20Nagi,r
Carnelian/Coda (IDOLiSH7),3,/tags/Carnelian*s*Coda%20(IDOLiSH7),r
Izumi Iori & Yuki,2,/tags/Izumi%20Iori%20*a*%20Yuki,r
Momo & Sunohara Ruri,5,/tags/Momo%20*a*%20Sunohara%20Ruri,r
Alternate Universe - Nanase Riku Joins TRIGGER,3,/tags/Alternate%20Universe%20-%20Nanase%20Riku%20Joins%20TRIGGER,f
Alternate Universe - Kujou Ten Joins IDOLiSH7,2,/tags/Alternate%20Universe%20-%20Kujou%20Ten%20Joins%20IDOLiSH7,f
Midou Torao & Natsume Minami,10,/tags/Midou%20Torao%20*a*%20Natsume%20Minami,r
Isumi Haruka & Midou Torao,5,/tags/Isumi%20Haruka%20*a*%20Midou%20Torao,r
Inumaru Touma & Midou Torao,2,/tags/Inumaru%20Touma%20*a*%20Midou%20Torao,r
Izumi Mitsuki/Kujou Ten/Nikaidou Yamato/Rokuya Nagi/Yaotome Gaku,0,/tags/Izumi%20Mitsuki*s*Kujou%20Ten*s*Nikaidou%20Yamato*s*Rokuya%20Nagi*s*Yaotome%20Gaku,r
Inumaru Touma/Natsume Minami,34,/tags/Inumaru%20Touma*s*Natsume%20Minami,r
Nikaidou Yamato/Oogami Banri,0,/tags/Nikaidou%20Yamato*s*Oogami%20Banri,r
Kujou Ten/Rokuya Nagi,3,/tags/Kujou%20Ten*s*Rokuya%20Nagi,r
Midou Torao/Tsunashi Ryuunosuke,13,/tags/Midou%20Torao*s*Tsunashi%20Ryuunosuke,r
Kujou Ten/Nikaidou Yamato/Tsunashi Ryuunosuke/Yaotome Gaku,0,/tags/Kujou%20Ten*s*Nikaidou%20Yamato*s*Tsunashi%20Ryuunosuke*s*Yaotome%20Gaku,r
Rokuya Nagi/Rokuya Nagi,2,/tags/Rokuya%20Nagi*s*Rokuya%20Nagi,r
Inumaru Touma/Yaotome Gaku,1,/tags/Inumaru%20Touma*s*Yaotome%20Gaku,r
Hoshimeguri Ensemble (IDOLiSH7),1,/tags/Hoshimeguri%20Ensemble%20(IDOLiSH7),c
Rokuya Nagi/Original Character(s),0,/tags/Rokuya%20Nagi*s*Original%20Character(s),r
Rokuya Nagi/Thorvald,0,/tags/Rokuya%20Nagi*s*Thorvald,r
Nikaidou Yamato/Original Character(s),0,/tags/Nikaidou%20Yamato*s*Original%20Character(s),r
Shinkai (IDOLiSH7)/Other(s),0,/tags/Shinkai%20(IDOLiSH7)*s*Other(s),r
Isumi Haruka/Natsume Minami,33,/tags/Isumi%20Haruka*s*Natsume%20Minami,r
Midou Torao/Ousaka Sougo/Tsunashi Ryuunosuke,0,/tags/Midou%20Torao*s*Ousaka%20Sougo*s*Tsunashi%20Ryuunosuke,r
Kujou Takamasa/Kujou Ten,11,/tags/Kujou%20Takamasa*s*Kujou%20Ten,r
IDOLiSH7 Flash Bang 2019,15,/tags/IDOLiSH7%20Flash%20Bang%202019,f
Seto Ranvalt von Northmare,14,/tags/Seto%20Ranvalt%20von%20Northmare,c
Natsume Minami/Sakura Haruki,9,/tags/Natsume%20Minami*s*Sakura%20Haruki,r
Seto Ranvalt von Northmare/Rokuya Nagi,6,/tags/Seto%20Ranvalt%20von%20Northmare*s*Rokuya%20Nagi,r
Oogami Banri/Sunohara Ruri,1,/tags/Oogami%20Banri*s*Sunohara%20Ruri,r
Inumaru Touma & Ousaka Sougo,3,/tags/Inumaru%20Touma%20*a*%20Ousaka%20Sougo,r
Natsume Minami & Ousaka Sougo,1,/tags/Natsume%20Minami%20*a*%20Ousaka%20Sougo,r
Inumaru Touma & Isumi Haruka & Midou Torao & Natsume Minami & Ousaka Sougo,1,/tags/Inumaru%20Touma%20*a*%20Isumi%20Haruka%20*a*%20Midou%20Torao%20*a*%20Natsume%20Minami%20*a*%20Ousaka%20Sougo,r
Midou Torao & Natsume Minami & Original Character(s),0,/tags/Midou%20Torao%20*a*%20Natsume%20Minami%20*a*%20Original%20Character(s),r
Midou Torao/Other(s),0,/tags/Midou%20Torao*s*Other(s),r
Midou Torao/Original Female Character(s),0,/tags/Midou%20Torao*s*Original%20Female%20Character(s),r
Mr. Shimooka (IDOLiSH7),4,/tags/Mr*d*%20Shimooka%20(IDOLiSH7),c
Midou Torao & Nanase Riku,1,/tags/Midou%20Torao%20*a*%20Nanase%20Riku,r
Nanase Riku & Takanashi Tsumugi,3,/tags/Nanase%20Riku%20*a*%20Takanashi%20Tsumugi,r
Carnelian & Coda (IDOLiSH7),1,/tags/Carnelian%20*a*%20Coda%20(IDOLiSH7),r
Izumi Iori & Midou Torao,0,/tags/Izumi%20Iori%20*a*%20Midou%20Torao,r
Kujou Ten & Yaotome Gaku,11,/tags/Kujou%20Ten%20*a*%20Yaotome%20Gaku,r
Drunk Ousaka Sougo,1,/tags/Drunk%20Ousaka%20Sougo,f
Happy Birthday Yaotome Gaku,1,/tags/Happy%20Birthday%20Yaotome%20Gaku,f
POV Izumi Iori,0,/tags/POV%20Izumi%20Iori,f
Kujou Ten-centric,2,/tags/Kujou%20Ten-centric,f
Happy Birthday Nanase Riku,1,/tags/Happy%20Birthday%20Nanase%20Riku,f
Happy Birthday Ousaka Sougo,0,/tags/Happy%20Birthday%20Ousaka%20Sougo,f
Bottom Ousaka Sougo,3,/tags/Bottom%20Ousaka%20Sougo,f
Top Izumi Mitsuki,0,/tags/Top%20Izumi%20Mitsuki,f
Minor Takanashi Tsumugi/Yaotome Gaku,2,/tags/Minor%20Takanashi%20Tsumugi*s*Yaotome%20Gaku,f
Bottom Yotsuba Tamaki,6,/tags/Bottom%20Yotsuba%20Tamaki,f
Nikaidou Yamato/Thorvald,1,/tags/Nikaidou%20Yamato*s*Thorvald,r
Izumi Iori & Kujou Aya & Nanase Riku,0,/tags/Izumi%20Iori%20*a*%20Kujou%20Aya%20*a*%20Nanase%20Riku,r
Minor Izumi Mitsuki/Nikaidou Yamato,1,/tags/Minor%20Izumi%20Mitsuki*s*Nikaidou%20Yamato,f
Momo/Nikaidou Yamato/Yuki,2,/tags/Momo*s*Nikaidou%20Yamato*s*Yuki,r
Isumi Haruka & Natsume Minami,10,/tags/Isumi%20Haruka%20*a*%20Natsume%20Minami,r
Rokuya Nagi/Sakura Haruki,4,/tags/Rokuya%20Nagi*s*Sakura%20Haruki,r
Mentioned Izumi Iori,2,/tags/Mentioned%20Izumi%20Iori,f
Nikaidou Yamato/Seto Ranvalt von Northmare,1,/tags/Nikaidou%20Yamato*s*Seto%20Ranvalt%20von%20Northmare,r
Nanase Riku & Tsukumo Ryou,3,/tags/Nanase%20Riku%20*a*%20Tsukumo%20Ryou,r
Kujou Takamasa & Kujou Ten,5,/tags/Kujou%20Takamasa%20*a*%20Kujou%20Ten,r
IDOLiSH7 Part 4 Spoilers,27,/tags/IDOLiSH7%20Part%204%20Spoilers,f
Kujou Aya & Kujou Ten,2,/tags/Kujou%20Aya%20*a*%20Kujou%20Ten,r
Okazaki Rintarou,10,/tags/Okazaki%20Rintarou,c
Seto Ranvalt von Northmare & Rokuya Nagi,1,/tags/Seto%20Ranvalt%20von%20Northmare%20*a*%20Rokuya%20Nagi,r
Kujou Ten & Yuki,1,/tags/Kujou%20Ten%20*a*%20Yuki,r
TamaIo Week,2,/tags/TamaIo%20Week,f
Midou Torao's Brother,4,/tags/Midou%20Torao's%20Brother,c
Orion/Takanashi Tsumugi,0,/tags/Orion*s*Takanashi%20Tsumugi,r
Kujou Ten & Momo,2,/tags/Kujou%20Ten%20*a*%20Momo,r
Erin/Takanashi Tsumugi,0,/tags/Erin*s*Takanashi%20Tsumugi,r
Anesagi Kaoru & TRIGGER,5,/tags/Anesagi%20Kaoru%20*a*%20TRIGGER,r
Sakura Haruki/Zero,3,/tags/Sakura%20Haruki*s*Zero,r
Alternate Universe - Marchen Dream (IDOLiSH7),11,/tags/Alternate%20Universe%20-%20Marchen%20Dream%20(IDOLiSH7),f
Zero (IDOLiSH7),6,/tags/Zero%20(IDOLiSH7),c
Carnelian/Shinkai (IDOLiSH7),1,/tags/Carnelian*s*Shinkai%20(IDOLiSH7),r
Lazu/Vega (IDOLiSH7),2,/tags/Lazu*s*Vega%20(IDOLiSH7),r
Isumi Haruka/Midou Torao,12,/tags/Isumi%20Haruka*s*Midou%20Torao,r
Top Izumi Iori,4,/tags/Top%20Izumi%20Iori,f
Alternate Universe - Karatoga (IDOLiSH7),20,/tags/Alternate%20Universe%20-%20Karatoga%20(IDOLiSH7),f
Momo/Tsunashi Ryuunosuke/Yuki,1,/tags/Momo*s*Tsunashi%20Ryuunosuke*s*Yuki,r
Yuki (IDOLiSH7)/Other(s),0,/tags/Yuki%20(IDOLiSH7)*s*Other(s),r
Yotsuba Tamaki's Father,4,/tags/Yotsuba%20Tamaki's%20Father,c
Inumaru Touma/Midou Torao,22,/tags/Inumaru%20Touma*s*Midou%20Torao,r
Tsunashi Ryuunosuke/Original Male Character(s),0,/tags/Tsunashi%20Ryuunosuke*s*Original%20Male%20Character(s),r
Momo/Nikaidou Yamato,4,/tags/Momo*s*Nikaidou%20Yamato,r
Momo/Yotsuba Tamaki,3,/tags/Momo*s*Yotsuba%20Tamaki,r
Izumi Iori/Momo,2,/tags/Izumi%20Iori*s*Momo,r
Momo/Ousaka Sougo,5,/tags/Momo*s*Ousaka%20Sougo,r
Momo/Rokuya Nagi,3,/tags/Momo*s*Rokuya%20Nagi,r
Momo/Yaotome Gaku,3,/tags/Momo*s*Yaotome%20Gaku,r
Kujou Ten/Momo,2,/tags/Kujou%20Ten*s*Momo,r
Momo/Tsunashi Ryuunosuke,3,/tags/Momo*s*Tsunashi%20Ryuunosuke,r
Izumi Mitsuki/Momo/Yuki,5,/tags/Izumi%20Mitsuki*s*Momo*s*Yuki,r
Rokuya Nagi & Sakura Haruki,1,/tags/Rokuya%20Nagi%20*a*%20Sakura%20Haruki,r
Erin/Sardinia (IDOLiSH7),0,/tags/Erin*s*Sardinia%20(IDOLiSH7),r
Momo/Okazaki Rinto,0,/tags/Momo*s*Okazaki%20Rinto,r
Anesagi Kaoru/Momo,0,/tags/Anesagi%20Kaoru*s*Momo,r
Momo/Takanashi Otoharu,1,/tags/Momo*s*Takanashi%20Otoharu,r
Isumi Haruka/Momo,0,/tags/Isumi%20Haruka*s*Momo,r
Momo/Natsume Minami,1,/tags/Momo*s*Natsume%20Minami,r
Inumaru Touma/Momo,0,/tags/Inumaru%20Touma*s*Momo,r
Inumaru Touma's Family,3,/tags/Inumaru%20Touma's%20Family,c
Midou Torao/Momo,0,/tags/Midou%20Torao*s*Momo,r
Natsume Minami/Tsunashi Ryuunosuke,2,/tags/Natsume%20Minami*s*Tsunashi%20Ryuunosuke,r
Isumi Haruka & Momo,0,/tags/Isumi%20Haruka%20*a*%20Momo,r
Inumaru Touma & Isumi Haruka,15,/tags/Inumaru%20Touma%20*a*%20Isumi%20Haruka,r
Kujou Ten/Other(s),1,/tags/Kujou%20Ten*s*Other(s),r
Okazaki Rinto/Oogami Banri,4,/tags/Okazaki%20Rinto*s*Oogami%20Banri,r
Hanamaki Sumire,4,/tags/Hanamaki%20Sumire,c
IDOLiSH7 Secret Santa 2019,5,/tags/IDOLiSH7%20Secret%20Santa%202019,f
IDOLiSH7 Secret Santa,9,/tags/IDOLiSH7%20Secret%20Santa,f
Orion/Shinkai (IDOLiSH7),2,/tags/Orion*s*Shinkai%20(IDOLiSH7),r
Izumi Iori/Everyone,0,/tags/Izumi%20Iori*s*Everyone,r
Nanase Riku/Natsume Minami,0,/tags/Nanase%20Riku*s*Natsume%20Minami,r
Inumaru Touma & Nanase Riku,2,/tags/Inumaru%20Touma%20*a*%20Nanase%20Riku,r
Isumi Haruka & Izumi Iori & Yotsuba Tamaki,2,/tags/Isumi%20Haruka%20*a*%20Izumi%20Iori%20*a*%20Yotsuba%20Tamaki,r
Rokuya Nagi/Everyone,0,/tags/Rokuya%20Nagi*s*Everyone,r
Capella & Vega (IDOLiSH7),2,/tags/Capella%20*a*%20Vega%20(IDOLiSH7),r
Isumi Haruka/Yotsuba Tamaki,4,/tags/Isumi%20Haruka*s*Yotsuba%20Tamaki,r
Izumi Iori/Ousaka Sougo/Yotsuba Tamaki,0,/tags/Izumi%20Iori*s*Ousaka%20Sougo*s*Yotsuba%20Tamaki,r
Fabra (IDOLiSH7),1,/tags/Fabra%20(IDOLiSH7),c
Takanashi Otoharu & Yaotome Sousuke,3,/tags/Takanashi%20Otoharu%20*a*%20Yaotome%20Sousuke,r
Uta (IDOLiSH7),4,/tags/Uta%20(IDOLiSH7),c
Tenshouin Eichi/Yotsuba Tamaki,1,/tags/Tenshouin%20Eichi*s*Yotsuba%20Tamaki,r
Happy Birthday Nikaidou Yamato,1,/tags/Happy%20Birthday%20Nikaidou%20Yamato,f
Isumi Haruka/Saegusa Ibara,1,/tags/Isumi%20Haruka*s*Saegusa%20Ibara,r
Nanase Riku/Sazanami Jun/Tomoe Hiyori,0,/tags/Nanase%20Riku*s*Sazanami%20Jun*s*Tomoe%20Hiyori,r
Oogami Banri & Takanashi Tsumugi,7,/tags/Oogami%20Banri%20*a*%20Takanashi%20Tsumugi,r
Takanashi Otoharu & Takanashi Tsumugi,1,/tags/Takanashi%20Otoharu%20*a*%20Takanashi%20Tsumugi,r
Four Seasons: An IDOLiSH7 Fanzine,0,/tags/Four%20Seasons:%20An%20IDOLiSH7%20Fanzine,f
Inumaru Touma & Natsume Minami,5,/tags/Inumaru%20Touma%20*a*%20Natsume%20Minami,r
Rokuya Nagi/Yotsuba Tamaki,4,/tags/Rokuya%20Nagi*s*Yotsuba%20Tamaki,r
Nanase Riku/Yaotome Sousuke,1,/tags/Nanase%20Riku*s*Yaotome%20Sousuke,r
Izumi Mitsuki/Yuki,6,/tags/Izumi%20Mitsuki*s*Yuki,r
Kurosaki Makoto/Yaotome Gaku,1,/tags/Kurosaki%20Makoto*s*Yaotome%20Gaku,r
Izumi Mitsuki/Oogami Banri,1,/tags/Izumi%20Mitsuki*s*Oogami%20Banri,r
Kujou Takamasa/Zero,4,/tags/Kujou%20Takamasa*s*Zero,r
Isumi Haruka & Kujou Ten,6,/tags/Isumi%20Haruka%20*a*%20Kujou%20Ten,r
Izumi Mitsuki/Takanashi Otoharu,1,/tags/Izumi%20Mitsuki*s*Takanashi%20Otoharu,r
Izumi Mitsuki/Natsume Minami,3,/tags/Izumi%20Mitsuki*s*Natsume%20Minami,r
Tsunashi Ryuunosuke/Reader,8,/tags/Tsunashi%20Ryuunosuke*s*Reader,r
Izumi Mitsuki/Midou Torao,2,/tags/Izumi%20Mitsuki*s*Midou%20Torao,r
Inumaru Touma/Izumi Mitsuki,0,/tags/Inumaru%20Touma*s*Izumi%20Mitsuki,r
Isumi Haruka/Izumi Mitsuki,0,/tags/Isumi%20Haruka*s*Izumi%20Mitsuki,r
Jinguji Jakurai & Nanase Riku,1,/tags/Jinguji%20Jakurai%20*a*%20Nanase%20Riku,r
Jinguji Jakurai & Kujou Ten,1,/tags/Jinguji%20Jakurai%20*a*%20Kujou%20Ten,r
Chiba Shizuo & Nikaidou Yamato,2,/tags/Chiba%20Shizuo%20*a*%20Nikaidou%20Yamato,r
Ousaka Sougo & Ousaka Soushi,1,/tags/Ousaka%20Sougo%20*a*%20Ousaka%20Soushi,r
Ousaka Satoshi & Ousaka Sougo,0,/tags/Ousaka%20Satoshi%20*a*%20Ousaka%20Sougo,r
Izumi Iori/Izumi Mitsuki/Nanase Riku,0,/tags/Izumi%20Iori*s*Izumi%20Mitsuki*s*Nanase%20Riku,r
Izumi Mitsuki/Zero,1,/tags/Izumi%20Mitsuki*s*Zero,r
Oogami Banri/Yotsuba Tamaki,3,/tags/Oogami%20Banri*s*Yotsuba%20Tamaki,r
Isumi Haruka & Izumi Iori & Izumi Mitsuki,1,/tags/Isumi%20Haruka%20*a*%20Izumi%20Iori%20*a*%20Izumi%20Mitsuki,r
Kujou Takamasa/Nanase Riku,3,/tags/Kujou%20Takamasa*s*Nanase%20Riku,r
Takanashi Tsumugi & Yuki,1,/tags/Takanashi%20Tsumugi%20*a*%20Yuki,r
Takanashi Tsumugi & Everyone,4,/tags/Takanashi%20Tsumugi%20*a*%20Everyone,r
Kujou Aya & Nanase Riku,2,/tags/Kujou%20Aya%20*a*%20Nanase%20Riku,r
Nanase Riku & Everyone,1,/tags/Nanase%20Riku%20*a*%20Everyone,r
One-Sided Izumi Iori/Nanase Riku,1,/tags/One-Sided%20Izumi%20Iori*s*Nanase%20Riku,f
IDOLiSH7 Part 1 Spoilers,1,/tags/IDOLiSH7%20Part%201%20Spoilers,f
Anesagi Kaoru & Okazaki Rinto & Oogami Banri & Takanashi Tsumugi,0,/tags/Anesagi%20Kaoru%20*a*%20Okazaki%20Rinto%20*a*%20Oogami%20Banri%20*a*%20Takanashi%20Tsumugi,r
Kinako/Oogami Banri,1,/tags/Kinako*s*Oogami%20Banri,r
Nikaidou Yamato/Yaotome Gaku/Yuki,1,/tags/Nikaidou%20Yamato*s*Yaotome%20Gaku*s*Yuki,r
Coda & Fang (IDOLiSH7),2,/tags/Coda%20*a*%20Fang%20(IDOLiSH7),r
Kujou Ten & Nanase Riku & Ousaka Sougo,0,/tags/Kujou%20Ten%20*a*%20Nanase%20Riku%20*a*%20Ousaka%20Sougo,r
Nanase Riku & Sazanami Jun,1,/tags/Nanase%20Riku%20*a*%20Sazanami%20Jun,r
Rokuya Nagi/Tsukinaga Leo,1,/tags/Rokuya%20Nagi*s*Tsukinaga%20Leo,r
Izumi Iori & Yaotome Gaku,2,/tags/Izumi%20Iori%20*a*%20Yaotome%20Gaku,r
Takanashi Musubi & Takanashi Tsumugi,0,/tags/Takanashi%20Musubi%20*a*%20Takanashi%20Tsumugi,r
Nanase Riku/Sazanami Jun,0,/tags/Nanase%20Riku*s*Sazanami%20Jun,r
Nanase Riku/Tomoe Hiyori,0,/tags/Nanase%20Riku*s*Tomoe%20Hiyori,r
Tsunashi Ryuunosuke/You,1,/tags/Tsunashi%20Ryuunosuke*s*You,r
Kujou Aya/Takanashi Tsumugi,1,/tags/Kujou%20Aya*s*Takanashi%20Tsumugi,r
Kinako/Takanashi Otoharu,0,/tags/Kinako*s*Takanashi%20Otoharu,r
Isumi Haruka/Nanase Riku,1,/tags/Isumi%20Haruka*s*Nanase%20Riku,r
Momo (IDOLiSH7)/Other(s),0,/tags/Momo%20(IDOLiSH7)*s*Other(s),r
Nanase Riku/Seto Ranvalt von Northmare,0,/tags/Nanase%20Riku*s*Seto%20Ranvalt%20von%20Northmare,r
Butterflies After the Rain Zine,0,/tags/Butterflies%20After%20the%20Rain%20Zine,f
Momo & Oogami Banri,19,/tags/Momo%20*a*%20Oogami%20Banri,r
Izumi Mitsuki & Midou Torao,3,/tags/Izumi%20Mitsuki%20*a*%20Midou%20Torao,r
Inumaru Touma/Yotsuba Tamaki,1,/tags/Inumaru%20Touma*s*Yotsuba%20Tamaki,r
Natsume Minami/Yuki,1,/tags/Natsume%20Minami*s*Yuki,r
Isumi Haruka/Seto Ranvalt von Northmare,0,/tags/Isumi%20Haruka*s*Seto%20Ranvalt%20von%20Northmare,r
Inumaru Touma/Ousaka Sougo,2,/tags/Inumaru%20Touma*s*Ousaka%20Sougo,r
Anesagi Kaoru & Okazaki Rinto,0,/tags/Anesagi%20Kaoru%20*a*%20Okazaki%20Rinto,r
Carnelian/Cinderella (IDOLiSH7),1,/tags/Carnelian*s*Cinderella%20(IDOLiSH7),r
Izumi Mitsuki/Izumi Mitsuki,1,/tags/Izumi%20Mitsuki*s*Izumi%20Mitsuki,r
Cinderella (IDOLiSH7),1,/tags/Cinderella%20(IDOLiSH7),c
Kujou Ten/Nanase Riku/Tsunashi Ryuunosuke,1,/tags/Kujou%20Ten*s*Nanase%20Riku*s*Tsunashi%20Ryuunosuke,r
RyuuSou Week 2020,1,/tags/RyuuSou%20Week%202020,f
Midou Torao & Tsunashi Ryuunosuke,1,/tags/Midou%20Torao%20*a*%20Tsunashi%20Ryuunosuke,r
Kujou Takamasa & Nanase Riku,1,/tags/Kujou%20Takamasa%20*a*%20Nanase%20Riku,r
Tsunashi Ryuunosuke & Tsunashi Ryuunosuke’s Family,0,/tags/Tsunashi%20Ryuunosuke%20*a*%20Tsunashi%20Ryuunosuke%E2%80%99s%20Family,r
Anesagi Kaoru & Tsunashi Ryuunosuke,2,/tags/Anesagi%20Kaoru%20*a*%20Tsunashi%20Ryuunosuke,r
Erin & Lazu (IDOLiSH7),3,/tags/Erin%20*a*%20Lazu%20(IDOLiSH7),r
Fuga (IDOLiSH7),10,/tags/Fuga%20(IDOLiSH7),c
Cura/Libel (IDOLiSH7),3,/tags/Cura*s*Libel%20(IDOLiSH7),r
Cura (IDOLiSH7),16,/tags/Cura%20(IDOLiSH7),c
Libel (IDOLiSH7),29,/tags/Libel%20(IDOLiSH7),c
Midou Torao & Natsume Minami & Nikaidou Yamato & Yaotome Gaku & Yuki,1,/tags/Midou%20Torao%20*a*%20Natsume%20Minami%20*a*%20Nikaidou%20Yamato%20*a*%20Yaotome%20Gaku%20*a*%20Yuki,r
Natsume Minami & Ousaka Sougo & Yuki,0,/tags/Natsume%20Minami%20*a*%20Ousaka%20Sougo%20*a*%20Yuki,r
IDOLiSH7 Secret Santa 2020,1,/tags/IDOLiSH7%20Secret%20Santa%202020,f
Izumi Iori/Nikaidou Yamato,4,/tags/Izumi%20Iori*s*Nikaidou%20Yamato,r
Kuon (IDOLiSH7),18,/tags/Kuon%20(IDOLiSH7),c
Vida (IDOLiSH7),17,/tags/Vida%20(IDOLiSH7),c
Kujou Ten & Tsunashi Ryuunosuke,2,/tags/Kujou%20Ten%20*a*%20Tsunashi%20Ryuunosuke,r
Kabane/Kuon (IDOLiSH7),8,/tags/Kabane*s*Kuon%20(IDOLiSH7),r
Kabane (IDOLiSH7),19,/tags/Kabane%20(IDOLiSH7),c
Konoe (IDOLiSH7),14,/tags/Konoe%20(IDOLiSH7),c
Izumi Iori/Yuki,2,/tags/Izumi%20Iori*s*Yuki,r
Ousaka Sougo & Yuki,1,/tags/Ousaka%20Sougo%20*a*%20Yuki,r
Alternate Universe - La danse macabre (IDOLiSH7),55,/tags/Alternate%20Universe%20-%20La%20danse%20macabre%20(IDOLiSH7),f
Arme (IDOLiSH7),28,/tags/Arme%20(IDOLiSH7),c
Qual (IDOLiSH7),9,/tags/Qual%20(IDOLiSH7),c
Kabane & Konoe & Kuon (IDOLiSH7),6,/tags/Kabane%20*a*%20Konoe%20*a*%20Kuon%20(IDOLiSH7),r
Arme & Qual (IDOLiSH7),2,/tags/Arme%20*a*%20Qual%20(IDOLiSH7),r
Kuon & Vida (IDOLiSH7),1,/tags/Kuon%20*a*%20Vida%20(IDOLiSH7),r
Leiden & Misericorde (IDOLiSH7),1,/tags/Leiden%20*a*%20Misericorde%20(IDOLiSH7),r
Leiden (IDOLiSH7),5,/tags/Leiden%20(IDOLiSH7),c
Misericorde (IDOLiSH7),5,/tags/Misericorde%20(IDOLiSH7),c
Kujou Ten/Tsukumo Ryou,1,/tags/Kujou%20Ten*s*Tsukumo%20Ryou,r
Libel/Vida (IDOLiSH7),4,/tags/Libel*s*Vida%20(IDOLiSH7),r
Arme/Libel (IDOLiSH7),7,/tags/Arme*s*Libel%20(IDOLiSH7),r
Kyuubi no Kitsune (IDOLiSH7),3,/tags/Kyuubi%20no%20Kitsune%20(IDOLiSH7),c
Mizuchi (IDOLiSH7),1,/tags/Mizuchi%20(IDOLiSH7),c
Karasu Tengu (IDOLiSH7),2,/tags/Karasu%20Tengu%20(IDOLiSH7),c
Reue (IDOLiSH7),11,/tags/Reue%20(IDOLiSH7),c
Cura/Fuga (IDOLiSH7),1,/tags/Cura*s*Fuga%20(IDOLiSH7),r
Cura & Reue (IDOLiSH7),1,/tags/Cura%20*a*%20Reue%20(IDOLiSH7),r
Libel (IDOLiSH7)/Reader,1,/tags/Libel%20(IDOLiSH7)*s*Reader,r
Yaotome Gaku/Yotsuba Tamaki,2,/tags/Yaotome%20Gaku*s*Yotsuba%20Tamaki,r
Nanase Riku & Yuki,2,/tags/Nanase%20Riku%20*a*%20Yuki,r
Bottom Kujou Ten,9,/tags/Bottom%20Kujou%20Ten,f
Izumi Mitsuki & ZOOL,1,/tags/Izumi%20Mitsuki%20*a*%20ZOOL,r
Izumi Mitsuki & Re:vale,1,/tags/Izumi%20Mitsuki%20*a*%20Re:vale,r
Izumi Mitsuki & Tsunashi Ryuunosuke,2,/tags/Izumi%20Mitsuki%20*a*%20Tsunashi%20Ryuunosuke,r
Eternea (IDOLiSH7),4,/tags/Eternea%20(IDOLiSH7),c
Yotsuba Tamaki/Yuki,1,/tags/Yotsuba%20Tamaki*s*Yuki,r
Eternea/Misericorde (IDOLiSH7),0,/tags/Eternea*s*Misericorde%20(IDOLiSH7),r
Kyuubi no Kitsune/Mizuchi (IDOLiSH7),0,/tags/Kyuubi%20no%20Kitsune*s*Mizuchi%20(IDOLiSH7),r
Somas (IDOLiSH7),0,/tags/Somas%20(IDOLiSH7),c
IDOLiSH7 Antagonistic Quarter Spoilers,1,/tags/IDOLiSH7%20Antagonistic%20Quarter%20Spoilers,f
Nanase Riku/Original Character(s),2,/tags/Nanase%20Riku*s*Original%20Character(s),r
Rokuya Nagi/Yuki,2,/tags/Rokuya%20Nagi*s*Yuki,r
Natsume Minami's Mother,4,/tags/Natsume%20Minami's%20Mother,c
Tsunashi Ryuunosuke/Yuki,3,/tags/Tsunashi%20Ryuunosuke*s*Yuki,r
Arme & Fuga (IDOLiSH7),3,/tags/Arme%20*a*%20Fuga%20(IDOLiSH7),r
Natsume Minami/Reader,4,/tags/Natsume%20Minami*s*Reader,r
Kujou Ten/Yuki,2,/tags/Kujou%20Ten*s*Yuki,r
Ousaka Sougo/Yuki,3,/tags/Ousaka%20Sougo*s*Yuki,r
Momo & Takanashi Tsumugi,1,/tags/Momo%20*a*%20Takanashi%20Tsumugi,r
Momo & Nikaidou Yamato,0,/tags/Momo%20*a*%20Nikaidou%20Yamato,r
Kujou Takamasa/Kujou Ten/Nanase Riku,0,/tags/Kujou%20Takamasa*s*Kujou%20Ten*s*Nanase%20Riku,r
Yaotome Gaku's Mother/Yaotome Sousuke,0,/tags/Yaotome%20Gaku's%20Mother*s*Yaotome%20Sousuke,r
Anesagi Kaoru & Takanashi Tsumugi,1,/tags/Anesagi%20Kaoru%20*a*%20Takanashi%20Tsumugi,r
Anesagi Kaoru & Yaotome Gaku,2,/tags/Anesagi%20Kaoru%20*a*%20Yaotome%20Gaku,r
Oogami Banri & Takanashi Otoharu,5,/tags/Oogami%20Banri%20*a*%20Takanashi%20Otoharu,r
Arme/Fuga (IDOLiSH7),3,/tags/Arme*s*Fuga%20(IDOLiSH7),r
Izumi Mitsuki & Momo,2,/tags/Izumi%20Mitsuki%20*a*%20Momo,r
Rabbit Chat (IDOLiSH7),0,/tags/Rabbit%20Chat%20(IDOLiSH7),f
Alternate Universe - No Doubt (IDOLiSH7),1,/tags/Alternate%20Universe%20-%20No%20Doubt%20(IDOLiSH7),f
Yaotome Gaku/Yuki,3,/tags/Yaotome%20Gaku*s*Yuki,r
Utsugi Shirou,19,/tags/Utsugi%20Shirou,c
Izumi Family (IDOLiSH7),3,/tags/Izumi%20Family%20(IDOLiSH7),c
Nanase Family (IDOLiSH7),2,/tags/Nanase%20Family%20(IDOLiSH7),c
Tsukumo Ryou's Brother,0,/tags/Tsukumo%20Ryou's%20Brother,c
NO_MAD (IDOLiSH7),1,/tags/NO_MAD%20(IDOLiSH7),c
Magical Kokona (IDOLiSH7),0,/tags/Magical%20Kokona%20(IDOLiSH7),c
Ousaka Sougo's Family,3,/tags/Ousaka%20Sougo's%20Family,c
Kujou Ten & Nanase Family,1,/tags/Kujou%20Ten%20*a*%20Nanase%20Family,r
Momo & Okazaki Rinto,5,/tags/Momo%20*a*%20Okazaki%20Rinto,r
Natsume Minami/Nikaidou Yamato,7,/tags/Natsume%20Minami*s*Nikaidou%20Yamato,r
Nanase Riku/Tartaglia | Childe (Genshin Impact),0,/tags/Nanase%20Riku*s*Tartaglia%20%7C%20Childe%20(Genshin%20Impact),r
Yaotome Gaku/Yaotome Sousuke,1,/tags/Yaotome%20Gaku*s*Yaotome%20Sousuke,r
Izumi Iori & Oogami Banri,1,/tags/Izumi%20Iori%20*a*%20Oogami%20Banri,r
Nanase Riku & Oogami Banri,1,/tags/Nanase%20Riku%20*a*%20Oogami%20Banri,r
Yaotome Gaku/Original Character(s),0,/tags/Yaotome%20Gaku*s*Original%20Character(s),r
Leiden/Reue (IDOLiSH7),0,/tags/Leiden*s*Reue%20(IDOLiSH7),r
Tsukumo Ryou & ZOOL,3,/tags/Tsukumo%20Ryou%20*a*%20ZOOL,r
Bottom Izumi Mitsuki,3,/tags/Bottom%20Izumi%20Mitsuki,f
Leiden/Schau (IDOLiSH7),1,/tags/Leiden*s*Schau%20(IDOLiSH7),r
Schau (IDOLiSH7),5,/tags/Schau%20(IDOLiSH7),c
Cura/Leiden (IDOLiSH7),1,/tags/Cura*s*Leiden%20(IDOLiSH7),r
Horca (IDOLiSH7),6,/tags/Horca%20(IDOLiSH7),c
Placer (IDOLiSH7),9,/tags/Placer%20(IDOLiSH7),c
Eternia (IDOLiSH7),1,/tags/Eternia%20(IDOLiSH7),c
Arme & Libel (IDOLiSH7),2,/tags/Arme%20*a*%20Libel%20(IDOLiSH7),r
Horde Prime (She-Ra) & Oogami Banri,0,/tags/Horde%20Prime%20(She-Ra)%20*a*%20Oogami%20Banri,r
Arme (IDOLiSH7) & Everyone,0,/tags/Arme%20(IDOLiSH7)%20*a*%20Everyone,r
Oogami Banri & Ousaka Sougo & Yotsuba Tamaki,1,/tags/Oogami%20Banri%20*a*%20Ousaka%20Sougo%20*a*%20Yotsuba%20Tamaki,r
Arme & Vida (IDOLiSH7),0,/tags/Arme%20*a*%20Vida%20(IDOLiSH7),r
Okazaki Rinto & Yuki,1,/tags/Okazaki%20Rinto%20*a*%20Yuki,r
Momo & Okazaki Rinto & Yuki,2,/tags/Momo%20*a*%20Okazaki%20Rinto%20*a*%20Yuki,r
Natsume Minami/Tsukumo Ryou,1,/tags/Natsume%20Minami*s*Tsukumo%20Ryou,r
Momo & Tsukumo Ryou,6,/tags/Momo%20*a*%20Tsukumo%20Ryou,r
Oogami Banri/Ousaka Sougo,0,/tags/Oogami%20Banri*s*Ousaka%20Sougo,r
Pythagoras Trio (IDOLiSH7),0,/tags/Pythagoras%20Trio%20(IDOLiSH7),c
Momo & Ousaka Sougo,1,/tags/Momo%20*a*%20Ousaka%20Sougo,r
Alternate Universe - Wonderland in the Dark (IDOLiSH7),1,/tags/Alternate%20Universe%20-%20Wonderland%20in%20the%20Dark%20(IDOLiSH7),f
Yaotome Gaku & Yuki,3,/tags/Yaotome%20Gaku%20*a*%20Yuki,r
Momo & Yaotome Gaku,1,/tags/Momo%20*a*%20Yaotome%20Gaku,r
Kujou Takamasa & Sakura Haruki,1,/tags/Kujou%20Takamasa%20*a*%20Sakura%20Haruki,r
Kujou Aya & Yuki,3,/tags/Kujou%20Aya%20*a*%20Yuki,r
Natsume Minami/Original Character(s),0,/tags/Natsume%20Minami*s*Original%20Character(s),r
Alternate Universe - Kaiketsu Mystery (IDOLiSH7),1,/tags/Alternate%20Universe%20-%20Kaiketsu%20Mystery%20(IDOLiSH7),f
Isumi Haruka & Kujou Aya,6,/tags/Isumi%20Haruka%20*a*%20Kujou%20Aya,r
Post-IDOLiSH7 Part 4,1,/tags/Post-IDOLiSH7%20Part%204,f
Momo & Nanase Riku,3,/tags/Momo%20*a*%20Nanase%20Riku,r
Hanabusa (IDOLiSH7)/Reader,1,/tags/Hanabusa%20(IDOLiSH7)*s*Reader,r
Hanabusa (IDOLiSH7),1,/tags/Hanabusa%20(IDOLiSH7),c
IDOLiSH7 Rarepairs Week 2021,0,/tags/IDOLiSH7%20Rarepairs%20Week%202021,f
Leiden & Vida (IDOLiSH7),1,/tags/Leiden%20*a*%20Vida%20(IDOLiSH7),r
Horca & Placer & Vida (IDOLiSH7),1,/tags/Horca%20*a*%20Placer%20*a*%20Vida%20(IDOLiSH7),r
Eternea & Misericorde (IDOLiSH7),0,/tags/Eternea%20*a*%20Misericorde%20(IDOLiSH7),r
Okazaki Rinto & Oogami Banri,1,/tags/Okazaki%20Rinto%20*a*%20Oogami%20Banri,r
Isumi Haruka/Original Character(s),0,/tags/Isumi%20Haruka*s*Original%20Character(s),r
Oogami Banri & Sunohara Ruri,1,/tags/Oogami%20Banri%20*a*%20Sunohara%20Ruri,r
Nikaidou Yamato & Takanashi Tsumugi,1,/tags/Nikaidou%20Yamato%20*a*%20Takanashi%20Tsumugi,r
Chiba Shizuo & Yuki,1,/tags/Chiba%20Shizuo%20*a*%20Yuki,r
Reue & Schau (IDOLiSH7),1,/tags/Reue%20*a*%20Schau%20(IDOLiSH7),r
Arme (IDOLiSH7) & Emil (NieR),1,/tags/Arme%20(IDOLiSH7)%20*a*%20Emil%20(NieR),r
Libel (IDOLiSH7) & Emil (NieR),1,/tags/Libel%20(IDOLiSH7)%20*a*%20Emil%20(NieR),r
Midou Torao & Yotsuba Tamaki,2,/tags/Midou%20Torao%20*a*%20Yotsuba%20Tamaki,r
Arme (IDOLiSH7) & Emil (NieR) & Libel (IDOLiSH7),0,/tags/Arme%20(IDOLiSH7)%20*a*%20Emil%20(NieR)%20*a*%20Libel%20(IDOLiSH7),r
IDOLiSH7 Secret Santa 2021,0,/tags/IDOLiSH7%20Secret%20Santa%202021,f
Nanase Riku & Tsunashi Ryuunosuke,4,/tags/Nanase%20Riku%20*a*%20Tsunashi%20Ryuunosuke,r
Alternate Universe - IDOLiSH7 Orchestra,1,/tags/Alternate%20Universe%20-%20IDOLiSH7%20Orchestra,f
Yuki (IDOLiSH7)/Reader,2,/tags/Yuki%20(IDOLiSH7)*s*Reader,r
Amemura Ramuda/Nikaidou Yamato,1,/tags/Amemura%20Ramuda*s*Nikaidou%20Yamato,r
Kujou Takamasa & Yaotome Sousuke,1,/tags/Kujou%20Takamasa%20*a*%20Yaotome%20Sousuke,r
Izumi Iori & Momo,2,/tags/Izumi%20Iori%20*a*%20Momo,r
Nanase Riku & Takanashi Otoharu,0,/tags/Nanase%20Riku%20*a*%20Takanashi%20Otoharu,r
Kujou Takamasa & Oogami Banri,0,/tags/Kujou%20Takamasa%20*a*%20Oogami%20Banri,r
TRIGGER & ZOOL (IDOLiSH7),1,/tags/TRIGGER%20*a*%20ZOOL%20(IDOLiSH7),r
Kujou Aya & Nanase Riku & Yotsuba Tamaki,0,/tags/Kujou%20Aya%20*a*%20Nanase%20Riku%20*a*%20Yotsuba%20Tamaki,r
Natsume Minami & Nikaidou Yamato & Yaotome Gaku & Yuki,0,/tags/Natsume%20Minami%20*a*%20Nikaidou%20Yamato%20*a*%20Yaotome%20Gaku%20*a*%20Yuki,r
Karasu Tengu/Uta (IDOLiSH7),1,/tags/Karasu%20Tengu*s*Uta%20(IDOLiSH7),r
Nanase Family & Nanase Riku,0,/tags/Nanase%20Family%20*a*%20Nanase%20Riku,r
Momo (IDOLiSH7)/Reader,3,/tags/Momo%20(IDOLiSH7)*s*Reader,r
Cura/Reue (IDOLiSH7),0,/tags/Cura*s*Reue%20(IDOLiSH7),r
Arme/Libel/Qual (IDOLiSH7),0,/tags/Arme*s*Libel*s*Qual%20(IDOLiSH7),r
Izumi Iori & Momo & Nanase Riku & Yuki,0,/tags/Izumi%20Iori%20*a*%20Momo%20*a*%20Nanase%20Riku%20*a*%20Yuki,r
Nanase Riku & Yamada Ichiro,0,/tags/Nanase%20Riku%20*a*%20Yamada%20Ichiro,r
Nanase Riku/Yamada Ichiro,0,/tags/Nanase%20Riku*s*Yamada%20Ichiro,r
Nanase Riku & Yamada Jiro (Hypnosis Mic),0,/tags/Nanase%20Riku%20*a*%20Yamada%20Jiro%20(Hypnosis%20Mic),r
Nanase Riku & Yamada Saburo,0,/tags/Nanase%20Riku%20*a*%20Yamada%20Saburo,r
Sohma Rin/Takanashi Tsumugi,1,/tags/Sohma%20Rin*s*Takanashi%20Tsumugi,r
Nanase Riku/Sohma Hatsuharu,0,/tags/Nanase%20Riku*s*Sohma%20Hatsuharu,r
Nanase Riku/Sohma Momiji,0,/tags/Nanase%20Riku*s*Sohma%20Momiji,r
Izumi Mitsuki & Kirishima Ikuya,0,/tags/Izumi%20Mitsuki%20*a*%20Kirishima%20Ikuya,r
IDOLiSH7 Mini Bang 2022,2,/tags/IDOLiSH7%20Mini%20Bang%202022,f
Cura & Libel (IDOLiSH7),1,/tags/Cura%20*a*%20Libel%20(IDOLiSH7),r
"Izumi Iori & Derek Stiles & Takanashi Tsumugi & Angela ""Angie"" Thompson",1,/tags/Izumi%20Iori%20*a*%20Derek%20Stiles%20*a*%20Takanashi%20Tsumugi%20*a*%20Angela%20%22Angie%22%20Thompson,r
Isumi Haruka & Nanase Riku,9,/tags/Isumi%20Haruka%20*a*%20Nanase%20Riku,r
Natsume Minami & Sakura Haruki,3,/tags/Natsume%20Minami%20*a*%20Sakura%20Haruki,r
Natsume Minami’s Father,1,/tags/Natsume%20Minami%E2%80%99s%20Father,c
Midou Torao's Father,1,/tags/Midou%20Torao's%20Father,c
Trans Natsume Minami,1,/tags/Trans%20Natsume%20Minami,f
Anesagi Kaoru/Takanashi Tsumugi,2,/tags/Anesagi%20Kaoru*s*Takanashi%20Tsumugi,r
Nanase Riku/Sumeragi Tenma,0,/tags/Nanase%20Riku*s*Sumeragi%20Tenma,r
IDOLiSH7 Manga Spoilers,1,/tags/IDOLiSH7%20Manga%20Spoilers,f
Anesagi Kaoru & Yuki,1,/tags/Anesagi%20Kaoru%20*a*%20Yuki,r
Kujou Ten & Reader,1,/tags/Kujou%20Ten%20*a*%20Reader,r
Kujou Ten/Midou Torao,1,/tags/Kujou%20Ten*s*Midou%20Torao,r
Midou Torao/Yotsuba Tamaki,0,/tags/Midou%20Torao*s*Yotsuba%20Tamaki,r
Izumi Iori/Original Character(s),0,/tags/Izumi%20Iori*s*Original%20Character(s),r
Isumi Haruka/Yaotome Gaku,1,/tags/Isumi%20Haruka*s*Yaotome%20Gaku,r
Yotsuba Tamaki & Everyone,0,/tags/Yotsuba%20Tamaki%20*a*%20Everyone,r
Midou Torao & ZOOL,1,/tags/Midou%20Torao%20*a*%20ZOOL,r
Aoyagi Touya & Hidaka Hokuto & Izumi Iori & Izumi Mitsuki,0,/tags/Aoyagi%20Touya%20*a*%20Hidaka%20Hokuto%20*a*%20Izumi%20Iori%20*a*%20Izumi%20Mitsuki,r
Natsume Minami/Utsugi Shirou,0,/tags/Natsume%20Minami*s*Utsugi%20Shirou,r
Kuon/Vida (IDOLiSH7),0,/tags/Kuon*s*Vida%20(IDOLiSH7),r
Kujou Ten/Tsunashi Ryuunosuke/Original Male Character(s),0,/tags/Kujou%20Ten*s*Tsunashi%20Ryuunosuke*s*Original%20Male%20Character(s),r
Oogami Banri & Ousaka Sougo,1,/tags/Oogami%20Banri%20*a*%20Ousaka%20Sougo,r
Kujou Ten & Everyone,0,/tags/Kujou%20Ten%20*a*%20Everyone,r
Bottom Tsunashi Ryuunosuke,1,/tags/Bottom%20Tsunashi%20Ryuunosuke,f
Bottom Momo (IDOLiSH7),0,/tags/Bottom%20Momo%20(IDOLiSH7),f
POV Tsunashi Ryuunosuke,0,/tags/POV%20Tsunashi%20Ryuunosuke,f
IDOLiSH7 Part 5 Spoilers,6,/tags/IDOLiSH7%20Part%205%20Spoilers,f
Inumaru Touma & ZOOL,1,/tags/Inumaru%20Touma%20*a*%20ZOOL,r
Hiroto (IDOLiSH7),1,/tags/Hiroto%20(IDOLiSH7),c
Carnelian & Hope (IDOLiSH7),0,/tags/Carnelian%20*a*%20Hope%20(IDOLiSH7),r
Hope & Lazu (IDOLiSH7),0,/tags/Hope%20*a*%20Lazu%20(IDOLiSH7),r
Kujou Takamasa/Yaotome Gaku,0,/tags/Kujou%20Takamasa*s*Yaotome%20Gaku,r
Isumi Haruka & Yaotome Gaku,2,/tags/Isumi%20Haruka%20*a*%20Yaotome%20Gaku,r
Izumi Mitsuki & Natsume Minami & Tsunashi Ryuunosuke & Yaotome Gaku,1,/tags/Izumi%20Mitsuki%20*a*%20Natsume%20Minami%20*a*%20Tsunashi%20Ryuunosuke%20*a*%20Yaotome%20Gaku,r
Inumaru Touma & Izumi Iori & Nanase Riku,1,/tags/Inumaru%20Touma%20*a*%20Izumi%20Iori%20*a*%20Nanase%20Riku,r
Natsume Minami & Yaotome Gaku,0,/tags/Natsume%20Minami%20*a*%20Yaotome%20Gaku,r
Tsukumo Ryou/Utsugi Shirou,0,/tags/Tsukumo%20Ryou*s*Utsugi%20Shirou,r
Douglas Rootbank,1,/tags/Douglas%20Rootbank,c
Protective Kujou Ten,1,/tags/Protective%20Kujou%20Ten,f
Inumaru Touma/Douglas Rootbank,0,/tags/Inumaru%20Touma*s*Douglas%20Rootbank,r
GakuTenn Week,0,/tags/GakuTenn%20Week,f
Cura/Placer (IDOLiSH7),0,/tags/Cura*s*Placer%20(IDOLiSH7),r
Anesagi Kaoru & Kujou Ten,1,/tags/Anesagi%20Kaoru%20*a*%20Kujou%20Ten,r
Re:member Spoilers (IDOLiSH7),4,/tags/Re:member%20Spoilers%20(IDOLiSH7),f
La danse macabre Spoilers (IDOLiSH7),0,/tags/La%20danse%20macabre%20Spoilers%20(IDOLiSH7),f
Hoshimeguri Spoilers (IDOLiSH7),1,/tags/Hoshimeguri%20Spoilers%20(IDOLiSH7),f
Isumi Haruka/Utsugi Shirou,9,/tags/Isumi%20Haruka*s*Utsugi%20Shirou,r
Isumi Haruka/Reader,1,/tags/Isumi%20Haruka*s*Reader,r
Inumaru Touma/Reader,1,/tags/Inumaru%20Touma*s*Reader,r
Midou Torao/Reader,1,/tags/Midou%20Torao*s*Reader,r
Amagi Rinne/Nikaidou Yamato,1,/tags/Amagi%20Rinne*s*Nikaidou%20Yamato,r
Isumi Haruka/Midou Torao/Natsume Minami,0,/tags/Isumi%20Haruka*s*Midou%20Torao*s*Natsume%20Minami,r
Isumi Haruka & Tsukumo Ryou,1,/tags/Isumi%20Haruka%20*a*%20Tsukumo%20Ryou,r
IDOLiSH7 Part 6 Spoilers,3,/tags/IDOLiSH7%20Part%206%20Spoilers,f
Midou Torao/Yaotome Gaku,2,/tags/Midou%20Torao*s*Yaotome%20Gaku,r
Yotsuba Tamaki & Yotsuba Tamaki's Mother,1,/tags/Yotsuba%20Tamaki%20*a*%20Yotsuba%20Tamaki's%20Mother,r
Midou Torao/Rokuya Nagi,0,/tags/Midou%20Torao*s*Rokuya%20Nagi,r
IDOLiSH7 Part 1,0,/tags/IDOLiSH7%20Part%201,f
IDOLiSH7 Part 2,0,/tags/IDOLiSH7%20Part%202,f
IDOLiSH7 Part 3,0,/tags/IDOLiSH7%20Part%203,f
IDOLiSH7 Part 4,0,/tags/IDOLiSH7%20Part%204,f
IDOLiSH7 Part 5,0,/tags/IDOLiSH7%20Part%205,f
IDOLiSH7 Part 6,0,/tags/IDOLiSH7%20Part%206,f
Ittoki Otoya & Nanase Riku,1,/tags/Ittoki%20Otoya%20*a*%20Nanase%20Riku,r
Ittoki Otoya & Kujou Ten,1,/tags/Ittoki%20Otoya%20*a*%20Kujou%20Ten,r
Tsunashi Ryuunosuke/Original Character(s),0,/tags/Tsunashi%20Ryuunosuke*s*Original%20Character(s),r
Kujou Ten/Takanashi Tsumugi/Yaotome Gaku,0,/tags/Kujou%20Ten*s*Takanashi%20Tsumugi*s*Yaotome%20Gaku,r
Kujou Takamasa/Original Female Character(s),0,/tags/Kujou%20Takamasa*s*Original%20Female%20Character(s),r
Anesagi Kaoru & Momo,1,/tags/Anesagi%20Kaoru%20*a*%20Momo,r
Isumi Haruka's Grandma,4,/tags/Isumi%20Haruka's%20Grandma,c
Bottom Izumi Iori,1,/tags/Bottom%20Izumi%20Iori,f
Kujou Takamasa/Yaotome Sousuke,2,/tags/Kujou%20Takamasa*s*Yaotome%20Sousuke,r
Inumaru Touma & Momo,0,/tags/Inumaru%20Touma%20*a*%20Momo,r
Happy Birthday Izumi Iori,1,/tags/Happy%20Birthday%20Izumi%20Iori,f
Isumi Haruka & Izumi Iori,0,/tags/Isumi%20Haruka%20*a*%20Izumi%20Iori,r
Natsume Minami/Nikaidou Yamato/Yuki,0,/tags/Natsume%20Minami*s*Nikaidou%20Yamato*s*Yuki,r
Re:member (IDOLiSH7),4,/tags/Re:member%20(IDOLiSH7),f
Minor Izumi Iori/Nanase Riku,2,/tags/Minor%20Izumi%20Iori*s*Nanase%20Riku,f
Tsukumo Ryou/ZOOL,0,/tags/Tsukumo%20Ryou*s*ZOOL,r
IDOLiSH7 Reverse Bang 2023,1,/tags/IDOLiSH7%20Reverse%20Bang%202023,f
Inumaru Touma/Midou Torao/Yaotome Gaku,0,/tags/Inumaru%20Touma*s*Midou%20Torao*s*Yaotome%20Gaku,r
Utsugi Shirou & ZOOL,0,/tags/Utsugi%20Shirou%20*a*%20ZOOL,r
Cura & Fuga (IDOLiSH7),1,/tags/Cura%20*a*%20Fuga%20(IDOLiSH7),r
Tsunashi Ryuunosuke & Yuki,1,/tags/Tsunashi%20Ryuunosuke%20*a*%20Yuki,r
Kujou Aya/Kujou Takamasa,1,/tags/Kujou%20Aya*s*Kujou%20Takamasa,r
Fuga & Libel (IDOLiSH7),0,/tags/Fuga%20*a*%20Libel%20(IDOLiSH7),r
Top Yotsuba Tamaki,2,/tags/Top%20Yotsuba%20Tamaki,f
Top Kujou Ten,1,/tags/Top%20Kujou%20Ten,f
Rictor (IDOLiSH7),0,/tags/Rictor%20(IDOLiSH7),c
Tamathony (IDOLiSH7),0,/tags/Tamathony%20(IDOLiSH7),c
Yamarson (IDOLiSH7),0,/tags/Yamarson%20(IDOLiSH7),c
Nagistopher (IDOLiSH7),0,/tags/Nagistopher%20(IDOLiSH7),c
Mick (IDOLiSH7),0,/tags/Mick%20(IDOLiSH7),c
Io (IDOLiSH7),0,/tags/Io%20(IDOLiSH7),c
Terra (IDOLiSH7),0,/tags/Terra%20(IDOLiSH7),c
April (IDOLiSH7),0,/tags/April%20(IDOLiSH7),c
Dissen (IDOLiSH7),0,/tags/Dissen%20(IDOLiSH7),c
Jane (IDOLiSH7),0,/tags/Jane%20(IDOLiSH7),c
Jeune (IDOLiSH7),0,/tags/Jeune%20(IDOLiSH7),c
Martin (IDOLiSH7),0,/tags/Martin%20(IDOLiSH7),c
Meir (IDOLiSH7),0,/tags/Meir%20(IDOLiSH7),c
Novem (IDOLiSH7),0,/tags/Novem%20(IDOLiSH7),c
Octo (IDOLiSH7),0,/tags/Octo%20(IDOLiSH7),c
Io/Somas (IDOLiSH7),0,/tags/Io*s*Somas%20(IDOLiSH7),r
Kinako/Ousama Purin | King Pudding,0,/tags/Kinako*s*Ousama%20Purin%20%7C%20King%20Pudding,r
Somas/Tamathony (IDOLiSH7),0,/tags/Somas*s*Tamathony%20(IDOLiSH7),r
Kujou Tenn/Undisclosed,0,/tags/Kujou%20Tenn*s*Undisclosed,r
Hanabusa/Kyuubi no Kitsune/Mizuchi (IDOLiSH7),0,/tags/Hanabusa*s*Kyuubi%20no%20Kitsune*s*Mizuchi%20(IDOLiSH7),r
Alpha Kujou Ten,0,/tags/Alpha%20Kujou%20Ten,f
Omega Izumi Iori,0,/tags/Omega%20Izumi%20Iori,f
Alternate Universe - DUSK TiLL DAWN (IDOLiSH7),0,/tags/Alternate%20Universe%20-%20DUSK%20TiLL%20DAWN%20(IDOLiSH7),f
Alternate Universe - Kujou Riku,0,/tags/Alternate%20Universe%20-%20Kujou%20Riku,f
Top Ousaka Sougo,0,/tags/Top%20Ousaka%20Sougo,f
DiViDED: A Danmaca Zine,1,/tags/DiViDED:%20A%20Danmaca%20Zine,f
IDOLiSH7 Rarepairs Week 2020,0,/tags/IDOLiSH7%20Rarepairs%20Week%202020,f
Midou Torao-centric,0,/tags/Midou%20Torao-centric,f
Nanase Riku-centric,1,/tags/Nanase%20Riku-centric,f
Alternate Universe - Ainana Police (IDOLiSH7),0,/tags/Alternate%20Universe%20-%20Ainana%20Police%20(IDOLiSH7),f
Momo & Sunohara Ruri & Yuki,0,/tags/Momo%20*a*%20Sunohara%20Ruri%20*a*%20Yuki,r
Natsume Minami/Rokuya Nagi/Sakura Haruki,0,/tags/Natsume%20Minami*s*Rokuya%20Nagi*s*Sakura%20Haruki,r
Established Momo/Yuki (IDOLiSH7),1,/tags/Established%20Momo*s*Yuki%20(IDOLiSH7),f
Mentioned Kujou Ten,1,/tags/Mentioned%20Kujou%20Ten,f
Mentioned Re:vale (IDOLiSH7),2,/tags/Mentioned%20Re:vale%20(IDOLiSH7),f
Mentioned ŹOOĻ (IDOLiSH7),0,/tags/Mentioned%20%C5%B9OO%C4%BB%20(IDOLiSH7),f
IDOLiSH7 Rarepairs Week,0,/tags/IDOLiSH7%20Rarepairs%20Week,f
"Dear Butterfly: MEZZO"" Exchange",0,/tags/Dear%20Butterfly:%20MEZZO%22%20Exchange,f
"MEZZO"" (IDOLiSH7)",1,/tags/MEZZO%22%20(IDOLiSH7),c
898 Week (IDOLiSH7),0,/tags/898%20Week%20(IDOLiSH7),f
Married Momo/Yuki (IDOLiSH7),0,/tags/Married%20Momo*s*Yuki%20(IDOLiSH7),f
MonthofMitsuki (IDOLiSH7),0,/tags/MonthofMitsuki%20(IDOLiSH7),f
Happy Birthday Inumaru Touma,1,/tags/Happy%20Birthday%20Inumaru%20Touma,f
Happy Birthday Momo (IDOLiSH7),0,/tags/Happy%20Birthday%20Momo%20(IDOLiSH7),f
Onibi (IDOLiSH7),0,/tags/Onibi%20(IDOLiSH7),c
Sana (IDOLiSH7),0,/tags/Sana%20(IDOLiSH7),c
Onibi/Sana (IDOLiSH7),0,/tags/Onibi*s*Sana%20(IDOLiSH7),r
Polyamorous TRIGGER (IDOLiSH7),0,/tags/Polyamorous%20TRIGGER%20(IDOLiSH7),f
La danse macabre Ending 2 (IDOLiSH7),0,/tags/La%20danse%20macabre%20Ending%202%20(IDOLiSH7),f
Polyamorous ŹOOĻ (IDOLiSH7),0,/tags/Polyamorous%20%C5%B9OO%C4%BB%20(IDOLiSH7),f
IDOLiSH7 Secret Santa 2022,0,/tags/IDOLiSH7%20Secret%20Santa%202022,f
Happy Birthday Kujou Ten and Nanase Riku,3,/tags/Happy%20Birthday%20Kujou%20Ten%20and%20Nanase%20Riku,f
Alternate Universe - Last Dimension (IDOLISH7),0,/tags/Alternate%20Universe%20-%20Last%20Dimension%20(IDOLISH7),f
Minor Ousaka Sougo/Yotsuba Tamaki,0,/tags/Minor%20Ousaka%20Sougo*s*Yotsuba%20Tamaki,f
Minor Oogami Banri/Yuki,0,/tags/Minor%20Oogami%20Banri*s*Yuki,f
IDOLiSH7 Xmas Exchange 2018,0,/tags/IDOLiSH7%20Xmas%20Exchange%202018,f
Minor Kujou Ten/Yaotome Gaku,0,/tags/Minor%20Kujou%20Ten*s*Yaotome%20Gaku,f
Izumi Iori-centric,0,/tags/Izumi%20Iori-centric,f
Minor Inumaru Touma/Nanase Riku,0,/tags/Minor%20Inumaru%20Touma*s*Nanase%20Riku,f
Minor Izumi Mitsuki/Rokuya Nagi,0,/tags/Minor%20Izumi%20Mitsuki*s*Rokuya%20Nagi,f
Out of Character Kujou Ten,0,/tags/Out%20of%20Character%20Kujou%20Ten,f
Post-IDOLiSH7 Part 3,0,/tags/Post-IDOLiSH7%20Part%203,f
Inter(twin)ed Zine,0,/tags/Inter(twin)ed%20Zine,f
Momo (IDOLiSH7) & Original Character(s),0,/tags/Momo%20(IDOLiSH7)%20*a*%20Original%20Character(s),r
Nikaidou Yamato & Yaotome Gaku & Yuki,0,/tags/Nikaidou%20Yamato%20*a*%20Yaotome%20Gaku%20*a*%20Yuki,r
Yuki's Father (IDOLiSH7),0,/tags/Yuki's%20Father%20(IDOLiSH7),c
Yuki's Mother (IDOLiSH7),0,/tags/Yuki's%20Mother%20(IDOLiSH7),c
Yaotome Gaku/Other(s),0,/tags/Yaotome%20Gaku*s*Other(s),r
Izumi Parents (IDOLiSH7),0,/tags/Izumi%20Parents%20(IDOLiSH7),c
Izumi Parents & Nanase Riku & Rokuya Nagi,0,/tags/Izumi%20Parents%20*a*%20Nanase%20Riku%20*a*%20Rokuya%20Nagi,r
Ousaka Sougo's Mother,0,/tags/Ousaka%20Sougo's%20Mother,c
Ousaka Soushi/Ousaka Sougo's Mother,0,/tags/Ousaka%20Soushi*s*Ousaka%20Sougo's%20Mother,r
Ousama Purin | King Pudding/Roppu-chan,0,/tags/Ousama%20Purin%20%7C%20King%20Pudding*s*Roppu-chan,r
Soba Man (IDOLiSH7),0,/tags/Soba%20Man%20(IDOLiSH7),c
Angel Kujou Ten,0,/tags/Angel%20Kujou%20Ten,f
La danse macabre Ending 1 (IDOLiSH7),0,/tags/La%20danse%20macabre%20Ending%201%20(IDOLiSH7),f
BLACK or WHITE (IDOLiSH7),0,/tags/BLACK%20or%20WHITE%20(IDOLiSH7),f
IDOLiSH7 Antagonistic Quarter,0,/tags/IDOLiSH7%20Antagonistic%20Quarter,f
Minor Ousaka Sougo/Tsunashi Ryuunosuke,0,/tags/Minor%20Ousaka%20Sougo*s*Tsunashi%20Ryuunosuke,f
Mentioned Nikaidou Yamato,0,/tags/Mentioned%20Nikaidou%20Yamato,f
Mentioned IDOLiSH7 Group Members,0,/tags/Mentioned%20IDOLiSH7%20Group%20Members,f
Yandere Ousaka Sougo,0,/tags/Yandere%20Ousaka%20Sougo,f
Power Bottom Ousaka Sougo,0,/tags/Power%20Bottom%20Ousaka%20Sougo,f
Angel Nanase Riku,0,/tags/Angel%20Nanase%20Riku,f
Izumi Mitsuki/Nikaidou Yamato/Yaotome Gaku/Original Character(s),0,/tags/Izumi%20Mitsuki*s*Nikaidou%20Yamato*s*Yaotome%20Gaku*s*Original%20Character(s),r
IDOLiSH7 (Group),5,/tags/IDOLiSH7%20(Group),c
IDOLiSH7 (Group) & Izumi Mitsuki,0,/tags/IDOLiSH7%20(Group)%20*a*%20Izumi%20Mitsuki,r
IDOLiSH7 (Group) & Momo (IDOLiSH7),0,/tags/IDOLiSH7%20(Group)%20*a*%20Momo%20(IDOLiSH7),r
IDOLiSH7 (Group) & Nanase Riku,1,/tags/IDOLiSH7%20(Group)%20*a*%20Nanase%20Riku,r
IDOLiSH7 (Group) & Nkaidou Yamato,0,/tags/IDOLiSH7%20(Group)%20*a*%20Nkaidou%20Yamato,r
IDOLiSH7 (Group) & Oogami Banri,0,/tags/IDOLiSH7%20(Group)%20*a*%20Oogami%20Banri,r
IDOLiSH7 (Group) & Rokuya Nagi,0,/tags/IDOLiSH7%20(Group)%20*a*%20Rokuya%20Nagi,r
IDOLiSH7 (Group) & TRIGGER & Re:vale & ŹOOĻ,1,/tags/IDOLiSH7%20(Group)%20*a*%20TRIGGER%20*a*%20Re:vale%20*a*%20%C5%B9OO%C4%BB,r
IDOLiSH7 (Group) & Takanashi Tsumugi,0,/tags/IDOLiSH7%20(Group)%20*a*%20Takanashi%20Tsumugi,r
IDOLiSH7 (Group) & Tsunashi Ryuunosuke,0,/tags/IDOLiSH7%20(Group)%20*a*%20Tsunashi%20Ryuunosuke,r
IDOLiSH7 (Group) & Yuki (IDOLiSH7),0,/tags/IDOLiSH7%20(Group)%20*a*%20Yuki%20(IDOLiSH7),r
Mezzine - Connected Feelings,4,/tags/Mezzine%20-%20Connected%20Feelings,f
Yaotome Gaku & Reader,0,/tags/Yaotome%20Gaku%20*a*%20Reader,r
LINK RING WIND (IDOLiSH7),0,/tags/LINK%20RING%20WIND%20(IDOLiSH7),f
Chisha (IDOLiSH7),3,/tags/Chisha%20(IDOLiSH7),c
Dolt (IDOLiSH7),0,/tags/Dolt%20(IDOLiSH7),c
Lais (IDOLiSH7),0,/tags/Lais%20(IDOLiSH7),c
Zer (IDOLiSH7),0,/tags/Zer%20(IDOLiSH7),c
Wist (IDOLiSH7),0,/tags/Wist%20(IDOLiSH7),c
Chani (IDOLiSH7),1,/tags/Chani%20(IDOLiSH7),c
Vail (IDOLiSH7),0,/tags/Vail%20(IDOLiSH7),c
Lazi (IDOLiSH7),0,/tags/Lazi%20(IDOLiSH7),c
Club (IDOLiSH7),0,/tags/Club%20(IDOLiSH7),c
Kaido (IDOLiSH7),2,/tags/Kaido%20(IDOLiSH7),c
Ryobu (IDOLiSH7),0,/tags/Ryobu%20(IDOLiSH7),c
Mana (IDOLiSH7),0,/tags/Mana%20(IDOLiSH7),c
Asatsuki (IDOLiSH7),0,/tags/Asatsuki%20(IDOLiSH7),c
Anse (IDOLiSH7),0,/tags/Anse%20(IDOLiSH7),c
Ishi (IDOLiSH7),0,/tags/Ishi%20(IDOLiSH7),c
"The Man Called ""Fujisan"" (IDOLiSH7)",0,/tags/The%20Man%20Called%20%22Fujisan%22%20(IDOLiSH7),c
Bottom Midou Torao,1,/tags/Bottom%20Midou%20Torao,f
Chani/Chisha (IDOLiSH7),1,/tags/Chani*s*Chisha%20(IDOLiSH7),r
Inumaru Touma/Nanase Riku/Ousaka Sougo,4,/tags/Inumaru%20Touma*s*Nanase%20Riku*s*Ousaka%20Sougo,r
Chisha/Kaido (IDOLiSH7),0,/tags/Chisha*s*Kaido%20(IDOLiSH7),r
Isumi Haruka & Yotsuba Tamaki,0,/tags/Isumi%20Haruka%20*a*%20Yotsuba%20Tamaki,r
Izumi Mitsuki & Midou Torao & Nikaidou Yamato & Yaotome Gaku & Yuki,0,/tags/Izumi%20Mitsuki%20*a*%20Midou%20Torao%20*a*%20Nikaidou%20Yamato%20*a*%20Yaotome%20Gaku%20*a*%20Yuki,r
Kujou Ten/Natsume Minami,0,/tags/Kujou%20Ten*s*Natsume%20Minami,r
Isumi Haruka & Tsunashi Ryuunosuke,1,/tags/Isumi%20Haruka%20*a*%20Tsunashi%20Ryuunosuke,r
Inumaru Touma/Tsukumo Ryo,0,/tags/Inumaru%20Touma*s*Tsukumo%20Ryo,r
