tag,count,href,category
Fujiwara no Mokou,318,/tags/Fujiwara%20no%20Mokou,c
Reisen Udongein Inaba,284,/tags/Reisen%20Udongein%20Inaba,c
Izayoi Sakuya,504,/tags/Izayoi%20Sakuya,c
Kamishirasawa Keine,200,/tags/Kamishirasawa%20Keine,c
Yagokoro Eirin,350,/tags/Yagokoro%20Eirin,c
Sariel (Touhou Project),20,/tags/Sariel%20(Touhou%20Project),c
Houraisan Kaguya,305,/tags/Houraisan%20Kaguya,c
Kirisame Marisa,933,/tags/Kirisame%20Marisa,c
Hakurei Reimu,1058,/tags/Hakurei%20Reimu,c
Inaba Tewi,126,/tags/Inaba%20Tewi,c
Cirno (Touhou Project),237,/tags/Cirno%20(Touhou%20Project),c
Wriggle Nightbug,75,/tags/Wriggle%20Nightbug,c
Mystia Lorelei,105,/tags/Mystia%20Lorelei,c
Lunasa Prismriver,27,/tags/Lunasa%20Prismriver,c
Merlin Prismriver,29,/tags/Merlin%20Prismriver,c
Lyrica Prismriver,28,/tags/Lyrica%20Prismriver,c
Letty Whiterock,29,/tags/Letty%20Whiterock,c
Maribel Hearn,196,/tags/Maribel%20Hearn,c
Usami Renko,183,/tags/Usami%20Renko,c
Alice Margatroid,496,/tags/Alice%20Margatroid,c
Patchouli Knowledge,353,/tags/Patchouli%20Knowledge,c
Medicine Melancholy,27,/tags/Medicine%20Melancholy,c
Fujiwara no Mokou/Houraisan Kaguya,70,/tags/Fujiwara%20no%20Mokou*s*Houraisan%20Kaguya,r
Toyosatomimi no Miko,135,/tags/Toyosatomimi%20no%20Miko,c
Mononobe no Futo,92,/tags/Mononobe%20no%20Futo,c
Soga no Tojiko,52,/tags/Soga%20no%20Tojiko,c
Yakumo Ran,181,/tags/Yakumo%20Ran,c
Sunny Milk,49,/tags/Sunny%20Milk,c
Kaenbyou Rin,123,/tags/Kaenbyou%20Rin,c
Miyako Yoshika,57,/tags/Miyako%20Yoshika,c
Kaku Seiga,79,/tags/Kaku%20Seiga,c
Komeiji Koishi,161,/tags/Komeiji%20Koishi,c
Yakumo Yukari,734,/tags/Yakumo%20Yukari,c
Hakurei Reimu/Kirisame Marisa,232,/tags/Hakurei%20Reimu*s*Kirisame%20Marisa,r
Flandre Scarlet,284,/tags/Flandre%20Scarlet,c
Shameimaru Aya,280,/tags/Shameimaru%20Aya,c
Hijiri Byakuren,201,/tags/Hijiri%20Byakuren,c
Daiyousei (Touhou Project),91,/tags/Daiyousei%20(Touhou%20Project),c
Hourai (Touhou Project),21,/tags/Hourai%20(Touhou%20Project),c
Yasaka Kanako,186,/tags/Yasaka%20Kanako,c
Koakuma (Touhou Project),142,/tags/Koakuma%20(Touhou%20Project),c
Onozuka Komachi,100,/tags/Onozuka%20Komachi,c
Shanghai (Touhou Project),29,/tags/Shanghai%20(Touhou%20Project),c
Komeiji Satori,203,/tags/Komeiji%20Satori,c
Kasodani Kyouko,62,/tags/Kasodani%20Kyouko,c
Futatsuiwa Mamizou,95,/tags/Futatsuiwa%20Mamizou,c
Murasa Minamitsu,80,/tags/Murasa%20Minamitsu,c
Houjuu Nue,85,/tags/Houjuu%20Nue,c
Rumia (Touhou Project),107,/tags/Rumia%20(Touhou%20Project),c
Kochiya Sanae,319,/tags/Kochiya%20Sanae,c
Saigyouji Yuyuko/Yakumo Yukari,59,/tags/Saigyouji%20Yuyuko*s*Yakumo%20Yukari,r
Hakurei Reimu/Kijin Seija,2,/tags/Hakurei%20Reimu*s*Kijin%20Seija,r
Ibaraki Kasen,126,/tags/Ibaraki%20Kasen,c
Kirisame Marisa/Kirisame Marisa,2,/tags/Kirisame%20Marisa*s*Kirisame%20Marisa,r
Alice Margatroid & Wakasagihime,1,/tags/Alice%20Margatroid%20*a*%20Wakasagihime,r
Kaku Seiga/Miyako Yoshika,16,/tags/Kaku%20Seiga*s*Miyako%20Yoshika,r
Ibaraki Kasen/Onozuka Komachi,15,/tags/Ibaraki%20Kasen*s*Onozuka%20Komachi,r
Hakurei Reimu/Kochiya Sanae,40,/tags/Hakurei%20Reimu*s*Kochiya%20Sanae,r
Hakurei Reimu & Kirisame Marisa,29,/tags/Hakurei%20Reimu%20*a*%20Kirisame%20Marisa,r
Izayoi Sakuya/Kirisame Marisa,6,/tags/Izayoi%20Sakuya*s*Kirisame%20Marisa,r
Himekaidou Hatate/Shameimaru Aya,27,/tags/Himekaidou%20Hatate*s*Shameimaru%20Aya,r
Patchouli Knowledge & Alice Margatroid,1,/tags/Patchouli%20Knowledge%20*a*%20Alice%20Margatroid,r
Houjuu Nue/Kijin Seija,1,/tags/Houjuu%20Nue*s*Kijin%20Seija,r
Patchouli Knowledge/Remilia Scarlet,21,/tags/Patchouli%20Knowledge*s*Remilia%20Scarlet,r
Komeiji Koishi/Original Character(s),0,/tags/Komeiji%20Koishi*s*Original%20Character(s),r
Chen/Yakumo Ran,2,/tags/Chen*s*Yakumo%20Ran,r
Moriya Suwako/Yasaka Kanako,27,/tags/Moriya%20Suwako*s*Yasaka%20Kanako,r
Soga no Tojiko/Toyosatomimi no Miko,7,/tags/Soga%20no%20Tojiko*s*Toyosatomimi%20no%20Miko,r
Kasodani Kyouko/You,1,/tags/Kasodani%20Kyouko*s*You,r
Ibuki Suika/Sukuna Shinmyoumaru,2,/tags/Ibuki%20Suika*s*Sukuna%20Shinmyoumaru,r
Ibaraki Kasen/Ibuki Suika,7,/tags/Ibaraki%20Kasen*s*Ibuki%20Suika,r
Komeiji Satori & Mizuhashi Parsee,0,/tags/Komeiji%20Satori%20*a*%20Mizuhashi%20Parsee,r
Fujiwara no Mokou/Kamishirasawa Keine,42,/tags/Fujiwara%20no%20Mokou*s*Kamishirasawa%20Keine,r
Kirisame Marisa & Alice Margatroid,18,/tags/Kirisame%20Marisa%20*a*%20Alice%20Margatroid,r
Kirisame Marisa & Patchouli Knowledge,6,/tags/Kirisame%20Marisa%20*a*%20Patchouli%20Knowledge,r
Kaenbyou Rin & Reiuji Utsuho,3,/tags/Kaenbyou%20Rin%20*a*%20Reiuji%20Utsuho,r
Asakura Rikako,16,/tags/Asakura%20Rikako,c
Kaku Seiga/Mononobe no Futo,3,/tags/Kaku%20Seiga*s*Mononobe%20no%20Futo,r
Kazami Yuuka/Mima,6,/tags/Kazami%20Yuuka*s*Mima,r
Kawashiro Nitori & Kirisame Marisa,0,/tags/Kawashiro%20Nitori%20*a*%20Kirisame%20Marisa,r
Patchouli Knowledge & Remilia Scarlet,7,/tags/Patchouli%20Knowledge%20*a*%20Remilia%20Scarlet,r
Kijin Seija/Kirisame Marisa,3,/tags/Kijin%20Seija*s*Kirisame%20Marisa,r
Flandre Scarlet/Remilia Scarlet,1,/tags/Flandre%20Scarlet*s*Remilia%20Scarlet,r
Hong Meiling & Patchouli Knowledge,2,/tags/Hong%20Meiling%20*a*%20Patchouli%20Knowledge,r
Kagiyama Hina,33,/tags/Kagiyama%20Hina,c
Aki Minoriko,29,/tags/Aki%20Minoriko,c
Aki Shizuha,31,/tags/Aki%20Shizuha,c
Patchouli Knowledge/Alice Margatroid,16,/tags/Patchouli%20Knowledge*s*Alice%20Margatroid,r
Kawashiro Nitori/Kirisame Marisa,9,/tags/Kawashiro%20Nitori*s*Kirisame%20Marisa,r
Izayoi Sakuya/Alice Margatroid/Original Character(s),0,/tags/Izayoi%20Sakuya*s*Alice%20Margatroid*s*Original%20Character(s),r
Hong Meiling & Izayoi Sakuya,12,/tags/Hong%20Meiling%20*a*%20Izayoi%20Sakuya,r
Futatsuiwa Mamizou & Houjuu Nue,2,/tags/Futatsuiwa%20Mamizou%20*a*%20Houjuu%20Nue,r
Houraisan Kaguya & Yagokoro Eirin,5,/tags/Houraisan%20Kaguya%20*a*%20Yagokoro%20Eirin,r
Hijiri Byakuren/Toramaru Shou,5,/tags/Hijiri%20Byakuren*s*Toramaru%20Shou,r
Hong Meiling/Patchouli Knowledge,6,/tags/Hong%20Meiling*s*Patchouli%20Knowledge,r
Tenma (Touhou Project),4,/tags/Tenma%20(Touhou%20Project),c
Hong Meiling/Reisen Udongein Inaba,2,/tags/Hong%20Meiling*s*Reisen%20Udongein%20Inaba,r
Hijiri Byakuren/Toyosatomimi no Miko,24,/tags/Hijiri%20Byakuren*s*Toyosatomimi%20no%20Miko,r
Hakurei Reimu & Shameimaru Aya,1,/tags/Hakurei%20Reimu%20*a*%20Shameimaru%20Aya,r
Patchouli Knowledge/Koakuma,15,/tags/Patchouli%20Knowledge*s*Koakuma,r
Kirisame Marisa/Patchouli Knowledge/Koakuma,1,/tags/Kirisame%20Marisa*s*Patchouli%20Knowledge*s*Koakuma,r
Horikawa Raiko/Tatara Kogasa,1,/tags/Horikawa%20Raiko*s*Tatara%20Kogasa,r
Horikawa Raiko,44,/tags/Horikawa%20Raiko,c
Hinanawi Tenshi/Kazami Yuuka,2,/tags/Hinanawi%20Tenshi*s*Kazami%20Yuuka,r
Ibaraki Kasen/Kaku Seiga,0,/tags/Ibaraki%20Kasen*s*Kaku%20Seiga,r
Chen & Hakurei Reimu,1,/tags/Chen%20*a*%20Hakurei%20Reimu,r
Hakurei Reimu & Yakumo Ran,1,/tags/Hakurei%20Reimu%20*a*%20Yakumo%20Ran,r
Mystia Lorelei/Reiuji Utsuho,1,/tags/Mystia%20Lorelei*s*Reiuji%20Utsuho,r
Hakurei God,5,/tags/Hakurei%20God,c
Reisen Udongein Inaba & Yagokoro Eirin,3,/tags/Reisen%20Udongein%20Inaba%20*a*%20Yagokoro%20Eirin,r
Luna Child/Hakurei Reimu,1,/tags/Luna%20Child*s*Hakurei%20Reimu,r
Reisen Udongein Inaba/Konpaku Youmu,21,/tags/Reisen%20Udongein%20Inaba*s*Konpaku%20Youmu,r
Kochiya Sanae/Moriya Suwako,2,/tags/Kochiya%20Sanae*s*Moriya%20Suwako,r
Konpaku Youmu/Mononobe no Futo,2,/tags/Konpaku%20Youmu*s*Mononobe%20no%20Futo,r
Inubashiri Momiji/Shameimaru Aya,9,/tags/Inubashiri%20Momiji*s*Shameimaru%20Aya,r
Usami Sumireko,118,/tags/Usami%20Sumireko,c
Komeiji Koishi & Komeiji Satori,20,/tags/Komeiji%20Koishi%20*a*%20Komeiji%20Satori,r
Reiuji Utsuho/Shameimaru Aya,0,/tags/Reiuji%20Utsuho*s*Shameimaru%20Aya,r
Mononobe no Futo/Toyosatomimi no Miko,8,/tags/Mononobe%20no%20Futo*s*Toyosatomimi%20no%20Miko,r
Konpaku Youki,15,/tags/Konpaku%20Youki,c
Kazami Yuuka/Russia (Hetalia),1,/tags/Kazami%20Yuuka*s*Russia%20(Hetalia),r
Heather (Fire Emblem)/Patchouli Knowledge,0,/tags/Heather%20(Fire%20Emblem)*s*Patchouli%20Knowledge,r
Imaizumi Kagerou/Wakasagihime,29,/tags/Imaizumi%20Kagerou*s*Wakasagihime,r
Kochiya Sanae/Tatara Kogasa,8,/tags/Kochiya%20Sanae*s*Tatara%20Kogasa,r
Doremy Sweet,65,/tags/Doremy%20Sweet,c
Kishin Sagume,49,/tags/Kishin%20Sagume,c
Kishin Sagume/Doremy Sweet,10,/tags/Kishin%20Sagume*s*Doremy%20Sweet,r
Komeiji Koishi/Flandre Scarlet,27,/tags/Komeiji%20Koishi*s*Flandre%20Scarlet,r
Kasodani Kyouko & Mystia Lorelei,4,/tags/Kasodani%20Kyouko%20*a*%20Mystia%20Lorelei,r
Kitashirakawa Chiyuri,17,/tags/Kitashirakawa%20Chiyuri,c
Okazaki Yumemi,26,/tags/Okazaki%20Yumemi,c
Hong Meiling/Kazami Yuuka,2,/tags/Hong%20Meiling*s*Kazami%20Yuuka,r
Hobgoblin (Touhou Project),1,/tags/Hobgoblin%20(Touhou%20Project),c
Cirno/Reiuji Utsuho,1,/tags/Cirno*s*Reiuji%20Utsuho,r
Houraisan Kaguya/Yagokoro Eirin,41,/tags/Houraisan%20Kaguya*s*Yagokoro%20Eirin,r
Hoshiguma Yuugi/Ibuki Suika,5,/tags/Hoshiguma%20Yuugi*s*Ibuki%20Suika,r
Nameless Jinyou/Fortune Teller (Touhou),3,/tags/Nameless%20Jinyou*s*Fortune%20Teller%20(Touhou),c
Wriggle Nightbug/Rumia,0,/tags/Wriggle%20Nightbug*s*Rumia,r
Tsukumo Yatsuhashi,17,/tags/Tsukumo%20Yatsuhashi,c
Sekibanki/Tsukumo Yatsuhashi,1,/tags/Sekibanki*s*Tsukumo%20Yatsuhashi,r
Kagiyama Hina/Mizuhashi Parsee,1,/tags/Kagiyama%20Hina*s*Mizuhashi%20Parsee,r
Junko/Hecatia Lapislazuli,53,/tags/Junko*s*Hecatia%20Lapislazuli,r
Hecatia Lapislazuli,93,/tags/Hecatia%20Lapislazuli,c
Junko (Touhou Project),114,/tags/Junko%20(Touhou%20Project),c
Gengetsu (Touhou Project),15,/tags/Gengetsu%20(Touhou%20Project),c
Mugetsu (Touhou Project),10,/tags/Mugetsu%20(Touhou%20Project),c
Elly (Touhou Project),29,/tags/Elly%20(Touhou%20Project),c
Nazrin/Toramaru Shou,15,/tags/Nazrin*s*Toramaru%20Shou,r
Cirno/Saigyouji Yuyuko,1,/tags/Cirno*s*Saigyouji%20Yuyuko,r
Horikawa Raiko/Mystia Lorelei,1,/tags/Horikawa%20Raiko*s*Mystia%20Lorelei,r
Fujiwara no Mokou/Mystia Lorelei,4,/tags/Fujiwara%20no%20Mokou*s*Mystia%20Lorelei,r
Hakurei Reimu (PC-98),20,/tags/Hakurei%20Reimu%20(PC-98),c
Kumoi Ichirin/Mononobe no Futo,14,/tags/Kumoi%20Ichirin*s*Mononobe%20no%20Futo,r
Watatsuki no Toyohime,72,/tags/Watatsuki%20no%20Toyohime,c
Fujiwara no Mokou & Houraisan Kaguya,14,/tags/Fujiwara%20no%20Mokou%20*a*%20Houraisan%20Kaguya,r
Kirisame Marisa/Remilia Scarlet,0,/tags/Kirisame%20Marisa*s*Remilia%20Scarlet,r
Kishin Sagume/Watatsuki no Yorihime,0,/tags/Kishin%20Sagume*s*Watatsuki%20no%20Yorihime,r
Kasodani Kyouko/Murasa Minamitsu,1,/tags/Kasodani%20Kyouko*s*Murasa%20Minamitsu,r
Hakurei Reimu/Meira,9,/tags/Hakurei%20Reimu*s*Meira,r
Shiki Eiki,83,/tags/Shiki%20Eiki,c
Meira (Touhou Project),36,/tags/Meira%20(Touhou%20Project),c
Kishin Sagume/Yagokoro Eirin,4,/tags/Kishin%20Sagume*s*Yagokoro%20Eirin,r
Fujiwara no Mokou/Mononobe no Futo,1,/tags/Fujiwara%20no%20Mokou*s*Mononobe%20no%20Futo,r
Hakurei Reimu & Ruukoto,1,/tags/Hakurei%20Reimu%20*a*%20Ruukoto,r
Houjuu Nue/Murasa Minamitsu,11,/tags/Houjuu%20Nue*s*Murasa%20Minamitsu,r
Kumoi Ichirin/Unzan,0,/tags/Kumoi%20Ichirin*s*Unzan,r
Horikawa Raiko/Tsukumo Benben,4,/tags/Horikawa%20Raiko*s*Tsukumo%20Benben,r
Tsukumo Benben,15,/tags/Tsukumo%20Benben,c
Hijiri Byakuren/Hinanawi Tenshi,1,/tags/Hijiri%20Byakuren*s*Hinanawi%20Tenshi,r
Kirisame Marisa/Meira,2,/tags/Kirisame%20Marisa*s*Meira,r
Izayoi Sakuya/Alice Margatroid,9,/tags/Izayoi%20Sakuya*s*Alice%20Margatroid,r
Hakurei Reimu/Silver (Pokemon),1,/tags/Hakurei%20Reimu*s*Silver%20(Pokemon),r
Kasodani Kyouko/Tatara Kogasa,1,/tags/Kasodani%20Kyouko*s*Tatara%20Kogasa,r
Kagiyama Hina/Kawashiro Nitori,3,/tags/Kagiyama%20Hina*s*Kawashiro%20Nitori,r
Mystia Lorelei/Wriggle Nightbug,6,/tags/Mystia%20Lorelei*s*Wriggle%20Nightbug,r
Maribel Hearn/Yakumo Yukari,2,/tags/Maribel%20Hearn*s*Yakumo%20Yukari,r
Emerald (Pokemon)/Kawashiro Nitori,0,/tags/Emerald%20(Pokemon)*s*Kawashiro%20Nitori,r
Usami Renko/Yakumo Yukari,9,/tags/Usami%20Renko*s*Yakumo%20Yukari,r
Kirisame Marisa/Patchouli Knowledge/Koakuma/Alice Margatroid,0,/tags/Kirisame%20Marisa*s*Patchouli%20Knowledge*s*Koakuma*s*Alice%20Margatroid,r
Sans (Undertale)/Yakumo Yukari,1,/tags/Sans%20(Undertale)*s*Yakumo%20Yukari,r
Ringo/Seiran (Touhou Project),7,/tags/Ringo*s*Seiran%20(Touhou%20Project),r
Ringo (Touhou Project),25,/tags/Ringo%20(Touhou%20Project),c
Seiran (Touhou Project),28,/tags/Seiran%20(Touhou%20Project),c
Imaizumi Kagerou/Sekibanki,2,/tags/Imaizumi%20Kagerou*s*Sekibanki,r
Sekibanki/Wakasagihime,1,/tags/Sekibanki*s*Wakasagihime,r
Hecatia Lapislazuli & Usami Sumireko,0,/tags/Hecatia%20Lapislazuli%20*a*%20Usami%20Sumireko,r
Kurumi (Touhou Project),13,/tags/Kurumi%20(Touhou%20Project),c
Kazami Yuuka/Mugetsu,0,/tags/Kazami%20Yuuka*s*Mugetsu,r
Gengetsu/Kazami Yuuka,0,/tags/Gengetsu*s*Kazami%20Yuuka,r
Clownpiece (Touhou Project),61,/tags/Clownpiece%20(Touhou%20Project),c
Ruukoto (Touhou Project),18,/tags/Ruukoto%20(Touhou%20Project),c
Unzan (Touhou Project),14,/tags/Unzan%20(Touhou%20Project),c
Chang'e (Touhou Project),9,/tags/Chang'e%20(Touhou%20Project),c
Touhou Secret Santa 2016,2,/tags/Touhou%20Secret%20Santa%202016,f
Touhou PC-98 Era,59,/tags/Touhou%20PC-98%20Era,f
Rika (Touhou Project),18,/tags/Rika%20(Touhou%20Project),c
Kotohime (Touhou Project),25,/tags/Kotohime%20(Touhou%20Project),c
Noroiko (Touhou Project),5,/tags/Noroiko%20(Touhou%20Project),c
Kawashiro Nitori/Shameimaru Aya,3,/tags/Kawashiro%20Nitori*s*Shameimaru%20Aya,r
Beowulf (Super Robot Wars)/Hoshiguma Yuugi,0,/tags/Beowulf%20(Super%20Robot%20Wars)*s*Hoshiguma%20Yuugi,r
Kishin Sagume & Yagokoro Eirin,1,/tags/Kishin%20Sagume%20*a*%20Yagokoro%20Eirin,r
Kana Anaberal,11,/tags/Kana%20Anaberal,c
Konngara (Touhou Project),22,/tags/Konngara%20(Touhou%20Project),c
Koakuma/Remilia Scarlet,1,/tags/Koakuma*s*Remilia%20Scarlet,r
Izayoi Sakuya/Flandre Scarlet,3,/tags/Izayoi%20Sakuya*s*Flandre%20Scarlet,r
Kazami Yuuka/Alice Margatroid,10,/tags/Kazami%20Yuuka*s*Alice%20Margatroid,r
Hong Meiling/Koakuma,1,/tags/Hong%20Meiling*s*Koakuma,r
Kochiya Sanae/Usami Sumireko,0,/tags/Kochiya%20Sanae*s*Usami%20Sumireko,r
Nazrin & Toramaru Shou,4,/tags/Nazrin%20*a*%20Toramaru%20Shou,r
Kamishirasawa Keine/Yagokoro Eirin,12,/tags/Kamishirasawa%20Keine*s*Yagokoro%20Eirin,r
Yakumo Yukari & Original Character(s),0,/tags/Yakumo%20Yukari%20*a*%20Original%20Character(s),r
Maribel Hearn & Usami Renko,24,/tags/Maribel%20Hearn%20*a*%20Usami%20Renko,r
Hieda no Akyuu & Kamishirasawa Keine,1,/tags/Hieda%20no%20Akyuu%20*a*%20Kamishirasawa%20Keine,r
Flandre Scarlet & Remilia Scarlet,11,/tags/Flandre%20Scarlet%20*a*%20Remilia%20Scarlet,r
Takechi Otoya/Yakumo Yukari,0,/tags/Takechi%20Otoya*s*Yakumo%20Yukari,r
Houraisan Kaguya/Reisen Udongein Inaba,20,/tags/Houraisan%20Kaguya*s*Reisen%20Udongein%20Inaba,r
Houraisan Kaguya/Remilia Scarlet,2,/tags/Houraisan%20Kaguya*s*Remilia%20Scarlet,r
Yakumo Ran & Yakumo Yukari,4,/tags/Yakumo%20Ran%20*a*%20Yakumo%20Yukari,r
Maribel Hearn & Yakumo Ran,0,/tags/Maribel%20Hearn%20*a*%20Yakumo%20Ran,r
Houraisan Kaguya/Reisen Udongein Inaba/Yagokoro Eirin,0,/tags/Houraisan%20Kaguya*s*Reisen%20Udongein%20Inaba*s*Yagokoro%20Eirin,r
Chen & Yakumo Ran,2,/tags/Chen%20*a*%20Yakumo%20Ran,r
Hakurei Reimu/Komano Aunn,4,/tags/Hakurei%20Reimu*s*Komano%20Aunn,r
Komano Aunn,62,/tags/Komano%20Aunn,c
Ivlis (Gray Garden)/Saigyouji Yuyuko,0,/tags/Ivlis%20(Gray%20Garden)*s*Saigyouji%20Yuyuko,r
Hakurei Reimu/Original Character(s),8,/tags/Hakurei%20Reimu*s*Original%20Character(s),r
Hinanawi Tenshi/Houraisan Kaguya,1,/tags/Hinanawi%20Tenshi*s*Houraisan%20Kaguya,r
Hata no Kokoro/Flandre Scarlet,7,/tags/Hata%20no%20Kokoro*s*Flandre%20Scarlet,r
Houraisan Kaguya/Yakumo Yukari,4,/tags/Houraisan%20Kaguya*s*Yakumo%20Yukari,r
Hinanawi Tenshi/Nagae Iku,4,/tags/Hinanawi%20Tenshi*s*Nagae%20Iku,r
Hieda no Akyuu & Motoori Kosuzu,6,/tags/Hieda%20no%20Akyuu%20*a*%20Motoori%20Kosuzu,r
Komeiji Satori/Original Character(s),6,/tags/Komeiji%20Satori*s*Original%20Character(s),r
Saigyouji Yuyuko/Yasaka Kanako,5,/tags/Saigyouji%20Yuyuko*s*Yasaka%20Kanako,r
Yagokoro Eirin/Yakumo Yukari,79,/tags/Yagokoro%20Eirin*s*Yakumo%20Yukari,r
Kawashiro Nitori/Kochiya Sanae,1,/tags/Kawashiro%20Nitori*s*Kochiya%20Sanae,r
Houraisan Kaguya/Yagokoro Eirin/Yakumo Yukari,0,/tags/Houraisan%20Kaguya*s*Yagokoro%20Eirin*s*Yakumo%20Yukari,r
Matara Okina/Shameimaru Aya,2,/tags/Matara%20Okina*s*Shameimaru%20Aya,r
Matara Okina,88,/tags/Matara%20Okina,c
Hijiri Byakuren/Remilia Scarlet,1,/tags/Hijiri%20Byakuren*s*Remilia%20Scarlet,r
Kazami Yuuka & Medicine Melancholy,2,/tags/Kazami%20Yuuka%20*a*%20Medicine%20Melancholy,r
Sakata Nemuno,14,/tags/Sakata%20Nemuno,c
Eternity Larva,12,/tags/Eternity%20Larva,c
Teireida Mai,19,/tags/Teireida%20Mai,c
Nishida Satono,19,/tags/Nishida%20Satono,c
Nishida Satono & Teireida Mai,0,/tags/Nishida%20Satono%20*a*%20Teireida%20Mai,r
Matara Okina/Nishida Satono/Teireida Mai,0,/tags/Matara%20Okina*s*Nishida%20Satono*s*Teireida%20Mai,r
Inaba Tewi/Yagokoro Eirin,1,/tags/Inaba%20Tewi*s*Yagokoro%20Eirin,r
Kirisame Marisa/Kochiya Sanae,6,/tags/Kirisame%20Marisa*s*Kochiya%20Sanae,r
Houraisan Kaguya/Kamishirasawa Keine,16,/tags/Houraisan%20Kaguya*s*Kamishirasawa%20Keine,r
Hinanawi Tenshi/Kirisame Marisa,0,/tags/Hinanawi%20Tenshi*s*Kirisame%20Marisa,r
Patchouli Knowledge/Leon | Leo (Fire Emblem: Fates),0,/tags/Patchouli%20Knowledge*s*Leon%20%7C%20Leo%20(Fire%20Emblem:%20Fates),r
Kochiya Sanae/Leon | Leo (Fire Emblem: Fates),0,/tags/Kochiya%20Sanae*s*Leon%20%7C%20Leo%20(Fire%20Emblem:%20Fates),r
Hijiri Byakuren/Yasaka Kanako,15,/tags/Hijiri%20Byakuren*s*Yasaka%20Kanako,r
Izayoi Sakuya/Tojo Kirumi,0,/tags/Izayoi%20Sakuya*s*Tojo%20Kirumi,r
Alice Margatroid/Yagokoro Eirin,2,/tags/Alice%20Margatroid*s*Yagokoro%20Eirin,r
Houraisan Kaguya/Alice Margatroid,5,/tags/Houraisan%20Kaguya*s*Alice%20Margatroid,r
Hata No Kokoro/Komeiji Koishi,11,/tags/Hata%20No%20Kokoro*s*Komeiji%20Koishi,r
Hong Meiling/Flandre Scarlet,4,/tags/Hong%20Meiling*s*Flandre%20Scarlet,r
Shinki/Yumeko (Touhou Project),2,/tags/Shinki*s*Yumeko%20(Touhou%20Project),r
Kirisame Marisa/Patchouli Knowledge/Original Character(s),1,/tags/Kirisame%20Marisa*s*Patchouli%20Knowledge*s*Original%20Character(s),r
Fairy Maids (Touhou Project),9,/tags/Fairy%20Maids%20(Touhou%20Project),c
Flandre Scarlet/Yakumo Yukari,1,/tags/Flandre%20Scarlet*s*Yakumo%20Yukari,r
Flandre Scarlet/Yagokoro Eirin,0,/tags/Flandre%20Scarlet*s*Yagokoro%20Eirin,r
Hata no Kokoro/Komeiji Satori,2,/tags/Hata%20no%20Kokoro*s*Komeiji%20Satori,r
Layla Prismriver,6,/tags/Layla%20Prismriver,c
Hijiri Byakuren/Yagokoro Eirin,3,/tags/Hijiri%20Byakuren*s*Yagokoro%20Eirin,r
Saigyouji Yuyuko/Yumeko,4,/tags/Saigyouji%20Yuyuko*s*Yumeko,r
Yatadera Narumi,23,/tags/Yatadera%20Narumi,c
Ringo & Seiran (Touhou Project),4,/tags/Ringo%20*a*%20Seiran%20(Touhou%20Project),r
Hinanawi Tenshi/Yakumo Yukari,3,/tags/Hinanawi%20Tenshi*s*Yakumo%20Yukari,r
Kamishirasawa Keine/Yakumo Yukari,3,/tags/Kamishirasawa%20Keine*s*Yakumo%20Yukari,r
Watatsuki no Yorihime/Yakumo Yukari,2,/tags/Watatsuki%20no%20Yorihime*s*Yakumo%20Yukari,r
Reisen Udongein Inaba/Watatsuki no Yorihime,4,/tags/Reisen%20Udongein%20Inaba*s*Watatsuki%20no%20Yorihime,r
Reisen Udongein Inaba/Yagokoro Eirin,8,/tags/Reisen%20Udongein%20Inaba*s*Yagokoro%20Eirin,r
Hinanawi Tenshi & Sukuna Shinmyoumaru,3,/tags/Hinanawi%20Tenshi%20*a*%20Sukuna%20Shinmyoumaru,r
Kijin Seija & Sukuna Shinmyoumaru,7,/tags/Kijin%20Seija%20*a*%20Sukuna%20Shinmyoumaru,r
Hijiri Byakuren/Yakumo Yukari,4,/tags/Hijiri%20Byakuren*s*Yakumo%20Yukari,r
Mononobe no Futo/Soga no Tojiko,9,/tags/Mononobe%20no%20Futo*s*Soga%20no%20Tojiko,r
Komeiji Satori/Remilia Scarlet,9,/tags/Komeiji%20Satori*s*Remilia%20Scarlet,r
Hijiri Byakuren/Kaku Seiga,2,/tags/Hijiri%20Byakuren*s*Kaku%20Seiga,r
Kochiya Sanae/Rika,1,/tags/Kochiya%20Sanae*s*Rika,r
Alice Margatroid/Remilia Scarlet,2,/tags/Alice%20Margatroid*s*Remilia%20Scarlet,r
Hinanawi Tenshi/Watatsuki no Toyohime,7,/tags/Hinanawi%20Tenshi*s*Watatsuki%20no%20Toyohime,r
Hakurei Reimu/Watatsuki no Yorihime,13,/tags/Hakurei%20Reimu*s*Watatsuki%20no%20Yorihime,r
Blind Specter/Konpaku Youmu,0,/tags/Blind%20Specter*s*Konpaku%20Youmu,r
Cagney Carnation/Kazami Yuuka,0,/tags/Cagney%20Carnation*s*Kazami%20Yuuka,r
Konpaku Youki & Konpaku Youmu,2,/tags/Konpaku%20Youki%20*a*%20Konpaku%20Youmu,r
Kaenbyou Rin & Konpaku Youmu,1,/tags/Kaenbyou%20Rin%20*a*%20Konpaku%20Youmu,r
Gensokyo Festival,21,/tags/Gensokyo%20Festival,f
Kotohime/Meira,4,/tags/Kotohime*s*Meira,r
Kamishirasawa Keine/Watatsuki no Toyohime,2,/tags/Kamishirasawa%20Keine*s*Watatsuki%20no%20Toyohime,r
Hong Meiling & Kazami Yuuka,1,/tags/Hong%20Meiling%20*a*%20Kazami%20Yuuka,r
Himekaidou Hatate & Shameimaru Aya,2,/tags/Himekaidou%20Hatate%20*a*%20Shameimaru%20Aya,r
Sekibanki & Tatara Kogasa,2,/tags/Sekibanki%20*a*%20Tatara%20Kogasa,r
Saigyouji Yuyuko & Soga no Tojiko,1,/tags/Saigyouji%20Yuyuko%20*a*%20Soga%20no%20Tojiko,r
Hoshiguma Yuugi & Komeiji Satori,1,/tags/Hoshiguma%20Yuugi%20*a*%20Komeiji%20Satori,r
Alice Margatroid & Yatadera Narumi,2,/tags/Alice%20Margatroid%20*a*%20Yatadera%20Narumi,r
Kawashiro Nitori/Rika,1,/tags/Kawashiro%20Nitori*s*Rika,r
Egypt (Hetalia) & Yakumo Yukari,0,/tags/Egypt%20(Hetalia)%20*a*%20Yakumo%20Yukari,r
Shameimaru Aya/Original Character(s),2,/tags/Shameimaru%20Aya*s*Original%20Character(s),r
Alice Margatroid/Yatadera Narumi,1,/tags/Alice%20Margatroid*s*Yatadera%20Narumi,r
Remilia Scarlet/Watatsuki no Yorihime,1,/tags/Remilia%20Scarlet*s*Watatsuki%20no%20Yorihime,r
Fujiwara no Mokou & Kamishirasawa Keine,3,/tags/Fujiwara%20no%20Mokou%20*a*%20Kamishirasawa%20Keine,r
Inubashiri Momiji/Other(s),0,/tags/Inubashiri%20Momiji*s*Other(s),r
Motoori Kosuzu/Other(s),2,/tags/Motoori%20Kosuzu*s*Other(s),r
France (Hetalia)/Remilia Scarlet,1,/tags/France%20(Hetalia)*s*Remilia%20Scarlet,r
Matara Okina/Saigyouji Yuyuko,6,/tags/Matara%20Okina*s*Saigyouji%20Yuyuko,r
Hijiri Byakuren/Shinki,5,/tags/Hijiri%20Byakuren*s*Shinki,r
Kurumi/Okazaki Yumemi,0,/tags/Kurumi*s*Okazaki%20Yumemi,r
Alice Margatroid (PC-98),11,/tags/Alice%20Margatroid%20(PC-98),c
Satsuki Rin,23,/tags/Satsuki%20Rin,c
Miyako Yoshika/Tatara Kogasa,5,/tags/Miyako%20Yoshika*s*Tatara%20Kogasa,r
Kaku Seiga & Toyosatomimi no Miko,1,/tags/Kaku%20Seiga%20*a*%20Toyosatomimi%20no%20Miko,r
Yorigami Shion,41,/tags/Yorigami%20Shion,c
Reiuji Utsuho/Yasaka Kanako,0,/tags/Reiuji%20Utsuho*s*Yasaka%20Kanako,r
Hinanawi Tenshi/Yorigami Shion,18,/tags/Hinanawi%20Tenshi*s*Yorigami%20Shion,r
Ibaraki Kasen/Kaenbyou Rin,0,/tags/Ibaraki%20Kasen*s*Kaenbyou%20Rin,r
Luna Child/Wriggle Nightbug,1,/tags/Luna%20Child*s*Wriggle%20Nightbug,r
Okazaki Yumemi/Yagokoro Eirin,0,/tags/Okazaki%20Yumemi*s*Yagokoro%20Eirin,r
Miyako Yoshika & Soga no Tojiko,0,/tags/Miyako%20Yoshika%20*a*%20Soga%20no%20Tojiko,r
Yorigami Jo'on,34,/tags/Yorigami%20Jo'on,c
Futatsuiwa Mamizou/Yakumo Ran,2,/tags/Futatsuiwa%20Mamizou*s*Yakumo%20Ran,r
Kirisame Marisa/Reader,5,/tags/Kirisame%20Marisa*s*Reader,r
Reisen Udongein Inaba/Alice Margatroid,1,/tags/Reisen%20Udongein%20Inaba*s*Alice%20Margatroid,r
Hakurei Reimu/Konpaku Youmu,5,/tags/Hakurei%20Reimu*s*Konpaku%20Youmu,r
Hakurei Reimu/Ruukoto,2,/tags/Hakurei%20Reimu*s*Ruukoto,r
Murasa Minamitsu/Toyosatomimi no Miko,1,/tags/Murasa%20Minamitsu*s*Toyosatomimi%20no%20Miko,r
Yakumo Yukari/Reader,7,/tags/Yakumo%20Yukari*s*Reader,r
Reisen Udongein Inaba/Kochiya Sanae,2,/tags/Reisen%20Udongein%20Inaba*s*Kochiya%20Sanae,r
Kazami Yuuka/Wriggle Nightbug,11,/tags/Kazami%20Yuuka*s*Wriggle%20Nightbug,r
Saigyouji Yuyuko/Yagokoro Eirin,6,/tags/Saigyouji%20Yuyuko*s*Yagokoro%20Eirin,r
Onozuka Komachi/Shiki Eiki,9,/tags/Onozuka%20Komachi*s*Shiki%20Eiki,r
Shiki Eiki/Yakumo Yukari,0,/tags/Shiki%20Eiki*s*Yakumo%20Yukari,r
Saigyouji Yuyuko/Shiki Eiki,0,/tags/Saigyouji%20Yuyuko*s*Shiki%20Eiki,r
Mai & Yuki (Touhou Project),0,/tags/Mai%20*a*%20Yuki%20(Touhou%20Project),r
Alice Margatroid & Yuki,0,/tags/Alice%20Margatroid%20*a*%20Yuki,r
Yakumo Yukari/Watatsuki no Toyohime,3,/tags/Yakumo%20Yukari*s*Watatsuki%20no%20Toyohime,r
Himekaidou Hatate/Kochiya Sanae,0,/tags/Himekaidou%20Hatate*s*Kochiya%20Sanae,r
Hijiri Byakuren/Saigyouji Yuyuko,3,/tags/Hijiri%20Byakuren*s*Saigyouji%20Yuyuko,r
Tatara Kogasa & Original Character(s),0,/tags/Tatara%20Kogasa%20*a*%20Original%20Character(s),r
Yakumo Yukari/Yasaka Kanako,0,/tags/Yakumo%20Yukari*s*Yasaka%20Kanako,r
Yagokoro Eirin/Yasaka Kanako,1,/tags/Yagokoro%20Eirin*s*Yasaka%20Kanako,r
Cirno/Rumia (Touhou Project),0,/tags/Cirno*s*Rumia%20(Touhou%20Project),r
Mitsuru | Wally/Tatara Kogasa,1,/tags/Mitsuru%20%7C%20Wally*s*Tatara%20Kogasa,r
Hakurei Reimu/Yakumo Ran,4,/tags/Hakurei%20Reimu*s*Yakumo%20Ran,r
Flandre Scarlet/Rumia,0,/tags/Flandre%20Scarlet*s*Rumia,r
Kaku Seiga/Onozuka Komachi,1,/tags/Kaku%20Seiga*s*Onozuka%20Komachi,r
Asakura Rikako/Kitashirakawa Chiyuri,0,/tags/Asakura%20Rikako*s*Kitashirakawa%20Chiyuri,r
Hinanawi Tenshi & Nagae Iku,2,/tags/Hinanawi%20Tenshi%20*a*%20Nagae%20Iku,r
Reisen Udongein Inaba & Mononobe no Futo,0,/tags/Reisen%20Udongein%20Inaba%20*a*%20Mononobe%20no%20Futo,r
Kirisame Marisa/Original Character(s),8,/tags/Kirisame%20Marisa*s*Original%20Character(s),r
Reisen Udongein Inaba/Junko,9,/tags/Reisen%20Udongein%20Inaba*s*Junko,r
Lily White (Touhou Project),16,/tags/Lily%20White%20(Touhou%20Project),c
Matara Okina/Yakumo Yukari,10,/tags/Matara%20Okina*s*Yakumo%20Yukari,r
Kotohime/Watatsuki no Yorihime,0,/tags/Kotohime*s*Watatsuki%20no%20Yorihime,r
Fujiwara no Mokou & Kazami Yuuka,2,/tags/Fujiwara%20no%20Mokou%20*a*%20Kazami%20Yuuka,r
Wakasagihime (Touhou Project),47,/tags/Wakasagihime%20(Touhou%20Project),c
Wakasagihime (Touhou Project)/Original Character(s),1,/tags/Wakasagihime%20(Touhou%20Project)*s*Original%20Character(s),r
Reisen Udongein Inaba & Konpaku Youmu,2,/tags/Reisen%20Udongein%20Inaba%20*a*%20Konpaku%20Youmu,r
Cirno/Daiyousei/Inaba Tewi,0,/tags/Cirno*s*Daiyousei*s*Inaba%20Tewi,r
Reisen Udongein Inaba & Inaba Tewi,5,/tags/Reisen%20Udongein%20Inaba%20*a*%20Inaba%20Tewi,r
Danmaku (Touhou),31,/tags/Danmaku%20(Touhou),f
Touhou Koumakyou: the Embodiment of Scarlet Devil,9,/tags/Touhou%20Koumakyou:%20the%20Embodiment%20of%20Scarlet%20Devil,f
Touhou Kishinjou: Double Dealing Character,2,/tags/Touhou%20Kishinjou:%20Double%20Dealing%20Character,f
Kaku Seiga & Miyako Yoshika,1,/tags/Kaku%20Seiga%20*a*%20Miyako%20Yoshika,r
Asakura Rikako/Rika,0,/tags/Asakura%20Rikako*s*Rika,r
Horikawa Raiko/Other(s),0,/tags/Horikawa%20Raiko*s*Other(s),r
Sekibanki/Tatara Kogasa,23,/tags/Sekibanki*s*Tatara%20Kogasa,r
Kochiya Sanae/Yakumo Yukari,3,/tags/Kochiya%20Sanae*s*Yakumo%20Yukari,r
Houjuu Nue & Tatara Kogasa,1,/tags/Houjuu%20Nue%20*a*%20Tatara%20Kogasa,r
Kochiya Sanae/Yasaka Kanako,3,/tags/Kochiya%20Sanae*s*Yasaka%20Kanako,r
Komeiji Koishi/Mizuhashi Parsee,4,/tags/Komeiji%20Koishi*s*Mizuhashi%20Parsee,r
Mima/Shinki (Touhou Project),4,/tags/Mima*s*Shinki%20(Touhou%20Project),r
Genjii (Touhou Project),21,/tags/Genjii%20(Touhou%20Project),c
Horikawa Raiko/Tsukumo Yatsuhashi,3,/tags/Horikawa%20Raiko*s*Tsukumo%20Yatsuhashi,r
Matara Okina/Yagokoro Eirin,1,/tags/Matara%20Okina*s*Yagokoro%20Eirin,r
Mima/Saigyouji Yuyuko,1,/tags/Mima*s*Saigyouji%20Yuyuko,r
Fujiwara no Mokou/Kirisame Marisa,1,/tags/Fujiwara%20no%20Mokou*s*Kirisame%20Marisa,r
Hecatia Lapislazuli/Yasaka Kanako,0,/tags/Hecatia%20Lapislazuli*s*Yasaka%20Kanako,r
Futatsuiwa Mamizou/Ibaraki Kasen,0,/tags/Futatsuiwa%20Mamizou*s*Ibaraki%20Kasen,r
Kaku Seiga/Toyosatomimi no Miko,7,/tags/Kaku%20Seiga*s*Toyosatomimi%20no%20Miko,r
Houraisan Kaguya/Saigyouji Yuyuko,2,/tags/Houraisan%20Kaguya*s*Saigyouji%20Yuyuko,r
Hakurei Reimu/Yasaka Kanako,4,/tags/Hakurei%20Reimu*s*Yasaka%20Kanako,r
Hijiri Byakuren/Alice Margatroid,1,/tags/Hijiri%20Byakuren*s*Alice%20Margatroid,r
Reisen Udongein Inaba/Izayoi Sakuya,2,/tags/Reisen%20Udongein%20Inaba*s*Izayoi%20Sakuya,r
Tsukumo Benben & Tsukumo Yatsuhashi,1,/tags/Tsukumo%20Benben%20*a*%20Tsukumo%20Yatsuhashi,r
Garfield (Garfield)/Moriya Suwako,0,/tags/Garfield%20(Garfield)*s*Moriya%20Suwako,r
Horikawa Raiko/Original Character(s),0,/tags/Horikawa%20Raiko*s*Original%20Character(s),r
Fujiwara no Mokou & Horikawa Raiko,0,/tags/Fujiwara%20no%20Mokou%20*a*%20Horikawa%20Raiko,r
Kazami Yuuka/Letty Whiterock,1,/tags/Kazami%20Yuuka*s*Letty%20Whiterock,r
Inubashiri Momiji/Original Character(s),1,/tags/Inubashiri%20Momiji*s*Original%20Character(s),r
Ibaraki Kasen/Matara Okina,1,/tags/Ibaraki%20Kasen*s*Matara%20Okina,r
Hakurei Reimu/Yorigami Jo'on,1,/tags/Hakurei%20Reimu*s*Yorigami%20Jo'on,r
Sara (Touhou Project),11,/tags/Sara%20(Touhou%20Project),c
Louise/Sara (Touhou Project),1,/tags/Louise*s*Sara%20(Touhou%20Project),r
Hoshiguma Yuugi/Komeiji Satori,0,/tags/Hoshiguma%20Yuugi*s*Komeiji%20Satori,r
Luka (Monster Girl Quest)/Yagokoro Eirin,0,/tags/Luka%20(Monster%20Girl%20Quest)*s*Yagokoro%20Eirin,r
Kochiya Sanae/Shameimaru Aya,16,/tags/Kochiya%20Sanae*s*Shameimaru%20Aya,r
Cirno/Daiyousei (Touhou Project),11,/tags/Cirno*s*Daiyousei%20(Touhou%20Project),r
Mystia Lorelei/Rumia,0,/tags/Mystia%20Lorelei*s*Rumia,r
Touhou Secret Santa 2018,1,/tags/Touhou%20Secret%20Santa%202018,f
Junko/Watatsuki no Yorihime,0,/tags/Junko*s*Watatsuki%20no%20Yorihime,r
Kisume/Yasaka Kanako,0,/tags/Kisume*s*Yasaka%20Kanako,r
Touhou Gensoukyou: Lotus Land Story,0,/tags/Touhou%20Gensoukyou:%20Lotus%20Land%20Story,f
Inaba Tewi/Original Character(s),0,/tags/Inaba%20Tewi*s*Original%20Character(s),r
Junko & Hecatia Lapislazuli,3,/tags/Junko%20*a*%20Hecatia%20Lapislazuli,r
Hinanawi Tenshi & Kazami Yuuka,1,/tags/Hinanawi%20Tenshi%20*a*%20Kazami%20Yuuka,r
Hieda no Akyuu/Shiki Eiki,0,/tags/Hieda%20no%20Akyuu*s*Shiki%20Eiki,r
Kirisame Marisa & Konpaku Youmu,0,/tags/Kirisame%20Marisa%20*a*%20Konpaku%20Youmu,r
Houraisan Kaguya/Inaba Tewi,0,/tags/Houraisan%20Kaguya*s*Inaba%20Tewi,r
Goliath Doll (Touhou Project),2,/tags/Goliath%20Doll%20(Touhou%20Project),c
Touhou Reiiden: Highly Responsive to Prayers,1,/tags/Touhou%20Reiiden:%20Highly%20Responsive%20to%20Prayers,f
Mystia Lorelei/Tatara Kogasa,0,/tags/Mystia%20Lorelei*s*Tatara%20Kogasa,r
Inaba Tewi/Kijin Seija,0,/tags/Inaba%20Tewi*s*Kijin%20Seija,r
Patchouli Knowledge & Konpaku Youmu,0,/tags/Patchouli%20Knowledge%20*a*%20Konpaku%20Youmu,r
SinGyoku (Touhou Project),8,/tags/SinGyoku%20(Touhou%20Project),c
Touhou Kaikidan: Mystic Square,3,/tags/Touhou%20Kaikidan:%20Mystic%20Square,f
Touhou Fuumaroku: the Story of Eastern Wonderland,1,/tags/Touhou%20Fuumaroku:%20the%20Story%20of%20Eastern%20Wonderland,f
Touhou Yumejikuu: Phantasmagoria of Dim.Dream,1,/tags/Touhou%20Yumejikuu:%20Phantasmagoria%20of%20Dim*d*Dream,f
Hakurei Reimu/Barack Obama,1,/tags/Hakurei%20Reimu*s*Barack%20Obama,r
Touhou Kourindou: Curiosities of Lotus Asia,0,/tags/Touhou%20Kourindou:%20Curiosities%20of%20Lotus%20Asia,f
Hijiri Myouren,11,/tags/Hijiri%20Myouren,c
Touhou Chireiden: Subterranean Animism,3,/tags/Touhou%20Chireiden:%20Subterranean%20Animism,f
Cirno & Flandre Scarlet,1,/tags/Cirno%20*a*%20Flandre%20Scarlet,r
Touhou Youyoumu: Perfect Cherry Blossom,7,/tags/Touhou%20Youyoumu:%20Perfect%20Cherry%20Blossom,f
Flandre Scarlet/Reader,2,/tags/Flandre%20Scarlet*s*Reader,r
Kamishirasawa Keine/Original Character(s),1,/tags/Kamishirasawa%20Keine*s*Original%20Character(s),r
Imaizumi Kagerou/Original Character(s),1,/tags/Imaizumi%20Kagerou*s*Original%20Character(s),r
YuugenMagan (Touhou Project),9,/tags/YuugenMagan%20(Touhou%20Project),c
Elis (Touhou Project),13,/tags/Elis%20(Touhou%20Project),c
Kikuri (Touhou Project),11,/tags/Kikuri%20(Touhou%20Project),c
Konpaku Youmu/Reader,6,/tags/Konpaku%20Youmu*s*Reader,r
Dio Brando/Saigyouji Yuyuko,0,/tags/Dio%20Brando*s*Saigyouji%20Yuyuko,r
Touhou Suimusou: Immaterial and Missing Power,2,/tags/Touhou%20Suimusou:%20Immaterial%20and%20Missing%20Power,f
Touhou Eiyashou: Imperishable Night,6,/tags/Touhou%20Eiyashou:%20Imperishable%20Night,f
Patchouli Knowledge/Reader,5,/tags/Patchouli%20Knowledge*s*Reader,r
Kana Anaberal/Elly,0,/tags/Kana%20Anaberal*s*Elly,r
Hakurei Reimu & Mima,4,/tags/Hakurei%20Reimu%20*a*%20Mima,r
Hakurei Reimu/Toyosatomimi no Miko,2,/tags/Hakurei%20Reimu*s*Toyosatomimi%20no%20Miko,r
Komeiji Satori/Reiuji Utsuho,1,/tags/Komeiji%20Satori*s*Reiuji%20Utsuho,r
Touhou Kaeidzuka: Phantasmagoria of Flower View,2,/tags/Touhou%20Kaeidzuka:%20Phantasmagoria%20of%20Flower%20View,f
Mononobe no Futo & Toyosatomimi no Miko,4,/tags/Mononobe%20no%20Futo%20*a*%20Toyosatomimi%20no%20Miko,r
Kochiya Sanae/Reiuji Utsuho,0,/tags/Kochiya%20Sanae*s*Reiuji%20Utsuho,r
Cirno & Hinanawi Tenshi,0,/tags/Cirno%20*a*%20Hinanawi%20Tenshi,r
Steve Clark (Def Leppard) & Remilia Scarlet,0,/tags/Steve%20Clark%20(Def%20Leppard)%20*a*%20Remilia%20Scarlet,r
Kaku Seiga/Yorigami Jo'on,2,/tags/Kaku%20Seiga*s*Yorigami%20Jo'on,r
Izayoi Sakuya & Remilia Scarlet,12,/tags/Izayoi%20Sakuya%20*a*%20Remilia%20Scarlet,r
Elly/Gengetsu (Touhou Project),1,/tags/Elly*s*Gengetsu%20(Touhou%20Project),r
Hong Meiling & Remilia Scarlet,0,/tags/Hong%20Meiling%20*a*%20Remilia%20Scarlet,r
Matara Okina/Watatsuki no Yorihime,0,/tags/Matara%20Okina*s*Watatsuki%20no%20Yorihime,r
Junko/Watatsuki no Toyohime,0,/tags/Junko*s*Watatsuki%20no%20Toyohime,r
Touhou Kikeijuu: Wily Beast and Weakest Creature,4,/tags/Touhou%20Kikeijuu:%20Wily%20Beast%20and%20Weakest%20Creature,f
Kirisame Marisa/Reiuji Utsuho,3,/tags/Kirisame%20Marisa*s*Reiuji%20Utsuho,r
Morichika Rinnosuke/Original Character(s),2,/tags/Morichika%20Rinnosuke*s*Original%20Character(s),r
Alice Margatroid/Yakumo Yukari,3,/tags/Alice%20Margatroid*s*Yakumo%20Yukari,r
Hakurei Reimu & Morichika Rinnosuke,0,/tags/Hakurei%20Reimu%20*a*%20Morichika%20Rinnosuke,r
Haniyasushin Keiki,23,/tags/Haniyasushin%20Keiki,c
Ushizaki Urumi,9,/tags/Ushizaki%20Urumi,c
Ebisu Eika,7,/tags/Ebisu%20Eika,c
Maribel Hearn/Usami Sumireko,1,/tags/Maribel%20Hearn*s*Usami%20Sumireko,r
Ebisu Eika/Ushizaki Urumi,0,/tags/Ebisu%20Eika*s*Ushizaki%20Urumi,r
Joutouguu Mayumi,16,/tags/Joutouguu%20Mayumi,c
Patchouli Knowledge/Flandre Scarlet/Remilia Scarlet,1,/tags/Patchouli%20Knowledge*s*Flandre%20Scarlet*s*Remilia%20Scarlet,r
Himekaidou Hatate/Reader,1,/tags/Himekaidou%20Hatate*s*Reader,r
Kicchou Yachie,31,/tags/Kicchou%20Yachie,c
Soga no Tojiko & Toyosatomimi no Miko,1,/tags/Soga%20no%20Tojiko%20*a*%20Toyosatomimi%20no%20Miko,r
Kaku Seiga/Soga no Tojiko,0,/tags/Kaku%20Seiga*s*Soga%20no%20Tojiko,r
Izayoi Sakuya/Doremy Sweet,0,/tags/Izayoi%20Sakuya*s*Doremy%20Sweet,r
Maribel Hearn/Yagokoro Eirin,0,/tags/Maribel%20Hearn*s*Yagokoro%20Eirin,r
Kawashiro Nitori/Konpaku Youmu,0,/tags/Kawashiro%20Nitori*s*Konpaku%20Youmu,r
Mononobe no Futo & Soga no Tojiko,0,/tags/Mononobe%20no%20Futo%20*a*%20Soga%20no%20Tojiko,r
Usami Sumireko/Undisclosed,0,/tags/Usami%20Sumireko*s*Undisclosed,r
Fujiwara no Mokou/Reisen Udongein Inaba,6,/tags/Fujiwara%20no%20Mokou*s*Reisen%20Udongein%20Inaba,r
Kochiya Sanae/Alice Margatroid,6,/tags/Kochiya%20Sanae*s*Alice%20Margatroid,r
Hakurei Reimu/Kirisame Marisa/Konpaku Youmu,1,/tags/Hakurei%20Reimu*s*Kirisame%20Marisa*s*Konpaku%20Youmu,r
Kirisame Marisa/Konpaku Youmu,2,/tags/Kirisame%20Marisa*s*Konpaku%20Youmu,r
Cirno & Hata no Kokoro,1,/tags/Cirno%20*a*%20Hata%20no%20Kokoro,r
Hieda no Akyuu & Shiki Eiki,1,/tags/Hieda%20no%20Akyuu%20*a*%20Shiki%20Eiki,r
Hakurei Reimu & Kicchou Yachie,0,/tags/Hakurei%20Reimu%20*a*%20Kicchou%20Yachie,r
Maribel Hearn/Original Character(s),0,/tags/Maribel%20Hearn*s*Original%20Character(s),r
Kazami Yuuka/Morichika Rinnosuke,0,/tags/Kazami%20Yuuka*s*Morichika%20Rinnosuke,r
Hakurei Reimu/Matsuno Osomatsu,0,/tags/Hakurei%20Reimu*s*Matsuno%20Osomatsu,r
Kawashiro Nitori/Matsuno Todomatsu,0,/tags/Kawashiro%20Nitori*s*Matsuno%20Todomatsu,r
Kurokoma Saki,24,/tags/Kurokoma%20Saki,c
Kicchou Yachie/Kurokoma Saki,10,/tags/Kicchou%20Yachie*s*Kurokoma%20Saki,r
Hijiri Byakuren/Mononobe no Futo,0,/tags/Hijiri%20Byakuren*s*Mononobe%20no%20Futo,r
Hakurei Reimu/Morichika Rinnosuke,2,/tags/Hakurei%20Reimu*s*Morichika%20Rinnosuke,r
Konpaku Youmu & Saigyouji Yuyuko,2,/tags/Konpaku%20Youmu%20*a*%20Saigyouji%20Yuyuko,r
Hinanawi Tenshi/Ibuki Suika,1,/tags/Hinanawi%20Tenshi*s*Ibuki%20Suika,r
Inubashiri Momiji/Kawashiro Nitori,2,/tags/Inubashiri%20Momiji*s*Kawashiro%20Nitori,r
Kawashiro Nitori/Original Character(s),0,/tags/Kawashiro%20Nitori*s*Original%20Character(s),r
Haniyasushin Keiki & Joutouguu Mayumi,1,/tags/Haniyasushin%20Keiki%20*a*%20Joutouguu%20Mayumi,r
Otter Spirit (Touhou Project),2,/tags/Otter%20Spirit%20(Touhou%20Project),c
Haniyasushin Keiki/Kicchou Yachie,1,/tags/Haniyasushin%20Keiki*s*Kicchou%20Yachie,r
Haniyasushin Keiki/Joutouguu Mayumi,2,/tags/Haniyasushin%20Keiki*s*Joutouguu%20Mayumi,r
Charlotte Aulin/Izayoi Sakuya,0,/tags/Charlotte%20Aulin*s*Izayoi%20Sakuya,r
Aeon (Castlevania) & Izayoi Sakuya,0,/tags/Aeon%20(Castlevania)%20*a*%20Izayoi%20Sakuya,r
Alice Margatroid & Medicine Melancholy,1,/tags/Alice%20Margatroid%20*a*%20Medicine%20Melancholy,r
Kazami Yuuka & Kirisame Marisa,1,/tags/Kazami%20Yuuka%20*a*%20Kirisame%20Marisa,r
Hakurei Reimu & Kazami Yuuka,2,/tags/Hakurei%20Reimu%20*a*%20Kazami%20Yuuka,r
Hakurei Reimu & Yakumo Yukari,8,/tags/Hakurei%20Reimu%20*a*%20Yakumo%20Yukari,r
Doremy Sweet/Usami Sumireko,1,/tags/Doremy%20Sweet*s*Usami%20Sumireko,r
Kazami Yuuka/Toyosatomimi no Miko,0,/tags/Kazami%20Yuuka*s*Toyosatomimi%20no%20Miko,r
Kawashiro Nitori & N'tho 'Sraom,0,/tags/Kawashiro%20Nitori%20*a*%20N'tho%20'Sraom,r
Fujiwara no Mokou & N'tho 'Sraom,1,/tags/Fujiwara%20no%20Mokou%20*a*%20N'tho%20'Sraom,r
Hourai/Alice Margatroid/Shanghai,0,/tags/Hourai*s*Alice%20Margatroid*s*Shanghai,r
Kazami Yuuka & Alice Margatroid,0,/tags/Kazami%20Yuuka%20*a*%20Alice%20Margatroid,r
Hakurei Reimu/Usami Sumireko,0,/tags/Hakurei%20Reimu*s*Usami%20Sumireko,r
Fujiwara no Mokou & Usze 'Taham,1,/tags/Fujiwara%20no%20Mokou%20*a*%20Usze%20'Taham,r
Himekaidou Hatate/Kurokoma Saki,0,/tags/Himekaidou%20Hatate*s*Kurokoma%20Saki,r
Murasa Minamitsu & Ushizaki Urumi,1,/tags/Murasa%20Minamitsu%20*a*%20Ushizaki%20Urumi,r
Dio Brando/Izayoi Sakuya,2,/tags/Dio%20Brando*s*Izayoi%20Sakuya,r
Touhou Secret Santa 2019,1,/tags/Touhou%20Secret%20Santa%202019,f
Touhou Secret Santa,2,/tags/Touhou%20Secret%20Santa,f
Izayoi Sakuya/Yakumo Yukari,2,/tags/Izayoi%20Sakuya*s*Yakumo%20Yukari,r
Koakuma/Koakuma/Koakuma (Touhou Project),0,/tags/Koakuma*s*Koakuma*s*Koakuma%20(Touhou%20Project),r
Joutouguu Mayumi/Konpaku Youmu,1,/tags/Joutouguu%20Mayumi*s*Konpaku%20Youmu,r
Touhou Shinreibyou: Ten Desires,2,/tags/Touhou%20Shinreibyou:%20Ten%20Desires,f
Horikawa Raiko/Kochiya Sanae,1,/tags/Horikawa%20Raiko*s*Kochiya%20Sanae,r
Onozuka Komachi & Palutena (Kid Icarus),1,/tags/Onozuka%20Komachi%20*a*%20Palutena%20(Kid%20Icarus),r
Kazami Yuuka/Shameimaru Aya,1,/tags/Kazami%20Yuuka*s*Shameimaru%20Aya,r
Houjuu Nue/Tatara Kogasa,3,/tags/Houjuu%20Nue*s*Tatara%20Kogasa,r
Himekaidou Hatate/Inubashiri Momiji,7,/tags/Himekaidou%20Hatate*s*Inubashiri%20Momiji,r
Himekaidou Hatate/Inubashiri Momiji/Shameimaru Aya,0,/tags/Himekaidou%20Hatate*s*Inubashiri%20Momiji*s*Shameimaru%20Aya,r
Fujiwara no Mokou/Toyosatomimi no Miko,1,/tags/Fujiwara%20no%20Mokou*s*Toyosatomimi%20no%20Miko,r
Fairies (Touhou Project),3,/tags/Fairies%20(Touhou%20Project),c
Fujiwara no Mokou/Usami Sumireko,2,/tags/Fujiwara%20no%20Mokou*s*Usami%20Sumireko,r
Mystia Lorelei/Saigyouji Yuyuko,1,/tags/Mystia%20Lorelei*s*Saigyouji%20Yuyuko,r
Motoori Kosuzu/Usami Sumireko,1,/tags/Motoori%20Kosuzu*s*Usami%20Sumireko,r
Patchouli Knowledge/Yakumo Yukari,0,/tags/Patchouli%20Knowledge*s*Yakumo%20Yukari,r
Reisen Udongein Inaba/Wakasagihime,1,/tags/Reisen%20Udongein%20Inaba*s*Wakasagihime,r
Hinanawi Tenshi & Toyosatomimi no Miko,0,/tags/Hinanawi%20Tenshi%20*a*%20Toyosatomimi%20no%20Miko,r
Konpaku Youmu & Yakumo Ran,1,/tags/Konpaku%20Youmu%20*a*%20Yakumo%20Ran,r
Saigyouji Yuyuko & Yakumo Yukari,5,/tags/Saigyouji%20Yuyuko%20*a*%20Yakumo%20Yukari,r
Kishin Sagume & Doremy Sweet,1,/tags/Kishin%20Sagume%20*a*%20Doremy%20Sweet,r
Kazami Yuuka/Everyone,0,/tags/Kazami%20Yuuka*s*Everyone,r
Ibuki Suika/Okunoda Miyoi,1,/tags/Ibuki%20Suika*s*Okunoda%20Miyoi,r
Okunoda Miyoi,24,/tags/Okunoda%20Miyoi,c
Ansem Seeker of Darkness | Xehanort's Heartless/Mima (Touhou Project),0,/tags/Ansem%20Seeker%20of%20Darkness%20%7C%20Xehanort's%20Heartless*s*Mima%20(Touhou%20Project),r
Konpaku Youki/Saigyouji Yuyuko,2,/tags/Konpaku%20Youki*s*Saigyouji%20Yuyuko,r
Touhou Fuujinroku: Mountain of Faith,0,/tags/Touhou%20Fuujinroku:%20Mountain%20of%20Faith,f
Ibaraki Kasen/Yakumo Yukari,8,/tags/Ibaraki%20Kasen*s*Yakumo%20Yukari,r
Ibaraki Kasen & Onozuka Komachi,2,/tags/Ibaraki%20Kasen%20*a*%20Onozuka%20Komachi,r
Hakurei Reimu/Ibaraki Kasen,3,/tags/Hakurei%20Reimu*s*Ibaraki%20Kasen,r
Previous Generation Hakurei Miko,4,/tags/Previous%20Generation%20Hakurei%20Miko,c
Hakurei Reimu/Houraisan Kaguya,4,/tags/Hakurei%20Reimu*s*Houraisan%20Kaguya,r
Hakurei Reimu/Usami Renko,0,/tags/Hakurei%20Reimu*s*Usami%20Renko,r
Inubashiri Momiji/Sakata Nemuno,4,/tags/Inubashiri%20Momiji*s*Sakata%20Nemuno,r
Cirno & Himekaidou Hatate,1,/tags/Cirno%20*a*%20Himekaidou%20Hatate,r
Inubashiri Momiji/Niwatari Kutaka,1,/tags/Inubashiri%20Momiji*s*Niwatari%20Kutaka,r
Hijiri Byakuren/Miyako Yoshika,1,/tags/Hijiri%20Byakuren*s*Miyako%20Yoshika,r
Ibaraki Kasen/Konngara,1,/tags/Ibaraki%20Kasen*s*Konngara,r
Cirno (Touhou Project)/Original Male Character(s),0,/tags/Cirno%20(Touhou%20Project)*s*Original%20Male%20Character(s),r
Niwatari Kutaka,16,/tags/Niwatari%20Kutaka,c
Kazami Yuuka/Original Character(s),0,/tags/Kazami%20Yuuka*s*Original%20Character(s),r
Ibaraki Kasen/Matara Okina/Yakumo Yukari,0,/tags/Ibaraki%20Kasen*s*Matara%20Okina*s*Yakumo%20Yukari,r
Horikawa Raiko/Sukuna Shinmyoumaru,1,/tags/Horikawa%20Raiko*s*Sukuna%20Shinmyoumaru,r
Kazami Yuuka/Saigyouji Yuyuko,2,/tags/Kazami%20Yuuka*s*Saigyouji%20Yuyuko,r
Hijiri Byakuren/Original Characters(s),2,/tags/Hijiri%20Byakuren*s*Original%20Characters(s),r
Toramaru Shou/Original Character(s),1,/tags/Toramaru%20Shou*s*Original%20Character(s),r
Patchouli Knowledge/Kochiya Sanae,0,/tags/Patchouli%20Knowledge*s*Kochiya%20Sanae,r
Hakurei Reimu/Natsuki Subaru,0,/tags/Hakurei%20Reimu*s*Natsuki%20Subaru,r
Clownpiece/Hakurei Reimu,0,/tags/Clownpiece*s*Hakurei%20Reimu,r
Hakurei Reimu/Kazami Yuuka,1,/tags/Hakurei%20Reimu*s*Kazami%20Yuuka,r
Touhou Ship Week,7,/tags/Touhou%20Ship%20Week,f
Futatsuiwa Mamizou/Houjuu Nue,7,/tags/Futatsuiwa%20Mamizou*s*Houjuu%20Nue,r
Touhou Ship Week 2020,2,/tags/Touhou%20Ship%20Week%202020,f
Patchouli Knowledge/Komeiji Satori,0,/tags/Patchouli%20Knowledge*s*Komeiji%20Satori,r
Star Sapphire (Touhou Project),20,/tags/Star%20Sapphire%20(Touhou%20Project),c
Kazami Yuuka/Kirisame Marisa/Alice Margatroid,0,/tags/Kazami%20Yuuka*s*Kirisame%20Marisa*s*Alice%20Margatroid,r
Saigyouji Yuyuko/Usami Renko,0,/tags/Saigyouji%20Yuyuko*s*Usami%20Renko,r
Zombie Fairy (Touhou Project),1,/tags/Zombie%20Fairy%20(Touhou%20Project),c
Elly/Kazami Yuuka,4,/tags/Elly*s*Kazami%20Yuuka,r
Hata no Kokoro/Toyosatomimi no Miko,0,/tags/Hata%20no%20Kokoro*s*Toyosatomimi%20no%20Miko,r
Kirisame Marisa/Shanghai,1,/tags/Kirisame%20Marisa*s*Shanghai,r
Koumakan | Scarlet Devil Mansion,6,/tags/Koumakan%20%7C%20Scarlet%20Devil%20Mansion,f
Hinanawi Tenshi & Onozuka Komachi,1,/tags/Hinanawi%20Tenshi%20*a*%20Onozuka%20Komachi,r
Touhou Project References,16,/tags/Touhou%20Project%20References,f
Izayoi Sakuya/Koakuma,1,/tags/Izayoi%20Sakuya*s*Koakuma,r
Hakurei Reimu/Yagokoro Eirin,2,/tags/Hakurei%20Reimu*s*Yagokoro%20Eirin,r
Zine Series: Fairy Fiesta (Touhou Project),0,/tags/Zine%20Series:%20Fairy%20Fiesta%20(Touhou%20Project),f
Cirno (Touhou Project)/Reader,1,/tags/Cirno%20(Touhou%20Project)*s*Reader,r
Clownpiece/Star Sapphire,1,/tags/Clownpiece*s*Star%20Sapphire,r
Kaenbyou Rin/Komeiji Satori/Reiuji Utsuho,1,/tags/Kaenbyou%20Rin*s*Komeiji%20Satori*s*Reiuji%20Utsuho,r
Michael Jackson/Yakumo Yukari,0,/tags/Michael%20Jackson*s*Yakumo%20Yukari,r
Horikawa Raiko/Lyrica Prismriver,4,/tags/Horikawa%20Raiko*s*Lyrica%20Prismriver,r
Izayoi Sakuya & Midoriya Izuku,1,/tags/Izayoi%20Sakuya%20*a*%20Midoriya%20Izuku,r
Hakurei Reimu & Midoriya Izuku,1,/tags/Hakurei%20Reimu%20*a*%20Midoriya%20Izuku,r
Midoriya Izuku & Remilia Scarlet,1,/tags/Midoriya%20Izuku%20*a*%20Remilia%20Scarlet,r
Remilia Scarlet & Toga Himiko,1,/tags/Remilia%20Scarlet%20*a*%20Toga%20Himiko,r
Izayoi Sakuya & Toga Himiko,1,/tags/Izayoi%20Sakuya%20*a*%20Toga%20Himiko,r
Komeiji Koishi/Tatara Kogasa,0,/tags/Komeiji%20Koishi*s*Tatara%20Kogasa,r
Aki Minoriko/Hakurei Reimu,1,/tags/Aki%20Minoriko*s*Hakurei%20Reimu,r
Hakurei Reimu/Moriya Suwako,0,/tags/Hakurei%20Reimu*s*Moriya%20Suwako,r
Hijiri Byakuren & Hijiri Myouren,2,/tags/Hijiri%20Byakuren%20*a*%20Hijiri%20Myouren,r
Konpaku Youmu/Original Male Character(s),0,/tags/Konpaku%20Youmu*s*Original%20Male%20Character(s),r
Reisen Udongein Inaba/Original Male Character(s),0,/tags/Reisen%20Udongein%20Inaba*s*Original%20Male%20Character(s),r
Junko/Yagokoro Eirin,3,/tags/Junko*s*Yagokoro%20Eirin,r
Komeiji Satori/Saigyouji Yuyuko,4,/tags/Komeiji%20Satori*s*Saigyouji%20Yuyuko,r
Komeiji Koishi/Other(s),0,/tags/Komeiji%20Koishi*s*Other(s),r
Alice Margatroid/Reader,5,/tags/Alice%20Margatroid*s*Reader,r
Hakurei Reimu/Letty Whiterock,2,/tags/Hakurei%20Reimu*s*Letty%20Whiterock,r
Kirisame Marisa/Flandre Scarlet,6,/tags/Kirisame%20Marisa*s*Flandre%20Scarlet,r
Ibuki Suika/Original Male Character(s),2,/tags/Ibuki%20Suika*s*Original%20Male%20Character(s),r
Hakurei Reimu & Motoori Kosuzu,1,/tags/Hakurei%20Reimu%20*a*%20Motoori%20Kosuzu,r
Alice Margatroid/Meira,2,/tags/Alice%20Margatroid*s*Meira,r
Alice Margatroid/Watatsuki no Yorihime,0,/tags/Alice%20Margatroid*s*Watatsuki%20no%20Yorihime,r
Matara Okina/Ruukoto,0,/tags/Matara%20Okina*s*Ruukoto,r
Hinanawi Tenshi/Shinki,1,/tags/Hinanawi%20Tenshi*s*Shinki,r
Hieda no Akyuu/Reader,1,/tags/Hieda%20no%20Akyuu*s*Reader,r
Izayoi Sakuya/Kochiya Sanae,2,/tags/Izayoi%20Sakuya*s*Kochiya%20Sanae,r
Kurodani Yamame/Mizuhashi Parsee,3,/tags/Kurodani%20Yamame*s*Mizuhashi%20Parsee,r
Hakurei Reimu/Reader,5,/tags/Hakurei%20Reimu*s*Reader,r
Remilia Scarlet/Reader,0,/tags/Remilia%20Scarlet*s*Reader,r
Izayoi Sakuya/Reader,7,/tags/Izayoi%20Sakuya*s*Reader,r
Koakuma (Touhou Project)/Reader,0,/tags/Koakuma%20(Touhou%20Project)*s*Reader,r
Shameimaru Aya/Reader,4,/tags/Shameimaru%20Aya*s*Reader,r
Kazami Yuuka/Reader,5,/tags/Kazami%20Yuuka*s*Reader,r
Reisen Udongein Inaba/Yakumo Yukari,1,/tags/Reisen%20Udongein%20Inaba*s*Yakumo%20Yukari,r
Kotohime/Yagokoro Eirin,0,/tags/Kotohime*s*Yagokoro%20Eirin,r
Su-san (Touhou Project),0,/tags/Su-san%20(Touhou%20Project),c
Alice Margatroid/Yumeko,1,/tags/Alice%20Margatroid*s*Yumeko,r
Patchouli Knowledge/Okazaki Yumemi,0,/tags/Patchouli%20Knowledge*s*Okazaki%20Yumemi,r
Fujiwara no Mokou & Usami Sumireko,2,/tags/Fujiwara%20no%20Mokou%20*a*%20Usami%20Sumireko,r
Kirisame Marisa/Matara Okina,1,/tags/Kirisame%20Marisa*s*Matara%20Okina,r
Kurodani Yamame/Original Character(s),4,/tags/Kurodani%20Yamame*s*Original%20Character(s),r
Kana Anaberal/Hakurei Reimu,1,/tags/Kana%20Anaberal*s*Hakurei%20Reimu,r
Hecatia Lapislazuli/Mima,1,/tags/Hecatia%20Lapislazuli*s*Mima,r
Ellen (Touhou Project),10,/tags/Ellen%20(Touhou%20Project),c
Ellen/Kitashirakawa Chiyuri,0,/tags/Ellen*s*Kitashirakawa%20Chiyuri,r
Ellen/Hata no Kokoro,1,/tags/Ellen*s*Hata%20no%20Kokoro,r
Maribel Hearn/Alice Margatroid,1,/tags/Maribel%20Hearn*s*Alice%20Margatroid,r
Houraisan Kaguya/Meira,1,/tags/Houraisan%20Kaguya*s*Meira,r
Himekaidou Hatate/Usami Sumireko,0,/tags/Himekaidou%20Hatate*s*Usami%20Sumireko,r
Gengetsu/Kagiyama Hina,0,/tags/Gengetsu*s*Kagiyama%20Hina,r
Matenshi (Touhou Project),6,/tags/Matenshi%20(Touhou%20Project),c
Fujiwara no Mokou/Watatsuki no Toyohime,2,/tags/Fujiwara%20no%20Mokou*s*Watatsuki%20no%20Toyohime,r
Yagokoro Eirin & Yakumo Yukari & Yasaka Kanako,1,/tags/Yagokoro%20Eirin%20*a*%20Yakumo%20Yukari%20*a*%20Yasaka%20Kanako,r
Kazami Yuuka & Yakumo Yukari,2,/tags/Kazami%20Yuuka%20*a*%20Yakumo%20Yukari,r
Ahri (League of Legends) & Hakurei Reimu,1,/tags/Ahri%20(League%20of%20Legends)%20*a*%20Hakurei%20Reimu,r
Kotohime/Yakumo Yukari,1,/tags/Kotohime*s*Yakumo%20Yukari,r
Joutouguu Mayumi/Yumeko,0,/tags/Joutouguu%20Mayumi*s*Yumeko,r
Yakumo Yukari/Original Male Character(s),3,/tags/Yakumo%20Yukari*s*Original%20Male%20Character(s),r
Yakumo Yukari/You,0,/tags/Yakumo%20Yukari*s*You,r
Kaenbyou Rin/Alice Margatroid,2,/tags/Kaenbyou%20Rin*s*Alice%20Margatroid,r
Kaku Seiga/Watatsuki no Yorihime,0,/tags/Kaku%20Seiga*s*Watatsuki%20no%20Yorihime,r
Komeiji Satori/Mononobe no Futo,0,/tags/Komeiji%20Satori*s*Mononobe%20no%20Futo,r
Yorigami Shion/Reader,1,/tags/Yorigami%20Shion*s*Reader,r
Onozuka Komachi & Yakumo Yukari,1,/tags/Onozuka%20Komachi%20*a*%20Yakumo%20Yukari,r
Cirno & Lily White (Touhou Project),2,/tags/Cirno%20*a*%20Lily%20White%20(Touhou%20Project),r
Lunasa Prismriver & Tsukumo Benben,0,/tags/Lunasa%20Prismriver%20*a*%20Tsukumo%20Benben,r
Komeiji Koishi & Merlin Prismriver,0,/tags/Komeiji%20Koishi%20*a*%20Merlin%20Prismriver,r
Aki Shizuha/Kagiyama Hina,2,/tags/Aki%20Shizuha*s*Kagiyama%20Hina,r
Touhou Kanjuden: Legacy of Lunatic Kingdom,5,/tags/Touhou%20Kanjuden:%20Legacy%20of%20Lunatic%20Kingdom,f
Previous Generation Hakurei Miko/Mima,0,/tags/Previous%20Generation%20Hakurei%20Miko*s*Mima,r
Kamishirasawa Keine/Alice Margatroid,1,/tags/Kamishirasawa%20Keine*s*Alice%20Margatroid,r
Lunasa Prismriver/Tsukumo Benben,1,/tags/Lunasa%20Prismriver*s*Tsukumo%20Benben,r
Himekaidou Hatate/Onozuka Komachi,1,/tags/Himekaidou%20Hatate*s*Onozuka%20Komachi,r
Kirisame Marisa & Tommyinnit (Video Blogging RPF),1,/tags/Kirisame%20Marisa%20*a*%20Tommyinnit%20(Video%20Blogging%20RPF),r
Komakusa Sannyo,19,/tags/Komakusa%20Sannyo,c
Izayoi Sakuya/Watatsuki no Yorihime,1,/tags/Izayoi%20Sakuya*s*Watatsuki%20no%20Yorihime,r
Doremy Sweet/Original Male Character(s),1,/tags/Doremy%20Sweet*s*Original%20Male%20Character(s),r
Matenshi/Noroiko (Touhou Project),1,/tags/Matenshi*s*Noroiko%20(Touhou%20Project),r
Komeiji Koishi/Merlin Prismriver,1,/tags/Komeiji%20Koishi*s*Merlin%20Prismriver,r
Hieda no Akyuu/Original Male Character(s),1,/tags/Hieda%20no%20Akyuu*s*Original%20Male%20Character(s),r
Kochiya Sanae/Konpaku Youmu,2,/tags/Kochiya%20Sanae*s*Konpaku%20Youmu,r
Komeiji Koishi/Original Male Character(s),0,/tags/Komeiji%20Koishi*s*Original%20Male%20Character(s),r
Ellen/Komeiji Koishi,3,/tags/Ellen*s*Komeiji%20Koishi,r
Futatsuiwa Mamizou/Motoori Kosuzu,1,/tags/Futatsuiwa%20Mamizou*s*Motoori%20Kosuzu,r
Reisen Udongein Inaba & Junko,0,/tags/Reisen%20Udongein%20Inaba%20*a*%20Junko,r
Fujiwara no Mokou's Father,5,/tags/Fujiwara%20no%20Mokou's%20Father,c
Hakurei Reimu/Senri Tsurubami,2,/tags/Hakurei%20Reimu*s*Senri%20Tsurubami,r
Iesua Nazarenus,2,/tags/Iesua%20Nazarenus,c
Houraisan Kaguya/Other(s),0,/tags/Houraisan%20Kaguya*s*Other(s),r
Fujiwara no Mokou's Father/Houraisan Kaguya,1,/tags/Fujiwara%20no%20Mokou's%20Father*s*Houraisan%20Kaguya,r
Mystia Lorelei & Wriggle Nightbug,1,/tags/Mystia%20Lorelei%20*a*%20Wriggle%20Nightbug,r
Komano Aunn/Original Character(s),1,/tags/Komano%20Aunn*s*Original%20Character(s),r
Fujiwara no Mokou/Yagokoro Eirin,1,/tags/Fujiwara%20no%20Mokou*s*Yagokoro%20Eirin,r
Hakurei Reimu/Kamishirasawa Keine,1,/tags/Hakurei%20Reimu*s*Kamishirasawa%20Keine,r
Tamatsukuri Misumaru,19,/tags/Tamatsukuri%20Misumaru,c
Tenkyuu Chimata,36,/tags/Tenkyuu%20Chimata,c
Himemushi Momoyo,50,/tags/Himemushi%20Momoyo,c
Cirno & Himemushi Momoyo,1,/tags/Cirno%20*a*%20Himemushi%20Momoyo,r
Goutokuji Mike,9,/tags/Goutokuji%20Mike,c
Kijin Seija/Tatara Kogasa,2,/tags/Kijin%20Seija*s*Tatara%20Kogasa,r
Tamatsukuri Misumaru/Yakumo Yukari,2,/tags/Tamatsukuri%20Misumaru*s*Yakumo%20Yukari,r
Hakurei Reimu & Reisen Udongein Inaba,1,/tags/Hakurei%20Reimu%20*a*%20Reisen%20Udongein%20Inaba,r
Tamatsukuri Misumaru/Tenkyuu Chimata,1,/tags/Tamatsukuri%20Misumaru*s*Tenkyuu%20Chimata,r
Izayoi Sakuya/Tamatsukuri Misumaru,1,/tags/Izayoi%20Sakuya*s*Tamatsukuri%20Misumaru,r
Kudamaki Tsukasa,25,/tags/Kudamaki%20Tsukasa,c
Iizunamaru Megumu,74,/tags/Iizunamaru%20Megumu,c
Houjuu Nue/Kochiya Sanae,1,/tags/Houjuu%20Nue*s*Kochiya%20Sanae,r
Futatsuiwa Mamizou & Houjuu Nue & Yorigami Jo'on,1,/tags/Futatsuiwa%20Mamizou%20*a*%20Houjuu%20Nue%20*a*%20Yorigami%20Jo'on,r
Kisume & Tatara Kogasa,0,/tags/Kisume%20*a*%20Tatara%20Kogasa,r
Hakurei Reimu/Hieda no Akyuu,5,/tags/Hakurei%20Reimu*s*Hieda%20no%20Akyuu,r
Izayoi Sakuya/Konpaku Youmu,6,/tags/Izayoi%20Sakuya*s*Konpaku%20Youmu,r
Kazami Yuuka/Mizuhashi Parsee,0,/tags/Kazami%20Yuuka*s*Mizuhashi%20Parsee,r
Matara Okina & Nishida Satono & Teireida Mai,0,/tags/Matara%20Okina%20*a*%20Nishida%20Satono%20*a*%20Teireida%20Mai,r
Kochiya Sanae & Usami Sumireko,3,/tags/Kochiya%20Sanae%20*a*%20Usami%20Sumireko,r
Yamashiro Takane,16,/tags/Yamashiro%20Takane,c
Kicchou Yachie/Matara Okina,1,/tags/Kicchou%20Yachie*s*Matara%20Okina,r
Houjuu Nue/Kochiya Sanae/Tatara Kogasa,2,/tags/Houjuu%20Nue*s*Kochiya%20Sanae*s*Tatara%20Kogasa,r
Hakurei Reimu/Kirisame Marisa/Alice Margatroid,3,/tags/Hakurei%20Reimu*s*Kirisame%20Marisa*s*Alice%20Margatroid,r
Euron Greyjoy/Houjuu Nue,1,/tags/Euron%20Greyjoy*s*Houjuu%20Nue,r
Junko/Yakumo Yukari,2,/tags/Junko*s*Yakumo%20Yukari,r
Zine: GensoColors,2,/tags/Zine:%20GensoColors,f
Nazrin & Onozuka Komachi,1,/tags/Nazrin%20*a*%20Onozuka%20Komachi,r
Komeiji Satori & Shiki Eiki,1,/tags/Komeiji%20Satori%20*a*%20Shiki%20Eiki,r
Kirisame Marisa & Original Character(s),1,/tags/Kirisame%20Marisa%20*a*%20Original%20Character(s),r
Luna Child & Sunny Milk & Star Sapphire,3,/tags/Luna%20Child%20*a*%20Sunny%20Milk%20*a*%20Star%20Sapphire,r
Chen & Kaenbyou Rin,0,/tags/Chen%20*a*%20Kaenbyou%20Rin,r
Harry Potter & Yakumo Yukari,0,/tags/Harry%20Potter%20*a*%20Yakumo%20Yukari,r
Koakuma & Hecatia Lapislazuli,0,/tags/Koakuma%20*a*%20Hecatia%20Lapislazuli,r
Fujiwara no Mokou & Mononobe no Futo,1,/tags/Fujiwara%20no%20Mokou%20*a*%20Mononobe%20no%20Futo,r
Kirisame Marisa & Komeiji Satori,0,/tags/Kirisame%20Marisa%20*a*%20Komeiji%20Satori,r
Patchouli Knowledge & Koakuma,1,/tags/Patchouli%20Knowledge%20*a*%20Koakuma,r
Komakusa Sannyo/Tamatsukuri Misumaru,3,/tags/Komakusa%20Sannyo*s*Tamatsukuri%20Misumaru,r
Houraisan Kaguya & Reisen Udongein Inaba,1,/tags/Houraisan%20Kaguya%20*a*%20Reisen%20Udongein%20Inaba,r
Hieda no Akyuu/Shameimaru Aya,2,/tags/Hieda%20no%20Akyuu*s*Shameimaru%20Aya,r
Venti (Genshin Impact) & Yasaka Kanako,0,/tags/Venti%20(Genshin%20Impact)%20*a*%20Yasaka%20Kanako,r
Cirno/Lily White (Touhou Project),1,/tags/Cirno*s*Lily%20White%20(Touhou%20Project),r
Mizuhashi Parsee/Original Character(s),0,/tags/Mizuhashi%20Parsee*s*Original%20Character(s),r
Himemushi Momoyo/Iizunamaru Megumu,25,/tags/Himemushi%20Momoyo*s*Iizunamaru%20Megumu,r
Iwakasa (Touhou Project),1,/tags/Iwakasa%20(Touhou%20Project),c
Takatou Tobiko,0,/tags/Takatou%20Tobiko,c
Chen & Komano Aunn,0,/tags/Chen%20*a*%20Komano%20Aunn,r
Patchouli Knowledge/Koakuma/Remilia Scarlet,0,/tags/Patchouli%20Knowledge*s*Koakuma*s*Remilia%20Scarlet,r
Matara Okina/Yorigami Jo'on,4,/tags/Matara%20Okina*s*Yorigami%20Jo'on,r
Komeiji Koishi & Flandre Scarlet,2,/tags/Komeiji%20Koishi%20*a*%20Flandre%20Scarlet,r
Kirisame Marisa/Komakusa Sannyo,1,/tags/Kirisame%20Marisa*s*Komakusa%20Sannyo,r
Hakurei Reimu/Komakusa Sannyo,1,/tags/Hakurei%20Reimu*s*Komakusa%20Sannyo,r
Eternity Larva/Matara Okina,0,/tags/Eternity%20Larva*s*Matara%20Okina,r
Hakurei Reimu/Yorigami Shion,0,/tags/Hakurei%20Reimu*s*Yorigami%20Shion,r
Trans Kirisame Marisa,4,/tags/Trans%20Kirisame%20Marisa,f
Yukkuri shiteitte ne! (Touhou Project),2,/tags/Yukkuri%20shiteitte%20ne!%20(Touhou%20Project),f
Hakurei Reimu & Tamatsukuri Misumaru,2,/tags/Hakurei%20Reimu%20*a*%20Tamatsukuri%20Misumaru,r
Kochiya Sanae/Watatsuki no Yorihime,0,/tags/Kochiya%20Sanae*s*Watatsuki%20no%20Yorihime,r
Eternity Larva/Wriggle Nightbug,2,/tags/Eternity%20Larva*s*Wriggle%20Nightbug,r
Kotohime/Okazaki Yumemi,1,/tags/Kotohime*s*Okazaki%20Yumemi,r
Aki Shizuha/Horikawa Raiko,0,/tags/Aki%20Shizuha*s*Horikawa%20Raiko,r
Himemushi Momoyo/Kudamaki Tsukasa,2,/tags/Himemushi%20Momoyo*s*Kudamaki%20Tsukasa,r
Iizunamaru Megumu/Tenkyuu Chimata,19,/tags/Iizunamaru%20Megumu*s*Tenkyuu%20Chimata,r
Alice Margatroid & Shinki,0,/tags/Alice%20Margatroid%20*a*%20Shinki,r
Mima/Yakumo Yukari,0,/tags/Mima*s*Yakumo%20Yukari,r
Kirisame Marisa/Komano Aunn,0,/tags/Kirisame%20Marisa*s*Komano%20Aunn,r
Luna Child/Sunny Milk/Star Sapphire,0,/tags/Luna%20Child*s*Sunny%20Milk*s*Star%20Sapphire,r
Matenshi/Yumeko (Touhou Project),1,/tags/Matenshi*s*Yumeko%20(Touhou%20Project),r
Alice Margatroid & Yakumo Yukari,0,/tags/Alice%20Margatroid%20*a*%20Yakumo%20Yukari,r
Himemushi Momoyo/Nazrin,0,/tags/Himemushi%20Momoyo*s*Nazrin,r
Horikawa Raiko & Sukuna Shinmyoumaru,1,/tags/Horikawa%20Raiko%20*a*%20Sukuna%20Shinmyoumaru,r
Iizunamaru Megumu/Kudamaki Tsukasa,6,/tags/Iizunamaru%20Megumu*s*Kudamaki%20Tsukasa,r
Hoshiguma Yuugi & Mizuhashi Parsee,0,/tags/Hoshiguma%20Yuugi%20*a*%20Mizuhashi%20Parsee,r
Hecatia Lapislazuli/Original Male Character(s),1,/tags/Hecatia%20Lapislazuli*s*Original%20Male%20Character(s),r
Komakusa Sannyo/Kurokoma Saki,1,/tags/Komakusa%20Sannyo*s*Kurokoma%20Saki,r
Miyako Yoshika & Qiqi (Genshin Impact),1,/tags/Miyako%20Yoshika%20*a*%20Qiqi%20(Genshin%20Impact),r
Touhou Ship Week 2021,21,/tags/Touhou%20Ship%20Week%202021,f
Merlin | Caster/Yakumo Yukari,3,/tags/Merlin%20%7C%20Caster*s*Yakumo%20Yukari,r
Kazami Yuuka/Kirisame Marisa,2,/tags/Kazami%20Yuuka*s*Kirisame%20Marisa,r
Aki Shizuha/Tsukumo Yatsuhashi,1,/tags/Aki%20Shizuha*s*Tsukumo%20Yatsuhashi,r
Tokiko (Touhou Project),10,/tags/Tokiko%20(Touhou%20Project),c
Futatsuiwa Mamizou/Original Character(s),1,/tags/Futatsuiwa%20Mamizou*s*Original%20Character(s),r
Himekaidou Hatate/Sakata Nemuno,1,/tags/Himekaidou%20Hatate*s*Sakata%20Nemuno,r
Ibaraki Kasen/Konpaku Youki,0,/tags/Ibaraki%20Kasen*s*Konpaku%20Youki,r
Mai/Yuki (Touhou Project),4,/tags/Mai*s*Yuki%20(Touhou%20Project),r
Komakusa Sannyo/Yorigami Jo'on,0,/tags/Komakusa%20Sannyo*s*Yorigami%20Jo'on,r
Shinki/Yagokoro Eirin,0,/tags/Shinki*s*Yagokoro%20Eirin,r
Kagiyama Hina/Kochiya Sanae,0,/tags/Kagiyama%20Hina*s*Kochiya%20Sanae,r
Himekaidou Hatate/Kagiyama Hina,0,/tags/Himekaidou%20Hatate*s*Kagiyama%20Hina,r
Okunoda Miyoi/Sakata Nemuno,0,/tags/Okunoda%20Miyoi*s*Sakata%20Nemuno,r
Suiki (Touhou Project),1,/tags/Suiki%20(Touhou%20Project),c
Ibuki Suika/Yakumo Yukari,1,/tags/Ibuki%20Suika*s*Yakumo%20Yukari,r
Shameimaru Aya/Yorigami Jo'on,0,/tags/Shameimaru%20Aya*s*Yorigami%20Jo'on,r
Reisen (Touhou Bougetsushou),16,/tags/Reisen%20(Touhou%20Bougetsushou),c
Natsuki Subaru/Reisen (Touhou Bougetsushou),1,/tags/Natsuki%20Subaru*s*Reisen%20(Touhou%20Bougetsushou),r
Hakurei Reimu/Reisen (Touhou Bougetsushou),0,/tags/Hakurei%20Reimu*s*Reisen%20(Touhou%20Bougetsushou),r
Hikariko | Rengeteki | Koushi (Touhou Project),3,/tags/Hikariko%20%7C%20Rengeteki%20%7C%20Koushi%20(Touhou%20Project),c
Reisen Udongein Inaba/Reisen Udongein Inaba,1,/tags/Reisen%20Udongein%20Inaba*s*Reisen%20Udongein%20Inaba,r
Hinanawi Tenshi/Flandre Scarlet,1,/tags/Hinanawi%20Tenshi*s*Flandre%20Scarlet,r
Cirno (Touhou Project) & TommyInnit (Video Blogging RPF),0,/tags/Cirno%20(Touhou%20Project)%20*a*%20TommyInnit%20(Video%20Blogging%20RPF),r
Hong Meiling & Kirisame Marisa,0,/tags/Hong%20Meiling%20*a*%20Kirisame%20Marisa,r
Touhou Project Ensemble,2,/tags/Touhou%20Project%20Ensemble,c
Orange (Touhou Project),5,/tags/Orange%20(Touhou%20Project),c
Izayoi Sakuya & Yagokoro Eirin,0,/tags/Izayoi%20Sakuya%20*a*%20Yagokoro%20Eirin,r
Hakurei Reimu/Hong Meiling,1,/tags/Hakurei%20Reimu*s*Hong%20Meiling,r
Alice Margatroid's Dolls,10,/tags/Alice%20Margatroid's%20Dolls,c
Kirisame Marisa (PC-98),9,/tags/Kirisame%20Marisa%20(PC-98),c
Hakurei Reimu/Reisen Udongein Inaba,3,/tags/Hakurei%20Reimu*s*Reisen%20Udongein%20Inaba,r
Aki Minoriko & Aki Shizuha,3,/tags/Aki%20Minoriko%20*a*%20Aki%20Shizuha,r
Kochiya Sanae/Komakusa Sannyo,0,/tags/Kochiya%20Sanae*s*Komakusa%20Sannyo,r
Kirisame Marisa & Mugetsu,1,/tags/Kirisame%20Marisa%20*a*%20Mugetsu,r
Murasa Minamitsu & Shiki Eiki,0,/tags/Murasa%20Minamitsu%20*a*%20Shiki%20Eiki,r
Saotome Ranma & Usami Sumireko,1,/tags/Saotome%20Ranma%20*a*%20Usami%20Sumireko,r
Hibiki Ryouga & Usami Sumireko,1,/tags/Hibiki%20Ryouga%20*a*%20Usami%20Sumireko,r
Tendou Akane & Usami Sumireko,1,/tags/Tendou%20Akane%20*a*%20Usami%20Sumireko,r
Hakurei Reimu & Komano Aunn,0,/tags/Hakurei%20Reimu%20*a*%20Komano%20Aunn,r
Reisen Udongein Inaba/Kamishirasawa Keine,0,/tags/Reisen%20Udongein%20Inaba*s*Kamishirasawa%20Keine,r
Izayoi Sakuya & Mugetsu,1,/tags/Izayoi%20Sakuya%20*a*%20Mugetsu,r
Reisen Udongein Inaba/Kirisame Marisa,0,/tags/Reisen%20Udongein%20Inaba*s*Kirisame%20Marisa,r
Ibuki Suika & Original Female Character(s),2,/tags/Ibuki%20Suika%20*a*%20Original%20Female%20Character(s),r
Toutetsu Yuuma,9,/tags/Toutetsu%20Yuuma,c
Hinanawi Tenshi/Original Male Character(s),0,/tags/Hinanawi%20Tenshi*s*Original%20Male%20Character(s),r
Gengetsu & Remilia Scarlet,0,/tags/Gengetsu%20*a*%20Remilia%20Scarlet,r
Gengetsu & Kirisame Marisa,0,/tags/Gengetsu%20*a*%20Kirisame%20Marisa,r
Kirisame Marisa's Father,1,/tags/Kirisame%20Marisa's%20Father,c
Izayoi Sakuya & Flandre Scarlet,0,/tags/Izayoi%20Sakuya%20*a*%20Flandre%20Scarlet,r
Shinn Asuka (Gundam SEED)/Hakurei Reimu,0,/tags/Shinn%20Asuka%20(Gundam%20SEED)*s*Hakurei%20Reimu,r
Izayoi Sakuya/Original Male Character(s),0,/tags/Izayoi%20Sakuya*s*Original%20Male%20Character(s),r
Moriya Suwako/Original Male Character(s),1,/tags/Moriya%20Suwako*s*Original%20Male%20Character(s),r
Daiyousei/Remilia Scarlet,2,/tags/Daiyousei*s*Remilia%20Scarlet,r
Main Character (Touhou LostWord),3,/tags/Main%20Character%20(Touhou%20LostWord),c
Touhou LostWord,5,/tags/Touhou%20LostWord,f
Kochiya Sanae/Meira,1,/tags/Kochiya%20Sanae*s*Meira,r
Satsuki Rin & Reader,1,/tags/Satsuki%20Rin%20*a*%20Reader,r
Yakumo Ran/Reader,4,/tags/Yakumo%20Ran*s*Reader,r
Koakuma/Yumeko (Touhou Project),1,/tags/Koakuma*s*Yumeko%20(Touhou%20Project),r
Kirisame Marisa/Patchouli Knowledge/Alice Margatroid,3,/tags/Kirisame%20Marisa*s*Patchouli%20Knowledge*s*Alice%20Margatroid,r
Komakusa Sannyo/Alice Margatroid,2,/tags/Komakusa%20Sannyo*s*Alice%20Margatroid,r
Asakura Rikako/Okazaki Yumemi,1,/tags/Asakura%20Rikako*s*Okazaki%20Yumemi,r
Touhou Secret Santa 2021,2,/tags/Touhou%20Secret%20Santa%202021,f
Cirno (Touhou Project) & Praem Saye,0,/tags/Cirno%20(Touhou%20Project)%20*a*%20Praem%20Saye,r
Reiuji Utsuho/Original Male Character(s),0,/tags/Reiuji%20Utsuho*s*Original%20Male%20Character(s),r
Ibaraki Kasen/Tamatsukuri Misumaru,1,/tags/Ibaraki%20Kasen*s*Tamatsukuri%20Misumaru,r
Yakumo Ran/Original Character(s),1,/tags/Yakumo%20Ran*s*Original%20Character(s),r
Houraisan Kaguya/Kaku Seiga,1,/tags/Houraisan%20Kaguya*s*Kaku%20Seiga,r
Himemushi Momoyo/Original Character(s),0,/tags/Himemushi%20Momoyo*s*Original%20Character(s),r
Fujiwara no Mokou & Kirisame Marisa,0,/tags/Fujiwara%20no%20Mokou%20*a*%20Kirisame%20Marisa,r
Kirisame Marisa/Wriggle Nightbug,1,/tags/Kirisame%20Marisa*s*Wriggle%20Nightbug,r
Fujiwara no Mokou/Reader,6,/tags/Fujiwara%20no%20Mokou*s*Reader,r
Kazami Yuuka & Midoriya Izuku,1,/tags/Kazami%20Yuuka%20*a*%20Midoriya%20Izuku,r
Fujiwara no Mokou & Midoriya Izuku,1,/tags/Fujiwara%20no%20Mokou%20*a*%20Midoriya%20Izuku,r
Midoriya Izuku & Yakumo Yukari,1,/tags/Midoriya%20Izuku%20*a*%20Yakumo%20Yukari,r
Medicine Melancholy & Midoriya Izuku,1,/tags/Medicine%20Melancholy%20*a*%20Midoriya%20Izuku,r
Hong Meiling/Kirisame Marisa/Patchouli Knowledge/Alice Margatroid,0,/tags/Hong%20Meiling*s*Kirisame%20Marisa*s*Patchouli%20Knowledge*s*Alice%20Margatroid,r
Doremy Sweet & Usami Sumireko,1,/tags/Doremy%20Sweet%20*a*%20Usami%20Sumireko,r
Rumia (Touhou Project)/Reader,0,/tags/Rumia%20(Touhou%20Project)*s*Reader,r
Konngara/Sariel (Touhou Project),0,/tags/Konngara*s*Sariel%20(Touhou%20Project),r
Toyosatomimi no Miko/Reader,3,/tags/Toyosatomimi%20no%20Miko*s*Reader,r
Izayoi Sakuya/Tatara Kogasa,1,/tags/Izayoi%20Sakuya*s*Tatara%20Kogasa,r
Watatsuki no Toyohime & Watatsuki no Yorihime,2,/tags/Watatsuki%20no%20Toyohime%20*a*%20Watatsuki%20no%20Yorihime,r
Sekibanki (Touhou Project)/Original Character(s),1,/tags/Sekibanki%20(Touhou%20Project)*s*Original%20Character(s),r
Kudamaki Tsukasa/Yakumo Yukari,0,/tags/Kudamaki%20Tsukasa*s*Yakumo%20Yukari,r
Alice Margatroid/Original Character(s),7,/tags/Alice%20Margatroid*s*Original%20Character(s),r
Kazami Yuuka/Yakumo Yukari,1,/tags/Kazami%20Yuuka*s*Yakumo%20Yukari,r
Dialga (Pokemon) & Izayoi Sakuya,0,/tags/Dialga%20(Pokemon)%20*a*%20Izayoi%20Sakuya,r
Cirno & Daiyousei (Touhou Project),1,/tags/Cirno%20*a*%20Daiyousei%20(Touhou%20Project),r
Saigyouji Yuyuko/Original Male Character(s),0,/tags/Saigyouji%20Yuyuko*s*Original%20Male%20Character(s),r
Miyadeguchi Mizuchi,9,/tags/Miyadeguchi%20Mizuchi,c
Imaizumi Kagerou & Sekibanki,2,/tags/Imaizumi%20Kagerou%20*a*%20Sekibanki,r
Kumoi Ichirin/Original Character(s),1,/tags/Kumoi%20Ichirin*s*Original%20Character(s),r
Midoriya Izuku & Toyosatomimi no Miko,0,/tags/Midoriya%20Izuku%20*a*%20Toyosatomimi%20no%20Miko,r
Touhou Project Ensemble/Reader,0,/tags/Touhou%20Project%20Ensemble*s*Reader,r
Inubashiri Momiji & Kawashiro Nitori,0,/tags/Inubashiri%20Momiji%20*a*%20Kawashiro%20Nitori,r
Dabi | Todoroki Touya/Yorigami Shion,0,/tags/Dabi%20%7C%20Todoroki%20Touya*s*Yorigami%20Shion,r
Kicchou Yachie/Reader,3,/tags/Kicchou%20Yachie*s*Reader,r
Cirno & Wakasagihime (Touhou Project),0,/tags/Cirno%20*a*%20Wakasagihime%20(Touhou%20Project),r
Toramaru Shou/Toyosatomimi no Miko,0,/tags/Toramaru%20Shou*s*Toyosatomimi%20no%20Miko,r
Kirisame Marisa/Shinki,0,/tags/Kirisame%20Marisa*s*Shinki,r
Fujiwara No Mokou/Hakurei Reimu,1,/tags/Fujiwara%20No%20Mokou*s*Hakurei%20Reimu,r
Goutokuji Mike/Komano Aunn,0,/tags/Goutokuji%20Mike*s*Komano%20Aunn,r
Kurumi & Hoshiguma Yuugi,0,/tags/Kurumi%20*a*%20Hoshiguma%20Yuugi,r
Elly & Kurumi (Touhou Project),1,/tags/Elly%20*a*%20Kurumi%20(Touhou%20Project),r
Hakurei Reimu & Kochiya Sanae,2,/tags/Hakurei%20Reimu%20*a*%20Kochiya%20Sanae,r
Kijin Seija/Komeiji Satori,13,/tags/Kijin%20Seija*s*Komeiji%20Satori,r
Sunny Milk/Star Sapphire,1,/tags/Sunny%20Milk*s*Star%20Sapphire,r
Usami Sumireko & Yakumo Yukari,0,/tags/Usami%20Sumireko%20*a*%20Yakumo%20Yukari,r
Saigyouji Yuyuko/Flandre Scarlet,1,/tags/Saigyouji%20Yuyuko*s*Flandre%20Scarlet,r
Hijiri Byakuren/Yorigami Jo'on,2,/tags/Hijiri%20Byakuren*s*Yorigami%20Jo'on,r
Hakurei Reimu & Konpaku Youmu,0,/tags/Hakurei%20Reimu%20*a*%20Konpaku%20Youmu,r
Tamatsukuri Misumaru/Yagokoro Eirin,1,/tags/Tamatsukuri%20Misumaru*s*Yagokoro%20Eirin,r
Aki Shizuha & Lily White,1,/tags/Aki%20Shizuha%20*a*%20Lily%20White,r
Aki Shizuha & Letty Whiterock,1,/tags/Aki%20Shizuha%20*a*%20Letty%20Whiterock,r
Chen (Touhou Project)/Original Male Saiyan Character(s) (Dragon Ball),0,/tags/Chen%20(Touhou%20Project)*s*Original%20Male%20Saiyan%20Character(s)%20(Dragon%20Ball),r
Iizunamaru Megumu/Sakata Nemuno,1,/tags/Iizunamaru%20Megumu*s*Sakata%20Nemuno,r
Luna Child/Clownpiece/Sunny Milk/Star Sapphire,0,/tags/Luna%20Child*s*Clownpiece*s*Sunny%20Milk*s*Star%20Sapphire,r
Hakurei Reimu/Hakurei Reimu (PC-98),0,/tags/Hakurei%20Reimu*s*Hakurei%20Reimu%20(PC-98),r
Watatsuki no Yorihime/Yumeko,0,/tags/Watatsuki%20no%20Yorihime*s*Yumeko,r
Kaenbyou Rin/Miyako Yoshika,1,/tags/Kaenbyou%20Rin*s*Miyako%20Yoshika,r
Yorigami Jo'on & Yorigami Shion,2,/tags/Yorigami%20Jo'on%20*a*%20Yorigami%20Shion,r
Imaizumi Kagerou & Original Character(s),1,/tags/Imaizumi%20Kagerou%20*a*%20Original%20Character(s),r
Komeiji Satori & Saigyouji Yuyuko,1,/tags/Komeiji%20Satori%20*a*%20Saigyouji%20Yuyuko,r
Kijin Seija & Original Female Character(s),1,/tags/Kijin%20Seija%20*a*%20Original%20Female%20Character(s),r
Hata no Kokoro & Komeiji Koishi,1,/tags/Hata%20no%20Kokoro%20*a*%20Komeiji%20Koishi,r
Shameimaru Aya & Original Female Character(s),1,/tags/Shameimaru%20Aya%20*a*%20Original%20Female%20Character(s),r
Iizunamaru Megumu/Tamatsukuri Misumaru,1,/tags/Iizunamaru%20Megumu*s*Tamatsukuri%20Misumaru,r
Motoori Kosuzu & Shameimaru Aya,1,/tags/Motoori%20Kosuzu%20*a*%20Shameimaru%20Aya,r
Kawashiro Nitori/Yamashiro Takane,2,/tags/Kawashiro%20Nitori*s*Yamashiro%20Takane,r
Ellen (Touhou Project)/Original Female Character(s),0,/tags/Ellen%20(Touhou%20Project)*s*Original%20Female%20Character(s),r
Ellen (Touhou Project) & Original Female Character(s),0,/tags/Ellen%20(Touhou%20Project)%20*a*%20Original%20Female%20Character(s),r
Hakurei Reimu & Usami Sumireko,2,/tags/Hakurei%20Reimu%20*a*%20Usami%20Sumireko,r
Dazai Osamu (Bungou Stray Dogs) & Komeiji Koishi,0,/tags/Dazai%20Osamu%20(Bungou%20Stray%20Dogs)%20*a*%20Komeiji%20Koishi,r
Usami Sumireko/Original Character(s),1,/tags/Usami%20Sumireko*s*Original%20Character(s),r
Horikawa Raiko/Tsukumo Benben/Tsukumo Yatsuhashi,1,/tags/Horikawa%20Raiko*s*Tsukumo%20Benben*s*Tsukumo%20Yatsuhashi,r
Chen (Touhou Project)/Original Male Character(s),0,/tags/Chen%20(Touhou%20Project)*s*Original%20Male%20Character(s),r
Touhou Gumon Kuju: Symposium of Post-mysticism,0,/tags/Touhou%20Gumon%20Kuju:%20Symposium%20of%20Post-mysticism,f
Lord Tsukuyomi (Touhou Project),2,/tags/Lord%20Tsukuyomi%20(Touhou%20Project),c
Chen/Nazrin (Touhou Project),0,/tags/Chen*s*Nazrin%20(Touhou%20Project),r
Izayoi Sakuya/Original Female Character(s),3,/tags/Izayoi%20Sakuya*s*Original%20Female%20Character(s),r
Izayoi Sakuya/Letty Whiterock,1,/tags/Izayoi%20Sakuya*s*Letty%20Whiterock,r
Hakurei Reimu/Original Male Character(s),0,/tags/Hakurei%20Reimu*s*Original%20Male%20Character(s),r
Himemushi Momoyo & Tenkyuu Chimata,1,/tags/Himemushi%20Momoyo%20*a*%20Tenkyuu%20Chimata,r
Ibuki Suika & Kishin Sagume,1,/tags/Ibuki%20Suika%20*a*%20Kishin%20Sagume,r
Hungry Villager (Touhou Project),1,/tags/Hungry%20Villager%20(Touhou%20Project),c
Konpaku Youmu/Yakumo Ran,1,/tags/Konpaku%20Youmu*s*Yakumo%20Ran,r
Kumoi Ichirin/Reader,1,/tags/Kumoi%20Ichirin*s*Reader,r
Touhou Ship Week 2022,19,/tags/Touhou%20Ship%20Week%202022,f
Komeiji Satori/Yakumo Yukari,1,/tags/Komeiji%20Satori*s*Yakumo%20Yukari,r
Kawashiro Nitori/Miyako Yoshika,1,/tags/Kawashiro%20Nitori*s*Miyako%20Yoshika,r
Kishin Sagume/Yakumo Yukari,1,/tags/Kishin%20Sagume*s*Yakumo%20Yukari,r
Kirisame Marisa/Lyrica Prismriver,1,/tags/Kirisame%20Marisa*s*Lyrica%20Prismriver,r
Kirisame Marisa/Merlin Prismriver,1,/tags/Kirisame%20Marisa*s*Merlin%20Prismriver,r
Kirisame Marisa/Lunasa Prismriver,1,/tags/Kirisame%20Marisa*s*Lunasa%20Prismriver,r
Hakurei Reimu/Patchouli Knowledge,2,/tags/Hakurei%20Reimu*s*Patchouli%20Knowledge,r
Haniyasushin Keiki/Tenkyuu Chimata,2,/tags/Haniyasushin%20Keiki*s*Tenkyuu%20Chimata,r
Inubashiri Momiji/Kurokoma Saki,1,/tags/Inubashiri%20Momiji*s*Kurokoma%20Saki,r
Komeiji Satori/Kurodani Yamame,1,/tags/Komeiji%20Satori*s*Kurodani%20Yamame,r
Hakurei Reimu/Saigyouji Yuyuko,2,/tags/Hakurei%20Reimu*s*Saigyouji%20Yuyuko,r
Aki Shizuha/Letty Whiterock,4,/tags/Aki%20Shizuha*s*Letty%20Whiterock,r
Merlin Prismriver/Tatara Kogasa,1,/tags/Merlin%20Prismriver*s*Tatara%20Kogasa,r
Hakurei Reimu/Wriggle Nightbug,1,/tags/Hakurei%20Reimu*s*Wriggle%20Nightbug,r
Cirno/Kirisame Marisa,1,/tags/Cirno*s*Kirisame%20Marisa,r
Aki Shizuha & Hieda no Akyuu,0,/tags/Aki%20Shizuha%20*a*%20Hieda%20no%20Akyuu,r
Futatsuiwa Mamizou & Tatara Kogasa,1,/tags/Futatsuiwa%20Mamizou%20*a*%20Tatara%20Kogasa,r
Kijin Seija/Murasa Minamitsu,2,/tags/Kijin%20Seija*s*Murasa%20Minamitsu,r
Midoriya Izuku/Reiuji Utsuho,1,/tags/Midoriya%20Izuku*s*Reiuji%20Utsuho,r
Toramaru Shou/Yakumo Ran,0,/tags/Toramaru%20Shou*s*Yakumo%20Ran,r
Kotohime/Alice Margatroid,0,/tags/Kotohime*s*Alice%20Margatroid,r
Mystia Lorelei & Original Character(s),2,/tags/Mystia%20Lorelei%20*a*%20Original%20Character(s),r
Chang'e/Junko (Touhou Project),1,/tags/Chang'e*s*Junko%20(Touhou%20Project),r
Komeiji Koishi & Kurumi,0,/tags/Komeiji%20Koishi%20*a*%20Kurumi,r
Fujiwara No Mokou/Fujiwara No Mokou,0,/tags/Fujiwara%20No%20Mokou*s*Fujiwara%20No%20Mokou,r
Kirisame Marisa/Yatadera Narumi,3,/tags/Kirisame%20Marisa*s*Yatadera%20Narumi,r
Houraisan Kaguya/Yasaka Kanako,0,/tags/Houraisan%20Kaguya*s*Yasaka%20Kanako,r
Yorigami Jo'on/Original Character(s),0,/tags/Yorigami%20Jo'on*s*Original%20Character(s),r
Daiyousei & Koakuma (Touhou Project),0,/tags/Daiyousei%20*a*%20Koakuma%20(Touhou%20Project),r
Cirno/Shameimaru Aya,0,/tags/Cirno*s*Shameimaru%20Aya,r
Izayoi Sakuya/Shameimaru Aya,0,/tags/Izayoi%20Sakuya*s*Shameimaru%20Aya,r
Futatsuiwa Mamizou/Yorigami Jo'on,0,/tags/Futatsuiwa%20Mamizou*s*Yorigami%20Jo'on,r
Yakumo Yukari/Other(s),0,/tags/Yakumo%20Yukari*s*Other(s),r
Luna Child & Usami Sumireko,0,/tags/Luna%20Child%20*a*%20Usami%20Sumireko,r
Asakura Rikako & Rika,0,/tags/Asakura%20Rikako%20*a*%20Rika,r
Cirno/Hakurei Reimu,1,/tags/Cirno*s*Hakurei%20Reimu,r
Iizunamaru Megumu/Shameimaru Aya,2,/tags/Iizunamaru%20Megumu*s*Shameimaru%20Aya,r
Kijin Seija & Kishin Sagume,0,/tags/Kijin%20Seija%20*a*%20Kishin%20Sagume,r
Hong Meiling/Kirisame Marisa,0,/tags/Hong%20Meiling*s*Kirisame%20Marisa,r
Cirno/Izayoi Sakuya,0,/tags/Cirno*s*Izayoi%20Sakuya,r
Kirisame Marisa/Koakuma,0,/tags/Kirisame%20Marisa*s*Koakuma,r
Hakurei Reimu/Other(s),0,/tags/Hakurei%20Reimu*s*Other(s),r
Maribel Hearn & Yakumo Yukari,0,/tags/Maribel%20Hearn%20*a*%20Yakumo%20Yukari,r
Wriggle Nightbug/Yakumo Yukari,0,/tags/Wriggle%20Nightbug*s*Yakumo%20Yukari,r
Kikuri/YuugenMagan (Touhou Project),0,/tags/Kikuri*s*YuugenMagan%20(Touhou%20Project),r
Inaba Tewi/Izayoi Sakuya,0,/tags/Inaba%20Tewi*s*Izayoi%20Sakuya,r
Kamishirasawa Keine/Izayoi Sakuya,0,/tags/Kamishirasawa%20Keine*s*Izayoi%20Sakuya,r
Hakurei Reimu/Rumia,0,/tags/Hakurei%20Reimu*s*Rumia,r
Daiyousei/Hakurei Reimu,0,/tags/Daiyousei*s*Hakurei%20Reimu,r
Hecatia Lapislazuli/Horikawa Raiko,0,/tags/Hecatia%20Lapislazuli*s*Horikawa%20Raiko,r
Flandre Scarlet & Rumia,0,/tags/Flandre%20Scarlet%20*a*%20Rumia,r
Inaba Tewi/Remilia Scarlet,0,/tags/Inaba%20Tewi*s*Remilia%20Scarlet,r
Flandre Scarlet & Other(s),1,/tags/Flandre%20Scarlet%20*a*%20Other(s),r
Chen/Hakurei Reimu,0,/tags/Chen*s*Hakurei%20Reimu,r
Hecatia Lapislazuli & Original Male Character(s),0,/tags/Hecatia%20Lapislazuli%20*a*%20Original%20Male%20Character(s),r
Junko (Touhou Project) & Original Male Character(s),0,/tags/Junko%20(Touhou%20Project)%20*a*%20Original%20Male%20Character(s),r
Hakurei Reimu & Tatara Kogasa,0,/tags/Hakurei%20Reimu%20*a*%20Tatara%20Kogasa,r
Hieda no Akyuu & Sekibanki,0,/tags/Hieda%20no%20Akyuu%20*a*%20Sekibanki,r
Houraisan Kaguya/Imaizumi Kagerou,0,/tags/Houraisan%20Kaguya*s*Imaizumi%20Kagerou,r
Kirisame Marisa/Komeiji Satori,0,/tags/Kirisame%20Marisa*s*Komeiji%20Satori,r
Kirisame Marisa/Komeiji Koishi,3,/tags/Kirisame%20Marisa*s*Komeiji%20Koishi,r
Horikawa Raiko & Lunasa Prismriver & Lyrica Prismriver & Merlin Prismriver,0,/tags/Horikawa%20Raiko%20*a*%20Lunasa%20Prismriver%20*a*%20Lyrica%20Prismriver%20*a*%20Merlin%20Prismriver,r
Ibaraki Kasen/You,0,/tags/Ibaraki%20Kasen*s*You,r
Usami Sumireko/Original Female Character(s),0,/tags/Usami%20Sumireko*s*Original%20Female%20Character(s),r
Gehrman & Moon Presence (Bloodborne),0,/tags/Gehrman%20*a*%20Moon%20Presence%20(Bloodborne),r
Hakurei Reimu & Rick Sanchez (Rick and Morty),0,/tags/Hakurei%20Reimu%20*a*%20Rick%20Sanchez%20(Rick%20and%20Morty),r
Horikawa Raiko/Tenkyuu Chimata,0,/tags/Horikawa%20Raiko*s*Tenkyuu%20Chimata,r
Flynn | Protagonist (Shin Megami Tensei IV)/Kaenbyou Rin,0,/tags/Flynn%20%7C%20Protagonist%20(Shin%20Megami%20Tensei%20IV)*s*Kaenbyou%20Rin,r
Egypt (Hetalia)/Yakumo Yukari,0,/tags/Egypt%20(Hetalia)*s*Yakumo%20Yukari,r
Chen/Kirisame Marisa,0,/tags/Chen*s*Kirisame%20Marisa,r
Kicchou Yachie/Toutetsu Yuuma,1,/tags/Kicchou%20Yachie*s*Toutetsu%20Yuuma,r
Kochiya Sanae & Reader,1,/tags/Kochiya%20Sanae%20*a*%20Reader,r
Himemushi Momoyo/Tenkyuu Chimata,2,/tags/Himemushi%20Momoyo*s*Tenkyuu%20Chimata,r
Yatagarasu (Touhou Project),1,/tags/Yatagarasu%20(Touhou%20Project),c
Kaku Seiga/Shiki Eiki,1,/tags/Kaku%20Seiga*s*Shiki%20Eiki,r
Touhou Hisouten: Scarlet Weather Rhapsody,1,/tags/Touhou%20Hisouten:%20Scarlet%20Weather%20Rhapsody,f
Izayoi Sakuya/Patchouli Knowledge,1,/tags/Izayoi%20Sakuya*s*Patchouli%20Knowledge,r
Hieda no Akyuu/Kazami Yuuka,2,/tags/Hieda%20no%20Akyuu*s*Kazami%20Yuuka,r
Imaizumi Kagerou & Morichika Rinnosuke,1,/tags/Imaizumi%20Kagerou%20*a*%20Morichika%20Rinnosuke,r
Touhou Bougetsushou: Silent Sinner in Blue,1,/tags/Touhou%20Bougetsushou:%20Silent%20Sinner%20in%20Blue,f
Reisen Udongein Inaba/Inaba Tewi,1,/tags/Reisen%20Udongein%20Inaba*s*Inaba%20Tewi,r
Inaba Tewi & Kawashiro Nitori,1,/tags/Inaba%20Tewi%20*a*%20Kawashiro%20Nitori,r
Imaizumi Kagerou & Wakasagihime,1,/tags/Imaizumi%20Kagerou%20*a*%20Wakasagihime,r
Enmu (Kimetsu no Yaiba) & Doremy Sweet,1,/tags/Enmu%20(Kimetsu%20no%20Yaiba)%20*a*%20Doremy%20Sweet,r
Komakusa Sannyo/Reader,1,/tags/Komakusa%20Sannyo*s*Reader,r
Hinanawi Tenshi & Wriggle Nightbug,1,/tags/Hinanawi%20Tenshi%20*a*%20Wriggle%20Nightbug,r
Ibaraki Kasen/Sonic the Hedgehog,3,/tags/Ibaraki%20Kasen*s*Sonic%20the%20Hedgehog,r
Kazami Yuuka/Medicine Melancholy,1,/tags/Kazami%20Yuuka*s*Medicine%20Melancholy,r
Houraisan Kaguya/Kochiya Sanae,1,/tags/Houraisan%20Kaguya*s*Kochiya%20Sanae,r
Hakurei Reimu/Onozuka Komachi,1,/tags/Hakurei%20Reimu*s*Onozuka%20Komachi,r
Kirisame Marisa/Onozuka Komachi,1,/tags/Kirisame%20Marisa*s*Onozuka%20Komachi,r
Doctor Livingstill (Live a Live)/Yagokoro Eirin,0,/tags/Doctor%20Livingstill%20(Live%20a%20Live)*s*Yagokoro%20Eirin,r
Hakurei Reimu/Shiki Eiki,1,/tags/Hakurei%20Reimu*s*Shiki%20Eiki,r
Kirisame Marisa/Shiki Eiki,1,/tags/Kirisame%20Marisa*s*Shiki%20Eiki,r
Saigyouji Yuyuko/Saigyouji Yuyuko,1,/tags/Saigyouji%20Yuyuko*s*Saigyouji%20Yuyuko,r
Kirisame Marisa & Doremy Sweet,1,/tags/Kirisame%20Marisa%20*a*%20Doremy%20Sweet,r
Ibuki Suika/Other(s),0,/tags/Ibuki%20Suika*s*Other(s),r
Alice Margatroid/Morichika Rinnosuke,0,/tags/Alice%20Margatroid*s*Morichika%20Rinnosuke,r
Chen/Rumia (Touhou Project),0,/tags/Chen*s*Rumia%20(Touhou%20Project),r
Cirno (Touhou Project) & Original Male Character(s),0,/tags/Cirno%20(Touhou%20Project)%20*a*%20Original%20Male%20Character(s),r
Clownpiece/Daiyousei (Touhou Project),0,/tags/Clownpiece*s*Daiyousei%20(Touhou%20Project),r
Mizuhashi Parsee/Flandre Scarlet,0,/tags/Mizuhashi%20Parsee*s*Flandre%20Scarlet,r
Aki Shizuha/Hakurei Reimu,0,/tags/Aki%20Shizuha*s*Hakurei%20Reimu,r
Hakurei Reimu/Hoshiguma Yuugi/Kirisame Marisa,0,/tags/Hakurei%20Reimu*s*Hoshiguma%20Yuugi*s*Kirisame%20Marisa,r
Hakurei Reimu/Kumoi Ichirin/Unzan,0,/tags/Hakurei%20Reimu*s*Kumoi%20Ichirin*s*Unzan,r
Fujiwara no Mokou & Himemushi Momoyo,0,/tags/Fujiwara%20no%20Mokou%20*a*%20Himemushi%20Momoyo,r
Hakurei Reimu/Hinanawi Tenshi,0,/tags/Hakurei%20Reimu*s*Hinanawi%20Tenshi,r
Hinanawi Tenshi & Ibaraki Kasen,0,/tags/Hinanawi%20Tenshi%20*a*%20Ibaraki%20Kasen,r
Ibaraki Kasen/Original Character(s),0,/tags/Ibaraki%20Kasen*s*Original%20Character(s),r
Ibaraki Kasen/Kochiya Sanae,0,/tags/Ibaraki%20Kasen*s*Kochiya%20Sanae,r
Fujiwara no Mokou & Iizunamaru Megumu,0,/tags/Fujiwara%20no%20Mokou%20*a*%20Iizunamaru%20Megumu,r
Mononobe no Futo/Soga no Tojiko/Toyosayomimi no Miko,0,/tags/Mononobe%20no%20Futo*s*Soga%20no%20Tojiko*s*Toyosayomimi%20no%20Miko,r
Imaizumi Kagerou/Inaba Tewi,0,/tags/Imaizumi%20Kagerou*s*Inaba%20Tewi,r
Miyadeguchi Mizuchi & Original Character(s),0,/tags/Miyadeguchi%20Mizuchi%20*a*%20Original%20Character(s),r
Shiki Eiki & Original Character(s),0,/tags/Shiki%20Eiki%20*a*%20Original%20Character(s),r
Kaenbyou Rin & Kurumi,0,/tags/Kaenbyou%20Rin%20*a*%20Kurumi,r
Kaenbyou Rin/Komeiji Koishi/Komeiji Satori/Reiuji Utsuho,0,/tags/Kaenbyou%20Rin*s*Komeiji%20Koishi*s*Komeiji%20Satori*s*Reiuji%20Utsuho,r
Cirno/Kazami Yuuka,0,/tags/Cirno*s*Kazami%20Yuuka,r
Kazami Yuuka/Lily White,0,/tags/Kazami%20Yuuka*s*Lily%20White,r
Himekaidou Hatate & Original Character(s),0,/tags/Himekaidou%20Hatate%20*a*%20Original%20Character(s),r
Kirisame Marisa/Patchouli Knowledge/Flandre Scarlet,0,/tags/Kirisame%20Marisa*s*Patchouli%20Knowledge*s*Flandre%20Scarlet,r
Hata no Kokoro/Kirisame Marisa,0,/tags/Hata%20no%20Kokoro*s*Kirisame%20Marisa,r
Houraisan Kaguya/Kirisame Marisa,0,/tags/Houraisan%20Kaguya*s*Kirisame%20Marisa,r
Iizunamaru Megumu/Kirisame Marisa,0,/tags/Iizunamaru%20Megumu*s*Kirisame%20Marisa,r
Imaizumi Kagerou/Kirisame Marisa,0,/tags/Imaizumi%20Kagerou*s*Kirisame%20Marisa,r
Kagiyama Hina/Kirisame Marisa,0,/tags/Kagiyama%20Hina*s*Kirisame%20Marisa,r
Kirisame Marisa/Nazrin,0,/tags/Kirisame%20Marisa*s*Nazrin,r
Kirisame Marisa/Moriya Suwako/Yasaka Kanako,0,/tags/Kirisame%20Marisa*s*Moriya%20Suwako*s*Yasaka%20Kanako,r
Hijiri Byakuren/Kochiya Sanae,0,/tags/Hijiri%20Byakuren*s*Kochiya%20Sanae,r
Kochiya Sanae/Nazrin/Toramaru Shou,0,/tags/Kochiya%20Sanae*s*Nazrin*s*Toramaru%20Shou,r
Tatara Kogasa/Original Character(s),0,/tags/Tatara%20Kogasa*s*Original%20Character(s),r
Hakurei Reimu/Komeiji Koishi,0,/tags/Hakurei%20Reimu*s*Komeiji%20Koishi,r
Flandre Scarlet & Original Character(s),0,/tags/Flandre%20Scarlet%20*a*%20Original%20Character(s),r
Iizunamaru Megumu/Komakusa Sannyo,0,/tags/Iizunamaru%20Megumu*s*Komakusa%20Sannyo,r
Luna Child & Komeiji Koishi & Sunny Milk & Star Sapphire,0,/tags/Luna%20Child%20*a*%20Komeiji%20Koishi%20*a*%20Sunny%20Milk%20*a*%20Star%20Sapphire,r
Komeiji Koishi/Yakumo Yukari,0,/tags/Komeiji%20Koishi*s*Yakumo%20Yukari,r
Sokrates (Touhou Project),1,/tags/Sokrates%20(Touhou%20Project),c
Lord Nai (Touhou Project),0,/tags/Lord%20Nai%20(Touhou%20Project),c
Konngara & Sariel (Touhou Project),0,/tags/Konngara%20*a*%20Sariel%20(Touhou%20Project),r
Kurokoma Saki/Original Character(s),0,/tags/Kurokoma%20Saki*s*Original%20Character(s),r
Kasodani Kyouko/Original Character(s),0,/tags/Kasodani%20Kyouko*s*Original%20Character(s),r
Imaizumi Kagerou & Letty Whiterock,0,/tags/Imaizumi%20Kagerou%20*a*%20Letty%20Whiterock,r
Imaizumi Kagerou & Mizuhashi Parsee & Letty Whiterock,0,/tags/Imaizumi%20Kagerou%20*a*%20Mizuhashi%20Parsee%20*a*%20Letty%20Whiterock,r
Mizuhashi Parsee & Letty Whiterock,0,/tags/Mizuhashi%20Parsee%20*a*%20Letty%20Whiterock,r
Mystia Lorelei/Lyrica Prismriver,0,/tags/Mystia%20Lorelei*s*Lyrica%20Prismriver,r
Cirno & Mima (Touhou Project),0,/tags/Cirno%20*a*%20Mima%20(Touhou%20Project),r
Mizuhashi Parsee/Tatara Kogasa,0,/tags/Mizuhashi%20Parsee*s*Tatara%20Kogasa,r
Kumoi Ichirin & Murasa Minamitsu & Toramaru Shou,0,/tags/Kumoi%20Ichirin%20*a*%20Murasa%20Minamitsu%20*a*%20Toramaru%20Shou,r
Komakusa Sannyo & Original Character(s),0,/tags/Komakusa%20Sannyo%20*a*%20Original%20Character(s),r
Sakata Nemuno & Original Character(s),0,/tags/Sakata%20Nemuno%20*a*%20Original%20Character(s),r
Komeiji Satori/Niwatari Kutaka,0,/tags/Komeiji%20Satori*s*Niwatari%20Kutaka,r
Miyadeguchi Mizuchi/Niwatari Kutaka,0,/tags/Miyadeguchi%20Mizuchi*s*Niwatari%20Kutaka,r
Touhou Project Ensemble/Original Character(s),0,/tags/Touhou%20Project%20Ensemble*s*Original%20Character(s),r
Junko (Touhou Project) & Original Character(s),0,/tags/Junko%20(Touhou%20Project)%20*a*%20Original%20Character(s),r
Tenkyuu Chimata & Original Character(s),0,/tags/Tenkyuu%20Chimata%20*a*%20Original%20Character(s),r
Tenkyuu Chimata/Original Character(s),0,/tags/Tenkyuu%20Chimata*s*Original%20Character(s),r
Houraisan Kaguya/Reisen Udongein Inaba/Kochiya Sanae,0,/tags/Houraisan%20Kaguya*s*Reisen%20Udongein%20Inaba*s*Kochiya%20Sanae,r
Hakurei Reimu & Remilia Scarlet,0,/tags/Hakurei%20Reimu%20*a*%20Remilia%20Scarlet,r
Kamishirasawa Keine/Remilia Scarlet,0,/tags/Kamishirasawa%20Keine*s*Remilia%20Scarlet,r
Luna Child/Remilia Scarlet,0,/tags/Luna%20Child*s*Remilia%20Scarlet,r
Kirisame Marisa/Rumia,0,/tags/Kirisame%20Marisa*s*Rumia,r
Chang'e (Touhou Project) & Original Character(s),0,/tags/Chang'e%20(Touhou%20Project)%20*a*%20Original%20Character(s),r
Reisen Udongein Inaba & Original Character(s),0,/tags/Reisen%20Udongein%20Inaba%20*a*%20Original%20Character(s),r
Mentioned Touhou Project Ensemble,0,/tags/Mentioned%20Touhou%20Project%20Ensemble,f
Cirno Day (Touhou),0,/tags/Cirno%20Day%20(Touhou),f
Custom Spell Cards (Touhou),2,/tags/Custom%20Spell%20Cards%20(Touhou),f
Embodiment of Scarlet Devil Anniversary | EoSDay,0,/tags/Embodiment%20of%20Scarlet%20Devil%20Anniversary%20%7C%20EoSDay,f
Gensokyo (Touhou),2,/tags/Gensokyo%20(Touhou),f
Hifuu Club | Secret Sealing Club (Touhou),0,/tags/Hifuu%20Club%20%7C%20Secret%20Sealing%20Club%20(Touhou),f
Alternate Universe - Touhou Project Fusion,0,/tags/Alternate%20Universe%20-%20Touhou%20Project%20Fusion,f
Album: Hourai Doll ~ Dolls in Pseudo Paradise (Touhou),0,/tags/Album:%20Hourai%20Doll%20~%20Dolls%20in%20Pseudo%20Paradise%20(Touhou),f
Post-Legacy of Lunatic Kingdom (Touhou),0,/tags/Post-Legacy%20of%20Lunatic%20Kingdom%20(Touhou),f
Kijin Seija/Satsuki Rin,0,/tags/Kijin%20Seija*s*Satsuki%20Rin,r
Rumia/Satsuki Rin,0,/tags/Rumia*s*Satsuki%20Rin,r
Himemushi Momoyo & Original Character(s),0,/tags/Himemushi%20Momoyo%20*a*%20Original%20Character(s),r
Iizunamaru Megumu & Original Character(s),0,/tags/Iizunamaru%20Megumu%20*a*%20Original%20Character(s),r
Dolls in Pseudo Paradise Label Girl/Shinki (Touhou Project),0,/tags/Dolls%20in%20Pseudo%20Paradise%20Label%20Girl*s*Shinki%20(Touhou%20Project),r
Alice Margatroid & Original Character(s),0,/tags/Alice%20Margatroid%20*a*%20Original%20Character(s),r
Flandre Scarlet/Tatara Kogasa,0,/tags/Flandre%20Scarlet*s*Tatara%20Kogasa,r
Tenkyuu Chimata/Original Male Character(s),0,/tags/Tenkyuu%20Chimata*s*Original%20Male%20Character(s),r
Kurokoma Saki/Toyosatomimi no Miko,0,/tags/Kurokoma%20Saki*s*Toyosatomimi%20no%20Miko,r
Toyosatomimi no Miko/Original Character(s),0,/tags/Toyosatomimi%20no%20Miko*s*Original%20Character(s),r
Haniyasushin Keiki/Yagokoro Eirin,0,/tags/Haniyasushin%20Keiki*s*Yagokoro%20Eirin,r
Cirno/Yakumo Yukari,0,/tags/Cirno*s*Yakumo%20Yukari,r
Matara Okina/Shameimaru Aya/Yorigami Jo'on,0,/tags/Matara%20Okina*s*Shameimaru%20Aya*s*Yorigami%20Jo'on,r
Song: Bad Apple!! (Alstroemeria Records ft. nomico),0,/tags/Song:%20Bad%20Apple!!%20(Alstroemeria%20Records%20ft*d*%20nomico),f
Mentioned Hakurei Reimu,0,/tags/Mentioned%20Hakurei%20Reimu,f
Hecatia Lapislazuli's Three Bodies,0,/tags/Hecatia%20Lapislazuli's%20Three%20Bodies,f
Author Has Never Played Touhou Project,0,/tags/Author%20Has%20Never%20Played%20Touhou%20Project,f
Hakurei Reimu/Pocky (Pocky & Rocky),0,/tags/Hakurei%20Reimu*s*Pocky%20(Pocky%20*a*%20Rocky),r
Gregory (Five Nights at Freddy's) & Junko (Touhou Project),0,/tags/Gregory%20(Five%20Nights%20at%20Freddy's)%20*a*%20Junko%20(Touhou%20Project),r
Junko (Touhou Project)/Sonic the Hedgehog,1,/tags/Junko%20(Touhou%20Project)*s*Sonic%20the%20Hedgehog,r
Reisen Udongein Inaba/Sonic the Hedgehog,0,/tags/Reisen%20Udongein%20Inaba*s*Sonic%20the%20Hedgehog,r
