tag,count,href,category
Lime & Purple (Among Us),7,/tags/Lime%20*a*%20Purple%20(Among%20Us),r
Blue/Brown/Cyan (Among Us),0,/tags/Blue*s*Brown*s*Cyan%20(Among%20Us),r
Black/Lime (Among Us),13,/tags/Black*s*Lime%20(Among%20Us),r
Black & Yellow (Among Us),9,/tags/Black%20*a*%20Yellow%20(Among%20Us),r
Black/Purple (Among Us),28,/tags/Black*s*Purple%20(Among%20Us),r
Green/Impostor (Among Us),2,/tags/Green*s*Impostor%20(Among%20Us),r
Lime & Yellow (Among Us),12,/tags/Lime%20*a*%20Yellow%20(Among%20Us),r
Orange/Pink/Yellow (Among Us),1,/tags/Orange*s*Pink*s*Yellow%20(Among%20Us),r
Orange/Purple/Yellow (Among Us),1,/tags/Orange*s*Purple*s*Yellow%20(Among%20Us),r
Pink/Purple/Yellow (Among Us),3,/tags/Pink*s*Purple*s*Yellow%20(Among%20Us),r
Orange/Pink/Purple (Among Us),1,/tags/Orange*s*Pink*s*Purple%20(Among%20Us),r
Orange/Pink/Purple/Yellow (Among Us),1,/tags/Orange*s*Pink*s*Purple*s*Yellow%20(Among%20Us),r
Brown & Purple (Among Us),2,/tags/Brown%20*a*%20Purple%20(Among%20Us),r
Among Us References,137,/tags/Among%20Us%20References,f
Purple & Red (Among Us),6,/tags/Purple%20*a*%20Red%20(Among%20Us),r
Lime/Pink (Among Us),10,/tags/Lime*s*Pink%20(Among%20Us),r
Cyan & Pink (Among Us),8,/tags/Cyan%20*a*%20Pink%20(Among%20Us),r
Orange & Yellow (Among Us),7,/tags/Orange%20*a*%20Yellow%20(Among%20Us),r
Green & Yellow (Among Us),3,/tags/Green%20*a*%20Yellow%20(Among%20Us),r
Blue/White (Among Us),14,/tags/Blue*s*White%20(Among%20Us),r
White & Yellow (Among Us),3,/tags/White%20*a*%20Yellow%20(Among%20Us),r
Cyan & Purple (Among Us),10,/tags/Cyan%20*a*%20Purple%20(Among%20Us),r
Brown/Purple (Among Us),9,/tags/Brown*s*Purple%20(Among%20Us),r
Brown & Yellow (Among Us),1,/tags/Brown%20*a*%20Yellow%20(Among%20Us),r
Brown/Yellow (Among Us),4,/tags/Brown*s*Yellow%20(Among%20Us),r
Black/Yellow (Among Us),18,/tags/Black*s*Yellow%20(Among%20Us),r
Impostor Cyan (Among Us),14,/tags/Impostor%20Cyan%20(Among%20Us),f
Orange/Red (Among Us),2,/tags/Orange*s*Red%20(Among%20Us),r
Pink & Yellow (Among Us),2,/tags/Pink%20*a*%20Yellow%20(Among%20Us),r
Cyan & Red (Among Us),10,/tags/Cyan%20*a*%20Red%20(Among%20Us),r
Orange & Pink (Among Us),3,/tags/Orange%20*a*%20Pink%20(Among%20Us),r
Black & Green (Among Us),5,/tags/Black%20*a*%20Green%20(Among%20Us),r
Crewmate/Impostor/Impostor (Among Us),17,/tags/Crewmate*s*Impostor*s*Impostor%20(Among%20Us),r
Blue (Among Us)/Original Male Character(s),1,/tags/Blue%20(Among%20Us)*s*Original%20Male%20Character(s),r
Impostor (Among Us)/Original Human Character(s),6,/tags/Impostor%20(Among%20Us)*s*Original%20Human%20Character(s),r
Brown/White/Yellow (Among Us),0,/tags/Brown*s*White*s*Yellow%20(Among%20Us),r
Pink/Purple/Red (Among Us),1,/tags/Pink*s*Purple*s*Red%20(Among%20Us),r
Black/Orange/Pink (Among Us),2,/tags/Black*s*Orange*s*Pink%20(Among%20Us),r
Black/Blue/Red (Among Us),2,/tags/Black*s*Blue*s*Red%20(Among%20Us),r
Black/Blue/Pink (Among Us),0,/tags/Black*s*Blue*s*Pink%20(Among%20Us),r
POV Impostor (Among Us),31,/tags/POV%20Impostor%20(Among%20Us),f
Based on an Among Us Game,23,/tags/Based%20on%20an%20Among%20Us%20Game,f
Impostor Red (Among Us),42,/tags/Impostor%20Red%20(Among%20Us),f
Impostor & Impostor (Among Us),23,/tags/Impostor%20*a*%20Impostor%20(Among%20Us),r
Human Impostor(s) (Among Us),95,/tags/Human%20Impostor(s)%20(Among%20Us),f
Cyan & Orange (Among Us),5,/tags/Cyan%20*a*%20Orange%20(Among%20Us),r
Pink & White (Among Us),5,/tags/Pink%20*a*%20White%20(Among%20Us),r
Impostor (Among Us)/Reader,8,/tags/Impostor%20(Among%20Us)*s*Reader,r
Cyan (Among Us)/Reader,0,/tags/Cyan%20(Among%20Us)*s*Reader,r
Impostor Blue (Among Us),13,/tags/Impostor%20Blue%20(Among%20Us),f
Impostor Black (Among Us),35,/tags/Impostor%20Black%20(Among%20Us),f
Impostor Yellow (Among Us),10,/tags/Impostor%20Yellow%20(Among%20Us),f
Two Impostors (Among Us),53,/tags/Two%20Impostors%20(Among%20Us),f
Suspicious Red (Among Us),40,/tags/Suspicious%20Red%20(Among%20Us),f
Orange & White (Among Us),2,/tags/Orange%20*a*%20White%20(Among%20Us),r
Crewmate & Crewmate (Among Us),34,/tags/Crewmate%20*a*%20Crewmate%20(Among%20Us),r
Black/Brown (Among Us),6,/tags/Black*s*Brown%20(Among%20Us),r
Impostor & Mini Crewmate (Among Us),15,/tags/Impostor%20*a*%20Mini%20Crewmate%20(Among%20Us),r
Mini Crewmate & White (Among Us),2,/tags/Mini%20Crewmate%20*a*%20White%20(Among%20Us),r
Orange (Among Us)/Undisclosed,0,/tags/Orange%20(Among%20Us)*s*Undisclosed,r
Brown & Orange (Among Us),1,/tags/Brown%20*a*%20Orange%20(Among%20Us),r
Impostor Lime (Among Us),18,/tags/Impostor%20Lime%20(Among%20Us),f
Human Crewmate(s) (Among Us),99,/tags/Human%20Crewmate(s)%20(Among%20Us),f
Cyan/Red/Yellow (Among Us),1,/tags/Cyan*s*Red*s*Yellow%20(Among%20Us),r
Impostor Orange (Among Us),12,/tags/Impostor%20Orange%20(Among%20Us),f
Black/Blue (Among Us),11,/tags/Black*s*Blue%20(Among%20Us),r
Black/Pink/White (Among Us),1,/tags/Black*s*Pink*s*White%20(Among%20Us),r
Crewmate & Yellow (Among Us),0,/tags/Crewmate%20*a*%20Yellow%20(Among%20Us),r
Cyan & Lime (Among Us),8,/tags/Cyan%20*a*%20Lime%20(Among%20Us),r
Black & Brown (Among Us),4,/tags/Black%20*a*%20Brown%20(Among%20Us),r
Impostor Pink (Among Us),16,/tags/Impostor%20Pink%20(Among%20Us),f
Brown/Pink (Among Us),7,/tags/Brown*s*Pink%20(Among%20Us),r
Black/Green (Among Us),7,/tags/Black*s*Green%20(Among%20Us),r
Brown/Pink/Yellow (Among Us),0,/tags/Brown*s*Pink*s*Yellow%20(Among%20Us),r
Brown/Lime (Among Us),3,/tags/Brown*s*Lime%20(Among%20Us),r
Green/Lime/Orange (Among Us),2,/tags/Green*s*Lime*s*Orange%20(Among%20Us),r
Cyan/Green (Among Us),3,/tags/Cyan*s*Green%20(Among%20Us),r
Cyan/Green/Red (Among Us),0,/tags/Cyan*s*Green*s*Red%20(Among%20Us),r
Crewmate (Among Us)/Reader,0,/tags/Crewmate%20(Among%20Us)*s*Reader,r
Lime/White (Among Us),8,/tags/Lime*s*White%20(Among%20Us),r
Green & Orange (Among Us),3,/tags/Green%20*a*%20Orange%20(Among%20Us),r
Black & Mini Crewmate (Among Us),4,/tags/Black%20*a*%20Mini%20Crewmate%20(Among%20Us),r
Mini Crewmate & Orange (Among Us),3,/tags/Mini%20Crewmate%20*a*%20Orange%20(Among%20Us),r
Blue & Green (Among Us),6,/tags/Blue%20*a*%20Green%20(Among%20Us),r
Mini Crewmate & Purple (Among Us),4,/tags/Mini%20Crewmate%20*a*%20Purple%20(Among%20Us),r
Lime & Red (Among Us),8,/tags/Lime%20*a*%20Red%20(Among%20Us),r
Blue & White (Among Us),4,/tags/Blue%20*a*%20White%20(Among%20Us),r
Cyan & White (Among Us),5,/tags/Cyan%20*a*%20White%20(Among%20Us),r
Green & Pink (Among Us),3,/tags/Green%20*a*%20Pink%20(Among%20Us),r
Blue/Lime (Among Us),8,/tags/Blue*s*Lime%20(Among%20Us),r
Impostor Green (Among Us),16,/tags/Impostor%20Green%20(Among%20Us),f
Red (Among Us)/Everyone,0,/tags/Red%20(Among%20Us)*s*Everyone,r
Lime/Pink/Red (Among Us),0,/tags/Lime*s*Pink*s*Red%20(Among%20Us),r
Red (Among Us) & Everyone,1,/tags/Red%20(Among%20Us)%20*a*%20Everyone,r
Purple (Among Us)/Reader,0,/tags/Purple%20(Among%20Us)*s*Reader,r
Green & White (Among Us),2,/tags/Green%20*a*%20White%20(Among%20Us),r
Red & White (Among Us),6,/tags/Red%20*a*%20White%20(Among%20Us),r
White (Among Us)/Undisclosed,0,/tags/White%20(Among%20Us)*s*Undisclosed,r
Cyan & Mini Crewmate (Among Us),5,/tags/Cyan%20*a*%20Mini%20Crewmate%20(Among%20Us),r
Alien Crewmate(s) (Among Us),28,/tags/Alien%20Crewmate(s)%20(Among%20Us),f
Crewmate Turned Impostor (Among Us),48,/tags/Crewmate%20Turned%20Impostor%20(Among%20Us),f
Pink & Red (Among Us),8,/tags/Pink%20*a*%20Red%20(Among%20Us),r
Brown & Red (Among Us),2,/tags/Brown%20*a*%20Red%20(Among%20Us),r
Crewmate (Among Us) & Reader,0,/tags/Crewmate%20(Among%20Us)%20*a*%20Reader,r
Cyan & Orange & Pink (Among Us),0,/tags/Cyan%20*a*%20Orange%20*a*%20Pink%20(Among%20Us),r
Lime/Tan/Yellow (Among Us),0,/tags/Lime*s*Tan*s*Yellow%20(Among%20Us),r
Green & Red (Among Us),5,/tags/Green%20*a*%20Red%20(Among%20Us),r
Impostor Purple (Among Us),17,/tags/Impostor%20Purple%20(Among%20Us),f
Crewmate Black (Among Us),16,/tags/Crewmate%20Black%20(Among%20Us),f
Black & Lime (Among Us),4,/tags/Black%20*a*%20Lime%20(Among%20Us),r
Brown/Crewmate (Among Us),2,/tags/Brown*s*Crewmate%20(Among%20Us),r
Green/Lime (Among Us),4,/tags/Green*s*Lime%20(Among%20Us),r
Blue & Cyan (Among Us),1,/tags/Blue%20*a*%20Cyan%20(Among%20Us),r
Impostor White (Among Us),7,/tags/Impostor%20White%20(Among%20Us),f
Blue/Impostor (Among Us),7,/tags/Blue*s*Impostor%20(Among%20Us),r
Brown & White (Among Us),4,/tags/Brown%20*a*%20White%20(Among%20Us),r
Blue (Among Us) & Original Female Character(s),0,/tags/Blue%20(Among%20Us)%20*a*%20Original%20Female%20Character(s),r
Crewmate Yellow (Among Us),9,/tags/Crewmate%20Yellow%20(Among%20Us),f
Orange/White (Among Us),5,/tags/Orange*s*White%20(Among%20Us),r
Blue/Purple/Yellow (Among Us),0,/tags/Blue*s*Purple*s*Yellow%20(Among%20Us),r
Impostor/White (Among Us),0,/tags/Impostor*s*White%20(Among%20Us),r
Among Us Ensemble (Among Us)/You,0,/tags/Among%20Us%20Ensemble%20(Among%20Us)*s*You,r
Suspicious White (Among Us),2,/tags/Suspicious%20White%20(Among%20Us),f
Impostor Brown (Among Us),6,/tags/Impostor%20Brown%20(Among%20Us),f
Black & Orange (Among Us),6,/tags/Black%20*a*%20Orange%20(Among%20Us),r
Crewmate & Mini Crewmate (Among Us),10,/tags/Crewmate%20*a*%20Mini%20Crewmate%20(Among%20Us),r
Purple & White (Among Us),3,/tags/Purple%20*a*%20White%20(Among%20Us),r
Among Us Ensemble & Green (Among Us),0,/tags/Among%20Us%20Ensemble%20*a*%20Green%20(Among%20Us),r
Brown & Pink & Yellow (Among Us),0,/tags/Brown%20*a*%20Pink%20*a*%20Yellow%20(Among%20Us),r
Green & Purple (Among Us),0,/tags/Green%20*a*%20Purple%20(Among%20Us),r
Lime & Pink (Among Us),2,/tags/Lime%20*a*%20Pink%20(Among%20Us),r
Crewmate Orange (Among Us),8,/tags/Crewmate%20Orange%20(Among%20Us),f
Black/Green/Red (Among Us),0,/tags/Black*s*Green*s*Red%20(Among%20Us),r
Brown & Mini Crewmate (Among Us),2,/tags/Brown%20*a*%20Mini%20Crewmate%20(Among%20Us),r
Orange & Purple (Among Us),2,/tags/Orange%20*a*%20Purple%20(Among%20Us),r
Crewmate Purple (Among Us),11,/tags/Crewmate%20Purple%20(Among%20Us),f
Crewmate & Crewmate & Impostor (Among Us),2,/tags/Crewmate%20*a*%20Crewmate%20*a*%20Impostor%20(Among%20Us),r
Brown & Lime & Pink (Among Us),1,/tags/Brown%20*a*%20Lime%20*a*%20Pink%20(Among%20Us),r
Gray (Among Us),39,/tags/Gray%20(Among%20Us),c
Brown/Green/Pink (Among Us),1,/tags/Brown*s*Green*s*Pink%20(Among%20Us),r
Among Us Ensemble (Among Us) & You,1,/tags/Among%20Us%20Ensemble%20(Among%20Us)%20*a*%20You,r
Crewmate (Among Us)/You,3,/tags/Crewmate%20(Among%20Us)*s*You,r
Crewmate Corpse Husband (Video Blogging RPF),4,/tags/Crewmate%20Corpse%20Husband%20(Video%20Blogging%20RPF),f
Black/Pink/Red (Among Us),1,/tags/Black*s*Pink*s*Red%20(Among%20Us),r
Crewmate Cyan (Among Us),2,/tags/Crewmate%20Cyan%20(Among%20Us),f
Red (Among Us)/Reader,2,/tags/Red%20(Among%20Us)*s*Reader,r
Orange (Among Us)/Reader,0,/tags/Orange%20(Among%20Us)*s*Reader,r
Yellow (Among Us)/Reader,0,/tags/Yellow%20(Among%20Us)*s*Reader,r
Green (Among Us)/Reader,0,/tags/Green%20(Among%20Us)*s*Reader,r
Pink (Among Us)/Reader,1,/tags/Pink%20(Among%20Us)*s*Reader,r
Blue (Among Us)/Reader,0,/tags/Blue%20(Among%20Us)*s*Reader,r
White (Among Us)/Reader,0,/tags/White%20(Among%20Us)*s*Reader,r
Black (Among Us)/Reader,0,/tags/Black%20(Among%20Us)*s*Reader,r
Brown (Among Us)/Reader,0,/tags/Brown%20(Among%20Us)*s*Reader,r
Armin Arlert/Cyan (Among Us),0,/tags/Armin%20Arlert*s*Cyan%20(Among%20Us),r
Beast Titan (Shingeki no Kyojin)/Orange (Among Us),0,/tags/Beast%20Titan%20(Shingeki%20no%20Kyojin)*s*Orange%20(Among%20Us),r
The Airship (Among Us),15,/tags/The%20Airship%20(Among%20Us),f
Crewmate/Mini Crewmate (Among Us),1,/tags/Crewmate*s*Mini%20Crewmate%20(Among%20Us),r
Fortegreen (Among Us),12,/tags/Fortegreen%20(Among%20Us),c
Impostor (Among Us)/Tartaglia | Childe (Genshin Impact),0,/tags/Impostor%20(Among%20Us)*s*Tartaglia%20%7C%20Childe%20(Genshin%20Impact),r
Impostor (Among Us)/Mike Morton | Acrobat,0,/tags/Impostor%20(Among%20Us)*s*Mike%20Morton%20%7C%20Acrobat,r
Barry Benson (Bee Movie)/Vanessa Bloome/Crewmate (Among Us)/Ikari Gendou/Mooseblood (Bee Movie),0,/tags/Barry%20Benson%20(Bee%20Movie)*s*Vanessa%20Bloome*s*Crewmate%20(Among%20Us)*s*Ikari%20Gendou*s*Mooseblood%20(Bee%20Movie),r
Black & Pink (Among Us),4,/tags/Black%20*a*%20Pink%20(Among%20Us),r
Coral (Among Us),29,/tags/Coral%20(Among%20Us),c
Banana (Among Us),26,/tags/Banana%20(Among%20Us),c
Crewmate/Crewmate/Impostor (Among Us),3,/tags/Crewmate*s*Crewmate*s*Impostor%20(Among%20Us),r
Coral & White (Among Us),1,/tags/Coral%20*a*%20White%20(Among%20Us),r
Noo-Noo (Teletubbies)/Red (Among Us)/Harry Styles,0,/tags/Noo-Noo%20(Teletubbies)*s*Red%20(Among%20Us)*s*Harry%20Styles,r
Rose (Among Us),27,/tags/Rose%20(Among%20Us),c
Brown (Among Us)/Marvin the Martian (Looney Tunes),0,/tags/Brown%20(Among%20Us)*s*Marvin%20the%20Martian%20(Looney%20Tunes),r
Black (Among Us)/Undisclosed,0,/tags/Black%20(Among%20Us)*s*Undisclosed,r
Blue & Lime (Among Us),1,/tags/Blue%20*a*%20Lime%20(Among%20Us),r
Blue & Brown (Among Us),1,/tags/Blue%20*a*%20Brown%20(Among%20Us),r
Black/Cyan/Red (Among Us),0,/tags/Black*s*Cyan*s*Red%20(Among%20Us),r
Brown & Pink (Among Us),0,/tags/Brown%20*a*%20Pink%20(Among%20Us),r
Lime & Pink & Purple (Among Us),0,/tags/Lime%20*a*%20Pink%20*a*%20Purple%20(Among%20Us),r
Pink (Among Us) & Reader,0,/tags/Pink%20(Among%20Us)%20*a*%20Reader,r
Mini Crewmate & Red (Among Us),0,/tags/Mini%20Crewmate%20*a*%20Red%20(Among%20Us),r
Cyan/Lime/Yellow (Among Us),0,/tags/Cyan*s*Lime*s*Yellow%20(Among%20Us),r
Blue/Cyan/Lime/Red (Among Us),0,/tags/Blue*s*Cyan*s*Lime*s*Red%20(Among%20Us),r
Blue/Orange/Red (Among Us),0,/tags/Blue*s*Orange*s*Red%20(Among%20Us),r
Black/Brown/Yellow (Among Us),0,/tags/Black*s*Brown*s*Yellow%20(Among%20Us),r
Nick Wilde/Red (Among us),1,/tags/Nick%20Wilde*s*Red%20(Among%20us),r
Electrical (Among Us),2,/tags/Electrical%20(Among%20Us),f
Cafeteria (Among Us),4,/tags/Cafeteria%20(Among%20Us),f
Cyan (Among Us)/Judy Hopps,0,/tags/Cyan%20(Among%20Us)*s*Judy%20Hopps,r
Impostor (Among Us)/Reigen Arataka,0,/tags/Impostor%20(Among%20Us)*s*Reigen%20Arataka,r
Black/Red/Yellow (Among Us),0,/tags/Black*s*Red*s*Yellow%20(Among%20Us),r
Imposter Syndrome: An Among Us BNHA Zine,4,/tags/Imposter%20Syndrome:%20An%20Among%20Us%20BNHA%20Zine,f
Banana & Red (Among Us),0,/tags/Banana%20*a*%20Red%20(Among%20Us),r
Banana & Yellow (Among Us),1,/tags/Banana%20*a*%20Yellow%20(Among%20Us),r
Original Among Us Character(s),38,/tags/Original%20Among%20Us%20Character(s),c
Impostor (Among Us)/Original Character(s),3,/tags/Impostor%20(Among%20Us)*s*Original%20Character(s),r
Elohim | God | Allah (Abrahamic Religions)/Impostor (Among Us),0,/tags/Elohim%20%7C%20God%20%7C%20Allah%20(Abrahamic%20Religions)*s*Impostor%20(Among%20Us),r
Cyan (Among Us)/Sonic the Hedgehog,0,/tags/Cyan%20(Among%20Us)*s*Sonic%20the%20Hedgehog,r
Red (Among Us) & Reigen Arataka,0,/tags/Red%20(Among%20Us)%20*a*%20Reigen%20Arataka,r
Black/Gray (Among Us),0,/tags/Black*s*Gray%20(Among%20Us),r
Black/Blue/Pink/Red (Among Us),1,/tags/Black*s*Blue*s*Pink*s*Red%20(Among%20Us),r
Cyan/Purple/Orange (Among Us),0,/tags/Cyan*s*Purple*s*Orange%20(Among%20Us),r
Gray/Purple (Among Us),0,/tags/Gray*s*Purple%20(Among%20Us),r
Red (Among Us)/Original Character(s),0,/tags/Red%20(Among%20Us)*s*Original%20Character(s),r
Blue (Among Us)/Frances Elsner,0,/tags/Blue%20(Among%20Us)*s*Frances%20Elsner,r
Lime/Pink/White (Among Us),0,/tags/Lime*s*Pink*s*White%20(Among%20Us),r
Coral/Red (Among Us),1,/tags/Coral*s*Red%20(Among%20Us),r
Lime/Orange/White (Among Us),0,/tags/Lime*s*Orange*s*White%20(Among%20Us),r
Impostor (Among Us)/Camilo Madrigal,0,/tags/Impostor%20(Among%20Us)*s*Camilo%20Madrigal,r
Impostor Corpse Husband (Video Blogging RPF),2,/tags/Impostor%20Corpse%20Husband%20(Video%20Blogging%20RPF),f
Impostor Sykkuno (Video Blogging RPF),2,/tags/Impostor%20Sykkuno%20(Video%20Blogging%20RPF),f
Impostor 5up (Video Blogging RPF),2,/tags/Impostor%205up%20(Video%20Blogging%20RPF),f
Banana & Red & Yellow (Among Us),0,/tags/Banana%20*a*%20Red%20*a*%20Yellow%20(Among%20Us),r
Imposter (Among Us)/SpongeBob SquarePants,1,/tags/Imposter%20(Among%20Us)*s*SpongeBob%20SquarePants,r
Lime (Among Us)/Everyone,2,/tags/Lime%20(Among%20Us)*s*Everyone,r
Lime & Maroon (Among Us),0,/tags/Lime%20*a*%20Maroon%20(Among%20Us),r
Brown/Tan (Among Us),2,/tags/Brown*s*Tan%20(Among%20Us),r
Coral/Maroon (Among Us),2,/tags/Coral*s*Maroon%20(Among%20Us),r
Impostor (Among Us)/Buster Moon,0,/tags/Impostor%20(Among%20Us)*s*Buster%20Moon,r
Gregory (Five Nights at Freddy's)/Impostor (Among Us),0,/tags/Gregory%20(Five%20Nights%20at%20Freddy's)*s*Impostor%20(Among%20Us),r
Yellow (Among Us) & Everyone,1,/tags/Yellow%20(Among%20Us)%20*a*%20Everyone,r
Impostor Toby Smith | Tubbo,0,/tags/Impostor%20Toby%20Smith%20%7C%20Tubbo,f
Gray/Rose (Among Us),1,/tags/Gray*s*Rose%20(Among%20Us),r
Cyan/Rose (Among Us),2,/tags/Cyan*s*Rose%20(Among%20Us),r
Blue/Coral (Among Us),1,/tags/Blue*s*Coral%20(Among%20Us),r
Banana/Maroon (Among Us),1,/tags/Banana*s*Maroon%20(Among%20Us),r
Impostor (Among Us)/Sans (Undertale),0,/tags/Impostor%20(Among%20Us)*s*Sans%20(Undertale),r
Green (Among Us)/Tom Holland (Actor),0,/tags/Green%20(Among%20Us)*s*Tom%20Holland%20(Actor),r
Blue (Among Us)/Steve (Minecraft),0,/tags/Blue%20(Among%20Us)*s*Steve%20(Minecraft),r
Yellow (Among Us)/Other(s),0,/tags/Yellow%20(Among%20Us)*s*Other(s),r
5up (Video Blogging RPF)/Among Us Ensemble (Among Us),0,/tags/5up%20(Video%20Blogging%20RPF)*s*Among%20Us%20Ensemble%20(Among%20Us),r
Blue (Among Us)/Original Character(s),0,/tags/Blue%20(Among%20Us)*s*Original%20Character(s),r
Shapeshifter/Tan (Among Us),0,/tags/Shapeshifter*s*Tan%20(Among%20Us),r
Crewmate (Among Us)/Other(s),0,/tags/Crewmate%20(Among%20Us)*s*Other(s),r
Shapeshifter (Among Us),7,/tags/Shapeshifter%20(Among%20Us),c
Cyan (Among Us)/Original Character(s),2,/tags/Cyan%20(Among%20Us)*s*Original%20Character(s),r
White (Among Us)/Original Character(s),0,/tags/White%20(Among%20Us)*s*Original%20Character(s),r
Cyan (Among Us)/Other(s),0,/tags/Cyan%20(Among%20Us)*s*Other(s),r
Lime (Among Us)/Original Character(s),0,/tags/Lime%20(Among%20Us)*s*Original%20Character(s),r
Green (Among Us)/Original Character(s),0,/tags/Green%20(Among%20Us)*s*Original%20Character(s),r
Impostor (Among Us)/You,0,/tags/Impostor%20(Among%20Us)*s*You,r
Black (Among Us)/Original Character(s),1,/tags/Black%20(Among%20Us)*s*Original%20Character(s),r
Rose & Yellow (Among Us),2,/tags/Rose%20*a*%20Yellow%20(Among%20Us),r
Red & Rose (Among Us),1,/tags/Red%20*a*%20Rose%20(Among%20Us),r
Red & Rose & Yellow (Among Us),1,/tags/Red%20*a*%20Rose%20*a*%20Yellow%20(Among%20Us),r
Impostor (Among Us)/The Once-ler (The Lorax),0,/tags/Impostor%20(Among%20Us)*s*The%20Once-ler%20(The%20Lorax),r
Among Us Ensemble (Among Us)/The Minions (Despicable Me),0,/tags/Among%20Us%20Ensemble%20(Among%20Us)*s*The%20Minions%20(Despicable%20Me),r
Bushfriend (Among Us),0,/tags/Bushfriend%20(Among%20Us),c
Bedcrab (Among Us),0,/tags/Bedcrab%20(Among%20Us),c
Banana & Black (Among Us),1,/tags/Banana%20*a*%20Black%20(Among%20Us),r
Blue/Cyan/Red (Among Us),0,/tags/Blue*s*Cyan*s*Red%20(Among%20Us),r
Blue/Maroon (Among Us),1,/tags/Blue*s*Maroon%20(Among%20Us),r
Coral/Rose (Among Us),1,/tags/Coral*s*Rose%20(Among%20Us),r
Crewmate (Among Us)/Jesus Christ (Christianity),0,/tags/Crewmate%20(Among%20Us)*s*Jesus%20Christ%20(Christianity),r
Crewmate (Among Us)/Jesus Christ (Christianity)/Sonic the Hedgehog/Reader,0,/tags/Crewmate%20(Among%20Us)*s*Jesus%20Christ%20(Christianity)*s*Sonic%20the%20Hedgehog*s*Reader,r
Brown/Impostor (Among Us),0,/tags/Brown*s*Impostor%20(Among%20Us),r
Impostor (Among Us)/Oma Kokichi,0,/tags/Impostor%20(Among%20Us)*s*Oma%20Kokichi,r
Green (Among Us)/Everyone,0,/tags/Green%20(Among%20Us)*s*Everyone,r
Among Us Horse (Among Us),0,/tags/Among%20Us%20Horse%20(Among%20Us),c
Among Us Horse (Among Us)/Bugs Bunny (Looney Tunes),0,/tags/Among%20Us%20Horse%20(Among%20Us)*s*Bugs%20Bunny%20(Looney%20Tunes),r
Impostors Are Mimics Not Parasites (Among Us),13,/tags/Impostors%20Are%20Mimics%20Not%20Parasites%20(Among%20Us),f
Protective Impostor(s) (Among Us),5,/tags/Protective%20Impostor(s)%20(Among%20Us),f
Crewmate (Among Us)/Monokuma (Dangan Ronpa),1,/tags/Crewmate%20(Among%20Us)*s*Monokuma%20(Dangan%20Ronpa),r
Coral/Olive (Among Us),1,/tags/Coral*s*Olive%20(Among%20Us),r
Olive (Among Us),5,/tags/Olive%20(Among%20Us),c
Gray/Lime (Among Us),0,/tags/Gray*s*Lime%20(Among%20Us),r
Brown & Tan (Among Us),0,/tags/Brown%20*a*%20Tan%20(Among%20Us),r
Blue/Gray (Among Us),1,/tags/Blue*s*Gray%20(Among%20Us),r
Gray/Yellow (Among Us),0,/tags/Gray*s*Yellow%20(Among%20Us),r
Imposter (Among Us)/Barack Obama/Sans (Undertale),0,/tags/Imposter%20(Among%20Us)*s*Barack%20Obama*s*Sans%20(Undertale),r
Crewmate (Among Us) & Wilbur Soot,0,/tags/Crewmate%20(Among%20Us)%20*a*%20Wilbur%20Soot,r
Olive & Red (Among Us),0,/tags/Olive%20*a*%20Red%20(Among%20Us),r
Brown & Olive (Among Us),0,/tags/Brown%20*a*%20Olive%20(Among%20Us),r
Olive & Tan (Among Us),0,/tags/Olive%20*a*%20Tan%20(Among%20Us),r
Impostor TommyInnit (Video Blogging RPF),0,/tags/Impostor%20TommyInnit%20(Video%20Blogging%20RPF),f
Banana/White (Among Us),1,/tags/Banana*s*White%20(Among%20Us),r
Crewmate (Among Us)/Original Character(s),1,/tags/Crewmate%20(Among%20Us)*s*Original%20Character(s),r
Brown & Fortegreen & Green (Among Us),0,/tags/Brown%20*a*%20Fortegreen%20*a*%20Green%20(Among%20Us),r
Blue & Pink & Red (Among Us),0,/tags/Blue%20*a*%20Pink%20*a*%20Red%20(Among%20Us),r
Blue/Lime/Purple/Red (Among Us),0,/tags/Blue*s*Lime*s*Purple*s*Red%20(Among%20Us),r
Impostor (Among Us)/Mr. Jawsum (OMORI),0,/tags/Impostor%20(Among%20Us)*s*Mr*d*%20Jawsum%20(OMORI),r
Hitoshi-san (Nyan~ Neko Sugar Girls)/Impostor (Among Us),0,/tags/Hitoshi-san%20(Nyan~%20Neko%20Sugar%20Girls)*s*Impostor%20(Among%20Us),r
Crewmate (Among Us) & Guardian (Destiny) & Original SPARTAN Character(s) (Halo),0,/tags/Crewmate%20(Among%20Us)%20*a*%20Guardian%20(Destiny)%20*a*%20Original%20SPARTAN%20Character(s)%20(Halo),r
Cyan (Among Us)/Joel (The Last of Us),0,/tags/Cyan%20(Among%20Us)*s*Joel%20(The%20Last%20of%20Us),r
Imposter (Among Us)/The Once-ler (The Lorax),1,/tags/Imposter%20(Among%20Us)*s*The%20Once-ler%20(The%20Lorax),r
Red & Tan (Among Us),0,/tags/Red%20*a*%20Tan%20(Among%20Us),r
Maroon & White (Among Us),0,/tags/Maroon%20*a*%20White%20(Among%20Us),r
Blue (Among Us) & Everyone,0,/tags/Blue%20(Among%20Us)%20*a*%20Everyone,r
Impostor (Among Us)/Komaeda Nagito,0,/tags/Impostor%20(Among%20Us)*s*Komaeda%20Nagito,r
Impostor (Among Us)/Komaeda Nagito/Sans (Undertale),0,/tags/Impostor%20(Among%20Us)*s*Komaeda%20Nagito*s*Sans%20(Undertale),r
