tag,count,href,category
Duel Monster Characters,83,/tags/Duel%20Monster%20Characters,c
Tsukumo Yuuma,1148,/tags/Tsukumo%20Yuuma,c
Astral (Yu-Gi-Oh),473,/tags/Astral%20(Yu-Gi-Oh),c
Tsukumo Akari,124,/tags/Tsukumo%20Akari,c
Mizael/Shingetsu Rei,8,/tags/Mizael*s*Shingetsu%20Rei,r
Shingetsu Rei,111,/tags/Shingetsu%20Rei,c
Zexal Kinkmeme,1,/tags/Zexal%20Kinkmeme,f
Shingetsu Rei/Tsukumo Yuuma,34,/tags/Shingetsu%20Rei*s*Tsukumo%20Yuuma,r
Kamishiro Rio,442,/tags/Kamishiro%20Rio,c
Kamishiro Ryouga/Tenjou Kaito/Tsukumo Yuuma,39,/tags/Kamishiro%20Ryouga*s*Tenjou%20Kaito*s*Tsukumo%20Yuuma,r
Dr. Faker,54,/tags/Dr*d*%20Faker,c
Yagumo Kyouji,7,/tags/Yagumo%20Kyouji,c
Alit (Yu-Gi-Oh),226,/tags/Alit%20(Yu-Gi-Oh),c
Astral/Tsukumo Yuuma,243,/tags/Astral*s*Tsukumo%20Yuuma,r
Kamishiro Ryouga/Yagumo Kyouji,1,/tags/Kamishiro%20Ryouga*s*Yagumo%20Kyouji,r
Vector (Yu-Gi-Oh),633,/tags/Vector%20(Yu-Gi-Oh),c
The Arclight Brothers,24,/tags/The%20Arclight%20Brothers,c
Tsukumo Yuuma/Vector,158,/tags/Tsukumo%20Yuuma*s*Vector,r
Tenjou Haruto & Tenjou Kaito,14,/tags/Tenjou%20Haruto%20*a*%20Tenjou%20Kaito,r
Kamishiro Rio/Vector,41,/tags/Kamishiro%20Rio*s*Vector,r
Zexal AU Meme,0,/tags/Zexal%20AU%20Meme,f
Kamishiro Ryouga/Vector,13,/tags/Kamishiro%20Ryouga*s*Vector,r
Barian World,8,/tags/Barian%20World,f
Zexal Spoilers,12,/tags/Zexal%20Spoilers,f
Zexalloween,3,/tags/Zexalloween,f
Kamishiro Ryouga,836,/tags/Kamishiro%20Ryouga,c
Mizuki Kotori,286,/tags/Mizuki%20Kotori,c
Tenjou Brothers,12,/tags/Tenjou%20Brothers,c
Tenjou Haruto,179,/tags/Tenjou%20Haruto,c
Tenjou Kaito,847,/tags/Tenjou%20Kaito,c
Tron | Byron Arclight,139,/tags/Tron%20%7C%20Byron%20Arclight,c
V | Chris Arclight,329,/tags/V%20%7C%20Chris%20Arclight,c
IV | Thomas Arclight,420,/tags/IV%20%7C%20Thomas%20Arclight,c
Kamishiro Ryouga/Tsukumo Yuuma,260,/tags/Kamishiro%20Ryouga*s*Tsukumo%20Yuuma,r
Tenjou Kaito/Tsukumo Yuuma,98,/tags/Tenjou%20Kaito*s*Tsukumo%20Yuuma,r
Alit/Tsukumo Yuuma,33,/tags/Alit*s*Tsukumo%20Yuuma,r
Mizuki Kotori/Tsukumo Yuuma,37,/tags/Mizuki%20Kotori*s*Tsukumo%20Yuuma,r
Kamishiro Ryouga/Tenjou Kaito,94,/tags/Kamishiro%20Ryouga*s*Tenjou%20Kaito,r
Kamishiro Rio/Tenjou Kaito,5,/tags/Kamishiro%20Rio*s*Tenjou%20Kaito,r
Kamishiro Rio/Mizuki Kotori,25,/tags/Kamishiro%20Rio*s*Mizuki%20Kotori,r
Astral/Tenjou Kaito,27,/tags/Astral*s*Tenjou%20Kaito,r
Alit/Kamishiro Ryouga/Mizael,0,/tags/Alit*s*Kamishiro%20Ryouga*s*Mizael,r
Tenjou Kaito/Kamishiro Rio,2,/tags/Tenjou%20Kaito*s*Kamishiro%20Rio,r
Shark Drake,14,/tags/Shark%20Drake,c
Kamishiro Ryouga/Shark Drake,2,/tags/Kamishiro%20Ryouga*s*Shark%20Drake,r
Kamishiro Ryouga/Shingetsu Rei,4,/tags/Kamishiro%20Ryouga*s*Shingetsu%20Rei,r
Alit's Prince,19,/tags/Alit's%20Prince,c
Don Thousand,73,/tags/Don%20Thousand,c
Kamishiro Ryouga/Kamishiro Ryouga,1,/tags/Kamishiro%20Ryouga*s*Kamishiro%20Ryouga,r
Durbe/Kamishiro Ryouga,42,/tags/Durbe*s*Kamishiro%20Ryouga,r
Kamishiro Ryouga/Mizuki Kotori,11,/tags/Kamishiro%20Ryouga*s*Mizuki%20Kotori,r
Zexalmas,7,/tags/Zexalmas,f
Zexal Fanwork Marathon,4,/tags/Zexal%20Fanwork%20Marathon,f
Zexal Shark Week,7,/tags/Zexal%20Shark%20Week,f
Iris (Yu-Gi-Oh),26,/tags/Iris%20(Yu-Gi-Oh),c
Tsukumo Kazuma,45,/tags/Tsukumo%20Kazuma,c
Mr. Heartland/Tenjou Kaito,4,/tags/Mr*d*%20Heartland*s*Tenjou%20Kaito,r
Tenjou Kaito/Vector,11,/tags/Tenjou%20Kaito*s*Vector,r
Tsukumo Mirai,23,/tags/Tsukumo%20Mirai,c
Takeda Tetsuo,80,/tags/Takeda%20Tetsuo,c
Omoteura Tokunosuke,39,/tags/Omoteura%20Tokunosuke,c
Todoroki Takashi,66,/tags/Todoroki%20Takashi,c
Alit/Mizuki Kotori,15,/tags/Alit*s*Mizuki%20Kotori,r
Mizuki Kotori/Vector,6,/tags/Mizuki%20Kotori*s*Vector,r
Kamishiro Rio & Kamishiro Ryouga,35,/tags/Kamishiro%20Rio%20*a*%20Kamishiro%20Ryouga,r
Cathy/Kozuki Anna,1,/tags/Cathy*s*Kozuki%20Anna,r
Kozuki Anna,37,/tags/Kozuki%20Anna,c
Zexal Flash Bingo,42,/tags/Zexal%20Flash%20Bingo,f
Tenjou Haruto/Tenjou Kaito,1,/tags/Tenjou%20Haruto*s*Tenjou%20Kaito,r
Kamishiro Ryouga/Tenjou Haruto,0,/tags/Kamishiro%20Ryouga*s*Tenjou%20Haruto,r
Tsukumo Akari/Mizael,1,/tags/Tsukumo%20Akari*s*Mizael,r
Tsukumo Haru,43,/tags/Tsukumo%20Haru,c
Kamishiro Rio/Tenjou Haruto/Tenjou Kaito,0,/tags/Kamishiro%20Rio*s*Tenjou%20Haruto*s*Tenjou%20Kaito,r
Mizael/Tenjou Kaito,67,/tags/Mizael*s*Tenjou%20Kaito,r
Kitano Ukyou,7,/tags/Kitano%20Ukyou,c
Kamishiro Rio/Mizael,4,/tags/Kamishiro%20Rio*s*Mizael,r
Mizael/Tsukumo Haru,1,/tags/Mizael*s*Tsukumo%20Haru,r
Cathy/Kamishiro Rio,4,/tags/Cathy*s*Kamishiro%20Rio,r
Tsukumo Haru/Mizael,0,/tags/Tsukumo%20Haru*s*Mizael,r
Alit (Yu-Gi-Oh)/Dirk Strider,0,/tags/Alit%20(Yu-Gi-Oh)*s*Dirk%20Strider,r
Alit (Yu-Gi-Oh)/Jake English,0,/tags/Alit%20(Yu-Gi-Oh)*s*Jake%20English,r
Durbe/Kamishiro Rio,17,/tags/Durbe*s*Kamishiro%20Rio,r
Kozuki Anna/Vector,0,/tags/Kozuki%20Anna*s*Vector,r
Astral/Mizuki Kotori,1,/tags/Astral*s*Mizuki%20Kotori,r
Mizael/Undisclosed,0,/tags/Mizael*s*Undisclosed,r
Zexal Rarepair Challenge,3,/tags/Zexal%20Rarepair%20Challenge,f
Takeda Tetsuo/Vector,0,/tags/Takeda%20Tetsuo*s*Vector,r
Tenjou Kaito & Tsukumo Yuuma,9,/tags/Tenjou%20Kaito%20*a*%20Tsukumo%20Yuuma,r
Astral & Tsukumo Yuuma,46,/tags/Astral%20*a*%20Tsukumo%20Yuuma,r
Mach (Yu-Gi-Oh),11,/tags/Mach%20(Yu-Gi-Oh),c
Merag (Yu-Gi-Oh),103,/tags/Merag%20(Yu-Gi-Oh),c
Mizael (Yu-Gi-Oh),259,/tags/Mizael%20(Yu-Gi-Oh),c
Merag/Mizuki Kotori,1,/tags/Merag*s*Mizuki%20Kotori,r
Droite (Yu-Gi-Oh),44,/tags/Droite%20(Yu-Gi-Oh),c
Gauche (Yu-Gi-Oh),44,/tags/Gauche%20(Yu-Gi-Oh),c
Durbe (Yu-Gi-Oh),290,/tags/Durbe%20(Yu-Gi-Oh),c
Gilag (Yu-Gi-Oh),109,/tags/Gilag%20(Yu-Gi-Oh),c
Kiraku Souhachi,1,/tags/Kiraku%20Souhachi,c
Nasch (Yu-Gi-Oh),243,/tags/Nasch%20(Yu-Gi-Oh),c
Obomi (Yu-Gi-Oh),13,/tags/Obomi%20(Yu-Gi-Oh),c
Kamishiro Ryouga/Nasch,0,/tags/Kamishiro%20Ryouga*s*Nasch,r
Droite/Tenjou Kaito,5,/tags/Droite*s*Tenjou%20Kaito,r
Orbital 7 (Yu-Gi-Oh),40,/tags/Orbital%207%20(Yu-Gi-Oh),c
Ponta (Yu-Gi-Oh),8,/tags/Ponta%20(Yu-Gi-Oh),c
Jinlong (Yu-Gi-Oh),9,/tags/Jinlong%20(Yu-Gi-Oh),c
Takeda Tetsuo/Todoroki Takashi,0,/tags/Takeda%20Tetsuo*s*Todoroki%20Takashi,r
Tsukumo Yuuma/Yami Yuugi,0,/tags/Tsukumo%20Yuuma*s*Yami%20Yuugi,r
Mizuki Kotori/Tenjou Kaito,4,/tags/Mizuki%20Kotori*s*Tenjou%20Kaito,r
2014 Advent Calendar Challenge (Yu-Gi-Oh),28,/tags/2014%20Advent%20Calendar%20Challenge%20(Yu-Gi-Oh),f
One Pairing Boot Camp,2,/tags/One%20Pairing%20Boot%20Camp,f
Okudaira Fuuya,15,/tags/Okudaira%20Fuuya,c
Dog-chan/Tenjou Haruto,0,/tags/Dog-chan*s*Tenjou%20Haruto,r
Dog-chan,2,/tags/Dog-chan,c
Kozuki Anna/Tsukumo Yuuma,7,/tags/Kozuki%20Anna*s*Tsukumo%20Yuuma,r
Droite/Gauche (Yu-Gi-Oh),8,/tags/Droite*s*Gauche%20(Yu-Gi-Oh),r
Shark Drake/Tenjou Kaito,1,/tags/Shark%20Drake*s*Tenjou%20Kaito,r
Durbe/Nasch/Tsukumo Yuuma,1,/tags/Durbe*s*Nasch*s*Tsukumo%20Yuuma,r
Mizael/Tsukumo Yuuma,4,/tags/Mizael*s*Tsukumo%20Yuuma,r
Alit/Durbe (Yu-Gi-Oh),1,/tags/Alit*s*Durbe%20(Yu-Gi-Oh),r
Astral/Kamishiro Ryouga,1,/tags/Astral*s*Kamishiro%20Ryouga,r
Astral/Kamishiro Ryouga/Tsukumo Yuuma,7,/tags/Astral*s*Kamishiro%20Ryouga*s*Tsukumo%20Yuuma,r
Kamishiro Rio/Kamishiro Ryouga,42,/tags/Kamishiro%20Rio*s*Kamishiro%20Ryouga,r
Takeda Tetsuo/Tsukumo Yuuma,1,/tags/Takeda%20Tetsuo*s*Tsukumo%20Yuuma,r
Hanazoe Aika,5,/tags/Hanazoe%20Aika,c
Katagiri Daisuke,1,/tags/Katagiri%20Daisuke,c
Chouno Sanagi,3,/tags/Chouno%20Sanagi,c
Cathy/Tsukumo Yuuma,10,/tags/Cathy*s*Tsukumo%20Yuuma,r
Katagiri Daisuke/Tsukumo Yuuma,0,/tags/Katagiri%20Daisuke*s*Tsukumo%20Yuuma,r
Gilag/Tsukumo Yuuma,3,/tags/Gilag*s*Tsukumo%20Yuuma,r
Kamishiro Ryouga/Mizuki Kotori/Tsukumo Yuuma,2,/tags/Kamishiro%20Ryouga*s*Mizuki%20Kotori*s*Tsukumo%20Yuuma,r
Astral/Todoroki Takashi,0,/tags/Astral*s*Todoroki%20Takashi,r
Tsukumo Akari/Tsukumo Yuuma,0,/tags/Tsukumo%20Akari*s*Tsukumo%20Yuuma,r
Tsukumo Haru/Tsukumo Yuuma,0,/tags/Tsukumo%20Haru*s*Tsukumo%20Yuuma,r
Kamishiro Rio/Kozuki Anna,4,/tags/Kamishiro%20Rio*s*Kozuki%20Anna,r
Dr. Faker/Mr. Heartland,3,/tags/Dr*d*%20Faker*s*Mr*d*%20Heartland,r
Sherry LeBlanc/Tsukumo Akari,0,/tags/Sherry%20LeBlanc*s*Tsukumo%20Akari,r
Mrs. Okudaira,3,/tags/Mrs*d*%20Okudaira,c
Kaninja (Yu-Gi-Oh),6,/tags/Kaninja%20(Yu-Gi-Oh),c
Semimaru (Yu-Gi-Oh),4,/tags/Semimaru%20(Yu-Gi-Oh),c
Eliphas (Yu-Gi-Oh),34,/tags/Eliphas%20(Yu-Gi-Oh),c
Eliphas/Tsukumo Yuuma,0,/tags/Eliphas*s*Tsukumo%20Yuuma,r
Gagaga Girl,6,/tags/Gagaga%20Girl,c
Barian Emperors,63,/tags/Barian%20Emperors,c
Oily Muscle | Muscles the Magnificent,0,/tags/Oily%20Muscle%20%7C%20Muscles%20the%20Magnificent,c
Durbe/Kamishiro Ryouga/Mizael,2,/tags/Durbe*s*Kamishiro%20Ryouga*s*Mizael,r
Dog-chan & Tenjou Haruto,0,/tags/Dog-chan%20*a*%20Tenjou%20Haruto,r
Mizael & Tenjou Haruto,1,/tags/Mizael%20*a*%20Tenjou%20Haruto,r
Shingetsu Rei & Vector,0,/tags/Shingetsu%20Rei%20*a*%20Vector,r
Don Thousand/Zexal III,5,/tags/Don%20Thousand*s*Zexal%20III,r
Omoteura Tokunosuke/Sakaki Yuya,1,/tags/Omoteura%20Tokunosuke*s*Sakaki%20Yuya,r
Numbers Club,21,/tags/Numbers%20Club,c
Cathy/Kamishiro Ryouga,0,/tags/Cathy*s*Kamishiro%20Ryouga,r
Droite/Tsukumo Akari,7,/tags/Droite*s*Tsukumo%20Akari,r
Tenjou Kaito/Tsukumo Akari,1,/tags/Tenjou%20Kaito*s*Tsukumo%20Akari,r
Black Magician Girl | Dark Magician Girl/Gagaga Girl,1,/tags/Black%20Magician%20Girl%20%7C%20Dark%20Magician%20Girl*s*Gagaga%20Girl,r
Kamishiro Ryouga/Thunders | Jolteon,0,/tags/Kamishiro%20Ryouga*s*Thunders%20%7C%20Jolteon,r
Kamishiro Rio/Yuri,1,/tags/Kamishiro%20Rio*s*Yuri,r
Kurosaki Shun/Tenjou Haruto,1,/tags/Kurosaki%20Shun*s*Tenjou%20Haruto,r
Kamishiro Ryouga & Tenjou Kaito & Tsukumo Yuuma,19,/tags/Kamishiro%20Ryouga%20*a*%20Tenjou%20Kaito%20*a*%20Tsukumo%20Yuuma,r
No. 107 Galaxy Eyes Tachyon Dragon,4,/tags/No*d*%20107%20Galaxy%20Eyes%20Tachyon%20Dragon,c
Zexal Non-Flash Bingo,4,/tags/Zexal%20Non-Flash%20Bingo,f
Alit/Tsukumo Yuuma/Vector,2,/tags/Alit*s*Tsukumo%20Yuuma*s*Vector,r
Tenjou Kaito/Todoroki Takashi,1,/tags/Tenjou%20Kaito*s*Todoroki%20Takashi,r
Kitano Ukyou/Todoroki Takashi,1,/tags/Kitano%20Ukyou*s*Todoroki%20Takashi,r
Don Thousand/Vector,2,/tags/Don%20Thousand*s*Vector,r
Kurosaki Shun/Vector,1,/tags/Kurosaki%20Shun*s*Vector,r
Yu-Gi-Oh! Zexal Ensemble,12,/tags/Yu-Gi-Oh!%20Zexal%20Ensemble,c
Tenjou Kaito/Original Character(s),3,/tags/Tenjou%20Kaito*s*Original%20Character(s),r
Kamishiro Ryouga/Takeda Tetsuo,0,/tags/Kamishiro%20Ryouga*s*Takeda%20Tetsuo,r
Kamishiro Ryouga/Nasch/Tenjou Kaito,1,/tags/Kamishiro%20Ryouga*s*Nasch*s*Tenjou%20Kaito,r
Tenjou Kaito/Tenjouin Asuka | Alexis Rhodes,18,/tags/Tenjou%20Kaito*s*Tenjouin%20Asuka%20%7C%20Alexis%20Rhodes,r
Kurosaki Shun/Tenjou Kaito,12,/tags/Kurosaki%20Shun*s*Tenjou%20Kaito,r
Galaxy-Eyes Photon Dragon,10,/tags/Galaxy-Eyes%20Photon%20Dragon,c
E'Rah (Yu-Gi-Oh),12,/tags/E'Rah%20(Yu-Gi-Oh),c
Don Thousand/E'Rah,2,/tags/Don%20Thousand*s*E'Rah,r
Kamishiro Ryouga & Tenjou Kaito,53,/tags/Kamishiro%20Ryouga%20*a*%20Tenjou%20Kaito,r
Cathy/Mizuki Kotori,7,/tags/Cathy*s*Mizuki%20Kotori,r
Kamishiro Ryouga & Nasch,1,/tags/Kamishiro%20Ryouga%20*a*%20Nasch,r
Durbe/Kamishiro Rio/Kamishiro Ryouga,5,/tags/Durbe*s*Kamishiro%20Rio*s*Kamishiro%20Ryouga,r
Cathy/Mizuki Kotori/Tsukumo Yuuma,0,/tags/Cathy*s*Mizuki%20Kotori*s*Tsukumo%20Yuuma,r
Okudaira Fuuya/Tsukumo Yuuma,4,/tags/Okudaira%20Fuuya*s*Tsukumo%20Yuuma,r
Astral/Okudaira Fuuya,1,/tags/Astral*s*Okudaira%20Fuuya,r
Astral/Okudaira Fuuya/Tsukumo Yuuma,1,/tags/Astral*s*Okudaira%20Fuuya*s*Tsukumo%20Yuuma,r
Tenjou Kaito/Reader,13,/tags/Tenjou%20Kaito*s*Reader,r
Crow Hogan & Kurosaki Shun & Tenjou Kaito,1,/tags/Crow%20Hogan%20*a*%20Kurosaki%20Shun%20*a*%20Tenjou%20Kaito,r
Kamishiro Ryouga & Shingetsu Rei,1,/tags/Kamishiro%20Ryouga%20*a*%20Shingetsu%20Rei,r
Tsukumo Yuuma/Original Character(s),1,/tags/Tsukumo%20Yuuma*s*Original%20Character(s),r
Tenjou Kaito/Yuri,0,/tags/Tenjou%20Kaito*s*Yuri,r
Kamishiro Ryouga/Manjoume Jun | Chazz Princeton,1,/tags/Kamishiro%20Ryouga*s*Manjoume%20Jun%20%7C%20Chazz%20Princeton,r
Kamishiro Ryouga & Tsukumo Yuuma,14,/tags/Kamishiro%20Ryouga%20*a*%20Tsukumo%20Yuuma,r
Nasch (Yu-Gi-Oh)/Everyone,0,/tags/Nasch%20(Yu-Gi-Oh)*s*Everyone,r
Durbe & Kamishiro Ryouga,5,/tags/Durbe%20*a*%20Kamishiro%20Ryouga,r
Kamishiro Ryouga & Vector,5,/tags/Kamishiro%20Ryouga%20*a*%20Vector,r
Dennis Mackfield & Tenjou Kaito,1,/tags/Dennis%20Mackfield%20*a*%20Tenjou%20Kaito,r
Sakaki Yuya & Tsukumo Yuuma,30,/tags/Sakaki%20Yuya%20*a*%20Tsukumo%20Yuuma,r
Kamishiro Ryouga/Orbital 7,0,/tags/Kamishiro%20Ryouga*s*Orbital%207,r
Tsukumo Yuuma & Vector,13,/tags/Tsukumo%20Yuuma%20*a*%20Vector,r
Kozuki Anna/Okudaira Fuuya,2,/tags/Kozuki%20Anna*s*Okudaira%20Fuuya,r
Barian Emperors/Don Thousand,2,/tags/Barian%20Emperors*s*Don%20Thousand,r
Tron | Byron Arclight/Omoteura Tokunosuke,0,/tags/Tron%20%7C%20Byron%20Arclight*s*Omoteura%20Tokunosuke,r
Kamishiro Rio & Mizuki Kotori,5,/tags/Kamishiro%20Rio%20*a*%20Mizuki%20Kotori,r
Tron | Byron Arclight/Tsukumo Kazuma,3,/tags/Tron%20%7C%20Byron%20Arclight*s*Tsukumo%20Kazuma,r
Sakaki Yuya/Tsukumo Yuuma,27,/tags/Sakaki%20Yuya*s*Tsukumo%20Yuuma,r
Hiiragi Yuzu & Tsukumo Yuuma,1,/tags/Hiiragi%20Yuzu%20*a*%20Tsukumo%20Yuuma,r
Shingetsu Rei & Tsukumo Yuuma,5,/tags/Shingetsu%20Rei%20*a*%20Tsukumo%20Yuuma,r
Alit & Tsukumo Yuuma,1,/tags/Alit%20*a*%20Tsukumo%20Yuuma,r
Nasch (Yu-Gi-Oh)/Original Female Character(s),1,/tags/Nasch%20(Yu-Gi-Oh)*s*Original%20Female%20Character(s),r
Mizael & Tenjou Kaito,8,/tags/Mizael%20*a*%20Tenjou%20Kaito,r
Tsukumo Yuuma & Yuuki Juudai | Jaden Yuki,1,/tags/Tsukumo%20Yuuma%20*a*%20Yuuki%20Juudai%20%7C%20Jaden%20Yuki,r
Alit/Alit's Prince (Yu-Gi-Oh),4,/tags/Alit*s*Alit's%20Prince%20(Yu-Gi-Oh),r
Durbe & Mach (Yu-Gi-Oh),0,/tags/Durbe%20*a*%20Mach%20(Yu-Gi-Oh),r
Gauche/Kitano Ukyou,0,/tags/Gauche*s*Kitano%20Ukyou,r
Tron | Byron Arclight/Original Character(s),0,/tags/Tron%20%7C%20Byron%20Arclight*s*Original%20Character(s),r
Tenjou Haruto/Original Character(s),0,/tags/Tenjou%20Haruto*s*Original%20Character(s),r
Dr. Faker & Tenjou Kaito,3,/tags/Dr*d*%20Faker%20*a*%20Tenjou%20Kaito,r
Tenjou Kaito & Vector,2,/tags/Tenjou%20Kaito%20*a*%20Vector,r
Yu-Gi-Oh! Secret Santa 2017,1,/tags/Yu-Gi-Oh!%20Secret%20Santa%202017,f
Tron | Byron Arclight/Tsukumo Yuuma,2,/tags/Tron%20%7C%20Byron%20Arclight*s*Tsukumo%20Yuuma,r
Chuukichi | Roscoe,0,/tags/Chuukichi%20%7C%20Roscoe,c
Protective Tenjou Kaito,2,/tags/Protective%20Tenjou%20Kaito,f
Fallguys Wolf,2,/tags/Fallguys%20Wolf,c
Fallguys Coyote,2,/tags/Fallguys%20Coyote,c
Ginji (Yu-Gi-Oh),1,/tags/Ginji%20(Yu-Gi-Oh),c
Astral & Tenjou Kaito,3,/tags/Astral%20*a*%20Tenjou%20Kaito,r
Astral & Tenjou Haruto,0,/tags/Astral%20*a*%20Tenjou%20Haruto,r
Omoteura Tokunosuke/Todoroki Takashi,2,/tags/Omoteura%20Tokunosuke*s*Todoroki%20Takashi,r
Fallguys Coyote/Fallguys Wolf,1,/tags/Fallguys%20Coyote*s*Fallguys%20Wolf,r
Kamishiro Rio/Tsukumo Yuuma,5,/tags/Kamishiro%20Rio*s*Tsukumo%20Yuuma,r
Kaninja/Tenjou Kaito,0,/tags/Kaninja*s*Tenjou%20Kaito,r
Tsukumo Akari & Tsukumo Yuuma,13,/tags/Tsukumo%20Akari%20*a*%20Tsukumo%20Yuuma,r
Kamishiro Ryouga/Tsukumo Yuuma/Vector,3,/tags/Kamishiro%20Ryouga*s*Tsukumo%20Yuuma*s*Vector,r
Yu-Gi-Oh! Big Bang 2018,1,/tags/Yu-Gi-Oh!%20Big%20Bang%202018,f
YGOtober,3,/tags/YGOtober,f
Durbe & Vector (Yu-Gi-Oh),0,/tags/Durbe%20*a*%20Vector%20(Yu-Gi-Oh),r
Durbe (Yu-Gi-Oh)/Other(s),0,/tags/Durbe%20(Yu-Gi-Oh)*s*Other(s),r
Durbe/Tsukumo Yuuma,2,/tags/Durbe*s*Tsukumo%20Yuuma,r
Edo Phoenix | Aster Phoenix/Tenjou Kaito,2,/tags/Edo%20Phoenix%20%7C%20Aster%20Phoenix*s*Tenjou%20Kaito,r
Yu-Gi-Oh! Ship Olympics,0,/tags/Yu-Gi-Oh!%20Ship%20Olympics,f
Alternate Universe - Yu-Gi-Oh! Fusion,46,/tags/Alternate%20Universe%20-%20Yu-Gi-Oh!%20Fusion,f
Yu-Gi-Oh! Big Bang,1,/tags/Yu-Gi-Oh!%20Big%20Bang,f
Yu-Gi-Oh! Mini-Exchange,12,/tags/Yu-Gi-Oh!%20Mini-Exchange,f
Astral/Yubel (Yu-Gi-Oh),0,/tags/Astral*s*Yubel%20(Yu-Gi-Oh),r
Tenjou Kaito/Tron | Byron Arclight,4,/tags/Tenjou%20Kaito*s*Tron%20%7C%20Byron%20Arclight,r
Astral & Kamishiro Ryouga,2,/tags/Astral%20*a*%20Kamishiro%20Ryouga,r
Yu-Gi-Oh! Secret Santa 2018,2,/tags/Yu-Gi-Oh!%20Secret%20Santa%202018,f
Tenjou Kaito/Zarc,0,/tags/Tenjou%20Kaito*s*Zarc,r
Kamishiro Ryouga & Midoriya Izuku,0,/tags/Kamishiro%20Ryouga%20*a*%20Midoriya%20Izuku,r
Midoriya Izuku & Vector (Yu-Gi-Oh),0,/tags/Midoriya%20Izuku%20*a*%20Vector%20(Yu-Gi-Oh),r
Natsu Dragneel/Gagaga Girl,2,/tags/Natsu%20Dragneel*s*Gagaga%20Girl,r
Mizael/No.107 Galaxy Eyes Tachyon Dragon,1,/tags/Mizael*s*No*d*107%20Galaxy%20Eyes%20Tachyon%20Dragon,r
Kouzuki Allen/Kozuki Anna,1,/tags/Kouzuki%20Allen*s*Kozuki%20Anna,r
Nasch/Tsukumo Yuuma,7,/tags/Nasch*s*Tsukumo%20Yuuma,r
Black Magician Girl | Dark Magician Girl/Natsu Dragneel,2,/tags/Black%20Magician%20Girl%20%7C%20Dark%20Magician%20Girl*s*Natsu%20Dragneel,r
Natsu Dragneel/Red Dragon Archfiend,0,/tags/Natsu%20Dragneel*s*Red%20Dragon%20Archfiend,r
Natsu Dragneel/Power Tool Dragon,1,/tags/Natsu%20Dragneel*s*Power%20Tool%20Dragon,r
V | Chris Arclight/Kamishiro Ryouga,1,/tags/V%20%7C%20Chris%20Arclight*s*Kamishiro%20Ryouga,r
Hanazoe Aika/Kamishiro Rio,5,/tags/Hanazoe%20Aika*s*Kamishiro%20Rio,r
Kamishiro Ryouga/Original Character(s),3,/tags/Kamishiro%20Ryouga*s*Original%20Character(s),r
Mizael (Yu-Gi-Oh)/Reader,2,/tags/Mizael%20(Yu-Gi-Oh)*s*Reader,r
Galaxy-Eyes Photon Dragon/Tenjou Kaito,0,/tags/Galaxy-Eyes%20Photon%20Dragon*s*Tenjou%20Kaito,r
Vector (Yu-Gi-Oh)/Reader,5,/tags/Vector%20(Yu-Gi-Oh)*s*Reader,r
Kamishiro Ryouga/Reader,7,/tags/Kamishiro%20Ryouga*s*Reader,r
Zexal Week,3,/tags/Zexal%20Week,f
Yu-Gi-Oh! Big Bang 2019,2,/tags/Yu-Gi-Oh!%20Big%20Bang%202019,f
Yu-Gi-Oh! Secret Santa 2019,1,/tags/Yu-Gi-Oh!%20Secret%20Santa%202019,f
Yu-Gi-Oh! Secret Santa,0,/tags/Yu-Gi-Oh!%20Secret%20Santa,f
Luna (Yu-Gi-Oh! Zexal),5,/tags/Luna%20(Yu-Gi-Oh!%20Zexal),c
Kozuki Anna/Mizuki Kotori,3,/tags/Kozuki%20Anna*s*Mizuki%20Kotori,r
Roboppy/Todoroki Takashi,1,/tags/Roboppy*s*Todoroki%20Takashi,r
Durbe/Kamishiro Ryouga/Tsukumo Yuuma,3,/tags/Durbe*s*Kamishiro%20Ryouga*s*Tsukumo%20Yuuma,r
Enna (Yu-Gi-Oh),5,/tags/Enna%20(Yu-Gi-Oh),c
Kusanagi Jin/Vector,1,/tags/Kusanagi%20Jin*s*Vector,r
Vector/Windy (Yu-Gi-Oh),1,/tags/Vector*s*Windy%20(Yu-Gi-Oh),r
Mr. Heartland (Yu-Gi-Oh),19,/tags/Mr*d*%20Heartland%20(Yu-Gi-Oh),c
Kirishima Romin/Tenjou Haruto,0,/tags/Kirishima%20Romin*s*Tenjou%20Haruto,r
Jinguuji Mamoru,1,/tags/Jinguuji%20Mamoru,c
Astral (Yu-Gi-Oh)/Original Male Character(s),0,/tags/Astral%20(Yu-Gi-Oh)*s*Original%20Male%20Character(s),r
Chukichi (Yu-Gi-Oh),0,/tags/Chukichi%20(Yu-Gi-Oh),c
Cathy/Kurosaki Ruri,0,/tags/Cathy*s*Kurosaki%20Ruri,r
Astral & Mizuki Kotori,1,/tags/Astral%20*a*%20Mizuki%20Kotori,r
Cathy & Tenjou Haruto,0,/tags/Cathy%20*a*%20Tenjou%20Haruto,r
Cathy/Tenjou Haruto,0,/tags/Cathy*s*Tenjou%20Haruto,r
Tsukumo Mirai & Vector,0,/tags/Tsukumo%20Mirai%20*a*%20Vector,r
Durbe/Vector (Yu-Gi-Oh),1,/tags/Durbe*s*Vector%20(Yu-Gi-Oh),r
Barian Tsukumo Yuuma,1,/tags/Barian%20Tsukumo%20Yuuma,f
Zexal Week 2020,5,/tags/Zexal%20Week%202020,f
Marufuji Ryou | Zane Truesdale/Mizael,2,/tags/Marufuji%20Ryou%20%7C%20Zane%20Truesdale*s*Mizael,r
Gagaga Girl/Sairento Majishan | Silent Magician,0,/tags/Gagaga%20Girl*s*Sairento%20Majishan%20%7C%20Silent%20Magician,r
Yu-Gi-Oh! Secret Santa 2016,0,/tags/Yu-Gi-Oh!%20Secret%20Santa%202016,f
Astral (Yu-Gi-Oh)/Original Female Character(s),0,/tags/Astral%20(Yu-Gi-Oh)*s*Original%20Female%20Character(s),r
Kurosaki Shun & Tenjou Kaito,2,/tags/Kurosaki%20Shun%20*a*%20Tenjou%20Kaito,r
No. 3 Jigokuzemi Ou Roukasuto Kingu | Cicada King,1,/tags/No*d*%203%20Jigokuzemi%20Ou%20Roukasuto%20Kingu%20%7C%20Cicada%20King,c
No. 101 Silent Honors Ark Knight | Silent Honor ARK,1,/tags/No*d*%20101%20Silent%20Honors%20Ark%20Knight%20%7C%20Silent%20Honor%20ARK,c
No. 39 Kibou Ou Houpu | Utopia,14,/tags/No*d*%2039%20Kibou%20Ou%20Houpu%20%7C%20Utopia,c
No. 44 Hakutenma Sukai Pegasasu | Sky Pegasus,1,/tags/No*d*%2044%20Hakutenma%20Sukai%20Pegasasu%20%7C%20Sky%20Pegasus,c
No. 100 Numeron Dragon,2,/tags/No*d*%20100%20Numeron%20Dragon,c
Yagumo Kyouji & Yagumo Yuji,3,/tags/Yagumo%20Kyouji%20*a*%20Yagumo%20Yuji,r
Yagumo Yuji,4,/tags/Yagumo%20Yuji,c
Bakura Amane & Yagumo Yuji,0,/tags/Bakura%20Amane%20*a*%20Yagumo%20Yuji,r
Minor Kamishiro Ryouga/Tsukumo Yuuma,0,/tags/Minor%20Kamishiro%20Ryouga*s*Tsukumo%20Yuuma,f
No. 96 Black Mist | Dark Mist,44,/tags/No*d*%2096%20Black%20Mist%20%7C%20Dark%20Mist,c
Astral/No. 96 Black Mist | Dark Mist,11,/tags/Astral*s*No*d*%2096%20Black%20Mist%20%7C%20Dark%20Mist,r
Astral/No. 96 Black Mist | Dark Mist/Tsukumo Yuuma,1,/tags/Astral*s*No*d*%2096%20Black%20Mist%20%7C%20Dark%20Mist*s*Tsukumo%20Yuuma,r
No. 96 Black Mist | Dark Mist & Vector,0,/tags/No*d*%2096%20Black%20Mist%20%7C%20Dark%20Mist%20*a*%20Vector,r
Mizuki Kotori/No. 96 Black Mist | Dark Mist,0,/tags/Mizuki%20Kotori*s*No*d*%2096%20Black%20Mist%20%7C%20Dark%20Mist,r
No. 96 Black Mist | Dark Mist/Tsukumo Akari,1,/tags/No*d*%2096%20Black%20Mist%20%7C%20Dark%20Mist*s*Tsukumo%20Akari,r
No. 96 Black Mist | Dark Mist/Tsukumo Yuuma,7,/tags/No*d*%2096%20Black%20Mist%20%7C%20Dark%20Mist*s*Tsukumo%20Yuuma,r
No. 96 Black Mist | Dark Mist/Vector,1,/tags/No*d*%2096%20Black%20Mist%20%7C%20Dark%20Mist*s*Vector,r
Bakura Ryou/Tsukumo Yuuma,1,/tags/Bakura%20Ryou*s*Tsukumo%20Yuuma,r
Bakura Ryou/Vector,1,/tags/Bakura%20Ryou*s*Vector,r
Tsukumo Yuuma/Everyone,2,/tags/Tsukumo%20Yuuma*s*Everyone,r
Astral/Bakura Ryou,0,/tags/Astral*s*Bakura%20Ryou,r
Bakura Ryou & No. 96 Black Mist | Dark Mist,0,/tags/Bakura%20Ryou%20*a*%20No*d*%2096%20Black%20Mist%20%7C%20Dark%20Mist,r
No. S0: Hope Zexal | Utopic Zexal,19,/tags/No*d*%20S0:%20Hope%20Zexal%20%7C%20Utopic%20Zexal,c
Entermate Corn | Performapal Corn/Entermate Uni | Performapal Uni/No. S0: Hope Zexal | Utopic Zexal,0,/tags/Entermate%20Corn%20%7C%20Performapal%20Corn*s*Entermate%20Uni%20%7C%20Performapal%20Uni*s*No*d*%20S0:%20Hope%20Zexal%20%7C%20Utopic%20Zexal,r
Kunitachi Kakeru,1,/tags/Kunitachi%20Kakeru,c
III | Michael Arclight & Tsukumo Yuuma,3,/tags/III%20%7C%20Michael%20Arclight%20*a*%20Tsukumo%20Yuuma,r
III | Michael Arclight,85,/tags/III%20%7C%20Michael%20Arclight,c
Alit/III | Michael Arclight,1,/tags/Alit*s*III%20%7C%20Michael%20Arclight,r
V | Chris Arclight & III | Michael Arclight,0,/tags/V%20%7C%20Chris%20Arclight%20*a*%20III%20%7C%20Michael%20Arclight,r
V | Chris Arclight/III | Michael Arclight,1,/tags/V%20%7C%20Chris%20Arclight*s*III%20%7C%20Michael%20Arclight,r
V | Chris Arclight/III | Michael Arclight/IV | Thomas Arclight/Kamishiro Rio,0,/tags/V%20%7C%20Chris%20Arclight*s*III%20%7C%20Michael%20Arclight*s*IV%20%7C%20Thomas%20Arclight*s*Kamishiro%20Rio,r
V | Chris Arclight/III | Michael Arclight/IV | Thomas Arclight/Kamishiro Rio/Kamishiro Ryouga,0,/tags/V%20%7C%20Chris%20Arclight*s*III%20%7C%20Michael%20Arclight*s*IV%20%7C%20Thomas%20Arclight*s*Kamishiro%20Rio*s*Kamishiro%20Ryouga,r
III | Michael Arclight & Kamishiro Rio & Tenjou Haruto,0,/tags/III%20%7C%20Michael%20Arclight%20*a*%20Kamishiro%20Rio%20*a*%20Tenjou%20Haruto,r
III | Michael Arclight & IV | Thomas Arclight,2,/tags/III%20%7C%20Michael%20Arclight%20*a*%20IV%20%7C%20Thomas%20Arclight,r
III | Mihael Arclight & Vector,0,/tags/III%20%7C%20Mihael%20Arclight%20*a*%20Vector,r
III | Michael Arclight & Vector,0,/tags/III%20%7C%20Michael%20Arclight%20*a*%20Vector,r
III | Michael Arclight/Kamishiro Ryouga,2,/tags/III%20%7C%20Michael%20Arclight*s*Kamishiro%20Ryouga,r
III | Michael Arclight/Mizael,0,/tags/III%20%7C%20Michael%20Arclight*s*Mizael,r
III | Michael Arclight/Mizuki Kotori,3,/tags/III%20%7C%20Michael%20Arclight*s*Mizuki%20Kotori,r
III | Michael Arclight/Reader,5,/tags/III%20%7C%20Michael%20Arclight*s*Reader,r
III | Michael Arclight/IV | Thomas Arclight,2,/tags/III%20%7C%20Michael%20Arclight*s*IV%20%7C%20Thomas%20Arclight,r
III | Michael Arclight/IV | Thomas Arclight/Tsukumo Yuuma,0,/tags/III%20%7C%20Michael%20Arclight*s*IV%20%7C%20Thomas%20Arclight*s*Tsukumo%20Yuuma,r
III | Michael Arclight/Tron | Byron Arclight,0,/tags/III%20%7C%20Michael%20Arclight*s*Tron%20%7C%20Byron%20Arclight,r
III | Michael Arclight/Vector,2,/tags/III%20%7C%20Michael%20Arclight*s*Vector,r
III | Michael Arclight/Tsukumo Yuuma,9,/tags/III%20%7C%20Michael%20Arclight*s*Tsukumo%20Yuuma,r
III | Michael Arclight/Hau (Pokemon),0,/tags/III%20%7C%20Michael%20Arclight*s*Hau%20(Pokemon),r
Minor Tsukumo Yuuma/Vector,1,/tags/Minor%20Tsukumo%20Yuuma*s*Vector,f
V | Chris Arclight & Mizael,0,/tags/V%20%7C%20Chris%20Arclight%20*a*%20Mizael,r
V | Chris Arclight & IV | Thomas Arclight,1,/tags/V%20%7C%20Chris%20Arclight%20*a*%20IV%20%7C%20Thomas%20Arclight,r
V | Chris Arclight/Durbe,1,/tags/V%20%7C%20Chris%20Arclight*s*Durbe,r
V | Chris Arclight/IV | Thomas Arclight/Gauche,0,/tags/V%20%7C%20Chris%20Arclight*s*IV%20%7C%20Thomas%20Arclight*s*Gauche,r
V | Chris Arclight/Mizael/Tenjou Kaito,1,/tags/V%20%7C%20Chris%20Arclight*s*Mizael*s*Tenjou%20Kaito,r
V | Chris Arclight/Reader,9,/tags/V%20%7C%20Chris%20Arclight*s*Reader,r
V | Chris Arclight/Tsukumo Yuuma,5,/tags/V%20%7C%20Chris%20Arclight*s*Tsukumo%20Yuuma,r
V | Chris Arclight & Tenjou Kaito,6,/tags/V%20%7C%20Chris%20Arclight%20*a*%20Tenjou%20Kaito,r
V | Chris Arclight & Tsukumo Akari,0,/tags/V%20%7C%20Chris%20Arclight%20*a*%20Tsukumo%20Akari,r
V | Chris Arclight/Tsukumo Akari,3,/tags/V%20%7C%20Chris%20Arclight*s*Tsukumo%20Akari,r
V | Chris Arclight/Gauche,2,/tags/V%20%7C%20Chris%20Arclight*s*Gauche,r
V | Chris Arclight/Mizael,2,/tags/V%20%7C%20Chris%20Arclight*s*Mizael,r
No. 107 Galaxy Eyes Tachyon Dragon/Tsukumo Yuuma,0,/tags/No*d*%20107%20Galaxy%20Eyes%20Tachyon%20Dragon*s*Tsukumo%20Yuuma,r
Enna/No. 96 Black Mist | Dark Mist,0,/tags/Enna*s*No*d*%2096%20Black%20Mist%20%7C%20Dark%20Mist,r
Mutou Yuugi & Tsukumo Yuuma,4,/tags/Mutou%20Yuugi%20*a*%20Tsukumo%20Yuuma,r
Mizael & Tsukumo Yuuma,1,/tags/Mizael%20*a*%20Tsukumo%20Yuuma,r
Durbe & Tsukumo Yuuma,2,/tags/Durbe%20*a*%20Tsukumo%20Yuuma,r
Kamishiro Rio & Tsukumo Yuuma,3,/tags/Kamishiro%20Rio%20*a*%20Tsukumo%20Yuuma,r
Minor Durbe/Kamishiro Ryouga,1,/tags/Minor%20Durbe*s*Kamishiro%20Ryouga,f
Minor Kamishiro Rio/Mizuki Kotori,1,/tags/Minor%20Kamishiro%20Rio*s*Mizuki%20Kotori,f
Astral Has a Body (Yu-Gi-Oh),0,/tags/Astral%20Has%20a%20Body%20(Yu-Gi-Oh),f
Post-Yu-Gi-Oh! Zexal,3,/tags/Post-Yu-Gi-Oh!%20Zexal,f
Mizael (Yu-Gi-Oh)/Original Female Character(s),1,/tags/Mizael%20(Yu-Gi-Oh)*s*Original%20Female%20Character(s),r
Mr. Heartland/Jean-Michel Roget,0,/tags/Mr*d*%20Heartland*s*Jean-Michel%20Roget,r
Vector's Mother (Yu-Gi-Oh),1,/tags/Vector's%20Mother%20(Yu-Gi-Oh),c
Cathy & Tsukumo Yuuma,0,/tags/Cathy%20*a*%20Tsukumo%20Yuuma,r
No. 96 Black Mist | Dark Mist/Scrap Baby (Five Nights at Freddy's),0,/tags/No*d*%2096%20Black%20Mist%20%7C%20Dark%20Mist*s*Scrap%20Baby%20(Five%20Nights%20at%20Freddy's),r
Vector Being an Asshole (Yu-Gi-Oh),1,/tags/Vector%20Being%20an%20Asshole%20(Yu-Gi-Oh),f
Human Astral (Yu-Gi-Oh),3,/tags/Human%20Astral%20(Yu-Gi-Oh),f
Astral/Kamishiro Rio,1,/tags/Astral*s*Kamishiro%20Rio,r
Iris & Kamishiro Rio,0,/tags/Iris%20*a*%20Kamishiro%20Rio,r
Durbe/Merag (Yu-Gi-Oh),1,/tags/Durbe*s*Merag%20(Yu-Gi-Oh),r
Alit/Gilag (Yu-Gi-Oh),2,/tags/Alit*s*Gilag%20(Yu-Gi-Oh),r
Alit/Gilag/Mizael (Yu-Gi-Oh),0,/tags/Alit*s*Gilag*s*Mizael%20(Yu-Gi-Oh),r
Alit/Gilag/Vector (Yu-Gi-Oh),0,/tags/Alit*s*Gilag*s*Vector%20(Yu-Gi-Oh),r
Alit/Mizael (Yu-Gi-Oh),1,/tags/Alit*s*Mizael%20(Yu-Gi-Oh),r
Alit/Vector (Yu-Gi-Oh),6,/tags/Alit*s*Vector%20(Yu-Gi-Oh),r
Astral/Vector (Yu-Gi-Oh),0,/tags/Astral*s*Vector%20(Yu-Gi-Oh),r
Durbe & Merag (Yu-Gi-Oh),2,/tags/Durbe%20*a*%20Merag%20(Yu-Gi-Oh),r
Durbe & Nasch (Yu-Gi-Oh),1,/tags/Durbe%20*a*%20Nasch%20(Yu-Gi-Oh),r
Astral/Zexal (Yu-Gi-Oh),0,/tags/Astral*s*Zexal%20(Yu-Gi-Oh),r
Durbe/Merag/Nasch (Yu-Gi-Oh),0,/tags/Durbe*s*Merag*s*Nasch%20(Yu-Gi-Oh),r
Durbe/Mizael (Yu-Gi-Oh),2,/tags/Durbe*s*Mizael%20(Yu-Gi-Oh),r
Durbe/Mizael/Vector (Yu-Gi-Oh),0,/tags/Durbe*s*Mizael*s*Vector%20(Yu-Gi-Oh),r
Durbe/Nasch (Yu-Gi-Oh),5,/tags/Durbe*s*Nasch%20(Yu-Gi-Oh),r
Gilag/Vector (Yu-Gi-Oh),0,/tags/Gilag*s*Vector%20(Yu-Gi-Oh),r
Iris & Nasch (Yu-Gi-Oh),0,/tags/Iris%20*a*%20Nasch%20(Yu-Gi-Oh),r
Kaninja/Kurage (Yu-Gi-Oh),0,/tags/Kaninja*s*Kurage%20(Yu-Gi-Oh),r
Mr. Heartland/Kurage (Yu-Gi-Oh),0,/tags/Mr*d*%20Heartland*s*Kurage%20(Yu-Gi-Oh),r
Kurage (Yu-Gi-Oh),4,/tags/Kurage%20(Yu-Gi-Oh),c
Merag & Nasch (Yu-Gi-Oh),3,/tags/Merag%20*a*%20Nasch%20(Yu-Gi-Oh),r
Yuatsu Shobee,35,/tags/Yuatsu%20Shobee,c
Tsukumo Yuuma/Yuatsu Shobee,34,/tags/Tsukumo%20Yuuma*s*Yuatsu%20Shobee,r
Kamishiro Rio/Merag,3,/tags/Kamishiro%20Rio*s*Merag,r
Hayami Shuuta,1,/tags/Hayami%20Shuuta,c
Cathy/Kamishiro Rio/Mizuki Kotori,0,/tags/Cathy*s*Kamishiro%20Rio*s*Mizuki%20Kotori,r
Minor Durbe/Mizael (Yu-Gi-Oh),1,/tags/Minor%20Durbe*s*Mizael%20(Yu-Gi-Oh),f
Nasch & Vector (Yu-Gi-Oh),2,/tags/Nasch%20*a*%20Vector%20(Yu-Gi-Oh),r
Mr. Heartland/Vector (Yu-Gi-Oh),0,/tags/Mr*d*%20Heartland*s*Vector%20(Yu-Gi-Oh),r
Obomi/Orbital 7 (Yu-Gi-Oh),5,/tags/Obomi*s*Orbital%207%20(Yu-Gi-Oh),r
Nasch/Vector (Yu-Gi-Oh),9,/tags/Nasch*s*Vector%20(Yu-Gi-Oh),r
Mizael/Vector (Yu-Gi-Oh),9,/tags/Mizael*s*Vector%20(Yu-Gi-Oh),r
Vector/Vector (Yu-Gi-Oh),2,/tags/Vector*s*Vector%20(Yu-Gi-Oh),r
Zexal III (Yu-Gi-Oh),7,/tags/Zexal%20III%20(Yu-Gi-Oh),c
Zexal II (Yu-Gi-Oh),16,/tags/Zexal%20II%20(Yu-Gi-Oh),c
Dark Zexal (Yu-Gi-Oh),8,/tags/Dark%20Zexal%20(Yu-Gi-Oh),c
Zexal (Yu-Gi-Oh),15,/tags/Zexal%20(Yu-Gi-Oh),c
Zexal/Zexal III (Yu-Gi-Oh),2,/tags/Zexal*s*Zexal%20III%20(Yu-Gi-Oh),r
Dark Zexal/Vector (Yu-Gi-Oh),1,/tags/Dark%20Zexal*s*Vector%20(Yu-Gi-Oh),r
Nasch/Zexal II (Yu-Gi-Oh),3,/tags/Nasch*s*Zexal%20II%20(Yu-Gi-Oh),r
Vector/Zexal II (Yu-Gi-Oh),9,/tags/Vector*s*Zexal%20II%20(Yu-Gi-Oh),r
Astral & No. 96 Black Mist | Dark Mist & Tsukumo Yuuma,1,/tags/Astral%20*a*%20No*d*%2096%20Black%20Mist%20%7C%20Dark%20Mist%20*a*%20Tsukumo%20Yuuma,r
Fujiki Yuusaku & Tsukumo Yuuma,5,/tags/Fujiki%20Yuusaku%20*a*%20Tsukumo%20Yuuma,r
Kamishiro Ryouga/Okudaira Fuuya,0,/tags/Kamishiro%20Ryouga*s*Okudaira%20Fuuya,r
Nasch/Okudaira Fuuya,0,/tags/Nasch*s*Okudaira%20Fuuya,r
Astral (Yu-Gi-Oh)/Original Character(s),0,/tags/Astral%20(Yu-Gi-Oh)*s*Original%20Character(s),r
Kurosaki Ruri/Tenjou Kaito,3,/tags/Kurosaki%20Ruri*s*Tenjou%20Kaito,r
Post-World Duel Carnival (Yu-Gi-Oh),3,/tags/Post-World%20Duel%20Carnival%20(Yu-Gi-Oh),f
Tenjou Kaito/Tenjou Kaito,0,/tags/Tenjou%20Kaito*s*Tenjou%20Kaito,r
Tenjou Kaito & Original Character(s),2,/tags/Tenjou%20Kaito%20*a*%20Original%20Character(s),r
Kamishiro Rio/Mizael/Vector,2,/tags/Kamishiro%20Rio*s*Mizael*s*Vector,r
Heart and Soul: A Yu-Gi-Oh! Signature Cards Zine 2021,1,/tags/Heart%20and%20Soul:%20A%20Yu-Gi-Oh!%20Signature%20Cards%20Zine%202021,f
Yu-Gi-Oh Zexal Tenth Anniversary,0,/tags/Yu-Gi-Oh%20Zexal%20Tenth%20Anniversary,f
Kamishiro Ryouga & No. 32: Marine Biting Dragon | Shark Drake,0,/tags/Kamishiro%20Ryouga%20*a*%20No*d*%2032:%20Marine%20Biting%20Dragon%20%7C%20Shark%20Drake,r
Tsukumo Kazuma & Tsukumo Yuuma,0,/tags/Tsukumo%20Kazuma%20*a*%20Tsukumo%20Yuuma,r
Alit (Yu-Gi-Oh)/Reader,0,/tags/Alit%20(Yu-Gi-Oh)*s*Reader,r
Cathy (Yu-Gi-Oh),26,/tags/Cathy%20(Yu-Gi-Oh),c
Alit/Kamishiro Ryouga,1,/tags/Alit*s*Kamishiro%20Ryouga,r
Zexal Week 2021,6,/tags/Zexal%20Week%202021,f
Zine: Get Your Gay On - An LGBT+ Yu-Gi-Oh! Fanzine,2,/tags/Zine:%20Get%20Your%20Gay%20On%20-%20An%20LGBT+%20Yu-Gi-Oh!%20Fanzine,f
Cathy/Todoroki Takashi,1,/tags/Cathy*s*Todoroki%20Takashi,r
Mizael/Tenjou Kaito/Reader,0,/tags/Mizael*s*Tenjou%20Kaito*s*Reader,r
Tenjou Kaito & Original Male Character(s),0,/tags/Tenjou%20Kaito%20*a*%20Original%20Male%20Character(s),r
Tsukumo Kazuma/Tsukumo Mirai,4,/tags/Tsukumo%20Kazuma*s*Tsukumo%20Mirai,r
IV | Thomas Arclight/Kamishiro Rio/Kamishiro Ryouga,5,/tags/IV%20%7C%20Thomas%20Arclight*s*Kamishiro%20Rio*s*Kamishiro%20Ryouga,r
IV | Thomas Arclight/Kamishiro Ryouga,28,/tags/IV%20%7C%20Thomas%20Arclight*s*Kamishiro%20Ryouga,r
IV | Thomas Arclight/Mr. Heartland,1,/tags/IV%20%7C%20Thomas%20Arclight*s*Mr*d*%20Heartland,r
IV | Thomas Arclight/Tenjou Kaito,11,/tags/IV%20%7C%20Thomas%20Arclight*s*Tenjou%20Kaito,r
IV | Thomas Arclight/Vector,4,/tags/IV%20%7C%20Thomas%20Arclight*s*Vector,r
Taichi (Yu-Gi-Oh),0,/tags/Taichi%20(Yu-Gi-Oh),c
Kamishiro Ryouga/Mizuki Kotori/Tenjou Kaito/Tsukumo Yuuma,0,/tags/Kamishiro%20Ryouga*s*Mizuki%20Kotori*s*Tenjou%20Kaito*s*Tsukumo%20Yuuma,r
Zexal Summer Week 2021,5,/tags/Zexal%20Summer%20Week%202021,f
Kamishiro Ryouga/Mizael,1,/tags/Kamishiro%20Ryouga*s*Mizael,r
Todoroki Takashi/Tsukumo Yuuma,2,/tags/Todoroki%20Takashi*s*Tsukumo%20Yuuma,r
Don Thousand/Eliphas,2,/tags/Don%20Thousand*s*Eliphas,r
IV | Thomas Arclight/Kurosaki Shun,0,/tags/IV%20%7C%20Thomas%20Arclight*s*Kurosaki%20Shun,r
Mayumi (Yu-Gi-Oh Zexal),1,/tags/Mayumi%20(Yu-Gi-Oh%20Zexal),c
Habara Tobio,1,/tags/Habara%20Tobio,c
Habara Umimi,1,/tags/Habara%20Umimi,c
Habara Tobio/Habara Umimi,1,/tags/Habara%20Tobio*s*Habara%20Umimi,r
IV | Thomas Arclight/Kamishiro Ryouga/Original Female Character(s),0,/tags/IV%20%7C%20Thomas%20Arclight*s*Kamishiro%20Ryouga*s*Original%20Female%20Character(s),r
Fujiki Yuusaku & Tenjou Kaito,2,/tags/Fujiki%20Yuusaku%20*a*%20Tenjou%20Kaito,r
Charlie McCoy/Tsukumo Akari,1,/tags/Charlie%20McCoy*s*Tsukumo%20Akari,r
Charlie McCoy (Yu-Gi-Oh),1,/tags/Charlie%20McCoy%20(Yu-Gi-Oh),c
Tsukumo Yuuma & Yusa Shoma,1,/tags/Tsukumo%20Yuuma%20*a*%20Yusa%20Shoma,r
Astral/Tsukumo Akari,1,/tags/Astral*s*Tsukumo%20Akari,r
III | Michael Arclight/Kamishiro Ryouga/Tsukumo Yuuma,0,/tags/III%20%7C%20Michael%20Arclight*s*Kamishiro%20Ryouga*s*Tsukumo%20Yuuma,r
IV | Thomas Arclight & Tron | Byron Arclight,1,/tags/IV%20%7C%20Thomas%20Arclight%20*a*%20Tron%20%7C%20Byron%20Arclight,r
III | Michael Arclight & Tron | Byron Arclight,1,/tags/III%20%7C%20Michael%20Arclight%20*a*%20Tron%20%7C%20Byron%20Arclight,r
V | Chris Arclight & Tron | Byron Arclight,1,/tags/V%20%7C%20Chris%20Arclight%20*a*%20Tron%20%7C%20Byron%20Arclight,r
Kamishiro Ryouga/No. 32: Marine Biting Dragon | Shark Drake,0,/tags/Kamishiro%20Ryouga*s*No*d*%2032:%20Marine%20Biting%20Dragon%20%7C%20Shark%20Drake,r
IV | Thomas Arclight/Kamishiro Rio/Vector,0,/tags/IV%20%7C%20Thomas%20Arclight*s*Kamishiro%20Rio*s*Vector,r
Gilag/Hanazoe Aika,2,/tags/Gilag*s*Hanazoe%20Aika,r
V | Chris Arclight/Dennis Mackfield,0,/tags/V%20%7C%20Chris%20Arclight*s*Dennis%20Mackfield,r
Tsukumo Yuuma & Yuto,1,/tags/Tsukumo%20Yuuma%20*a*%20Yuto,r
Mutou Yuugi & Yami Yuugi Share A Body,3,/tags/Mutou%20Yuugi%20*a*%20Yami%20Yuugi%20Share%20A%20Body,f
Sans (Undertale)/Tsukumo Yuuma,0,/tags/Sans%20(Undertale)*s*Tsukumo%20Yuuma,r
Kozuki Anna/Original Character(s),0,/tags/Kozuki%20Anna*s*Original%20Character(s),r
Tsukumo Akari/Original Character(s),0,/tags/Tsukumo%20Akari*s*Original%20Character(s),r
Tenjou Kaito & Yuuki Judai | Jaden Yuki,0,/tags/Tenjou%20Kaito%20*a*%20Yuuki%20Judai%20%7C%20Jaden%20Yuki,r
Zine: Yu-Gi-Oh! Sideline Stars Zine,0,/tags/Zine:%20Yu-Gi-Oh!%20Sideline%20Stars%20Zine,f
Don Thousand & Tsukumo Yuuma,1,/tags/Don%20Thousand%20*a*%20Tsukumo%20Yuuma,r
A Tie that Binds: A Yu-Gi-Oh! Holiday Zine,3,/tags/A%20Tie%20that%20Binds:%20A%20Yu-Gi-Oh!%20Holiday%20Zine,f
Dr. Faker/Luna (Yu-Gi-Oh),0,/tags/Dr*d*%20Faker*s*Luna%20(Yu-Gi-Oh),r
Alit/Eliphas (Yu-Gi-Oh),0,/tags/Alit*s*Eliphas%20(Yu-Gi-Oh),r
Tsukumo Yuuma & Yuri,1,/tags/Tsukumo%20Yuuma%20*a*%20Yuri,r
Tsukumo Yuuma/Yuri,1,/tags/Tsukumo%20Yuuma*s*Yuri,r
Merag/Vector (Yu-Gi-Oh),4,/tags/Merag*s*Vector%20(Yu-Gi-Oh),r
Merag/Nasch (Yu-Gi-Oh),5,/tags/Merag*s*Nasch%20(Yu-Gi-Oh),r
Akaba Reiji & Tenjou Kaito,0,/tags/Akaba%20Reiji%20*a*%20Tenjou%20Kaito,r
Tsukumo Yuuma & Other(s),0,/tags/Tsukumo%20Yuuma%20*a*%20Other(s),r
Mizuki Kotori/Yuatsu Shobee,2,/tags/Mizuki%20Kotori*s*Yuatsu%20Shobee,r
Tenjou Kaito & Yugo,0,/tags/Tenjou%20Kaito%20*a*%20Yugo,r
Fudou Yuusei & Fujiki Yuusaku & Mutou Yuugi & Sakaki Yuya & Tsukumo Yuuma & Yuuki Juudai,2,/tags/Fudou%20Yuusei%20*a*%20Fujiki%20Yuusaku%20*a*%20Mutou%20Yuugi%20*a*%20Sakaki%20Yuya%20*a*%20Tsukumo%20Yuuma%20*a*%20Yuuki%20Juudai,r
Alit/III | Michael Arclight/Tsukumo Yuuma,0,/tags/Alit*s*III%20%7C%20Michael%20Arclight*s*Tsukumo%20Yuuma,r
Durbe (Yu-Gi-Oh)/Original Female Character(s),2,/tags/Durbe%20(Yu-Gi-Oh)*s*Original%20Female%20Character(s),r
Tenjou Kaito/Original Female Character(s),1,/tags/Tenjou%20Kaito*s*Original%20Female%20Character(s),r
IV | Thomas Arclight/Original Female Character(s),2,/tags/IV%20%7C%20Thomas%20Arclight*s*Original%20Female%20Character(s),r
III | Michael Arclight/Original Female Character(s),0,/tags/III%20%7C%20Michael%20Arclight*s*Original%20Female%20Character(s),r
V | Chris Arclight/Original Female Character(s),0,/tags/V%20%7C%20Chris%20Arclight*s*Original%20Female%20Character(s),r
Leafia | Leafeon & Tsukumo Yuuma,0,/tags/Leafia%20%7C%20Leafeon%20*a*%20Tsukumo%20Yuuma,r
Astral/Sakaki Yuya/Tsukumo Yuuma/Yugo/Yuri/Yuto,0,/tags/Astral*s*Sakaki%20Yuya*s*Tsukumo%20Yuuma*s*Yugo*s*Yuri*s*Yuto,r
Yu-Gi-Oh! Mini-Exchange 2021,0,/tags/Yu-Gi-Oh!%20Mini-Exchange%202021,f
Yu-Gi-Oh! Mini-Exchange 2019,0,/tags/Yu-Gi-Oh!%20Mini-Exchange%202019,f
Yu-Gi-Oh! Mini-Exchange 2018,0,/tags/Yu-Gi-Oh!%20Mini-Exchange%202018,f
Yu-Gi-Oh! Mini-Exchange 2020,0,/tags/Yu-Gi-Oh!%20Mini-Exchange%202020,f
Carly Nagisa/Tsukumo Akari,1,/tags/Carly%20Nagisa*s*Tsukumo%20Akari,r
Tsukumo Yuuma/Others,0,/tags/Tsukumo%20Yuuma*s*Others,r
Astral & Takeda Tatsuo,1,/tags/Astral%20*a*%20Takeda%20Tatsuo,r
Astral & Kamishiro Rio,1,/tags/Astral%20*a*%20Kamishiro%20Rio,r
Astral & Tsukumo Akari,1,/tags/Astral%20*a*%20Tsukumo%20Akari,r
Mizuki Kotori & Tsukumo Akari,1,/tags/Mizuki%20Kotori%20*a*%20Tsukumo%20Akari,r
Tsukumo Yuuma & Windy,1,/tags/Tsukumo%20Yuuma%20*a*%20Windy,r
Astral & Tsukumo Yuuma & Windy,1,/tags/Astral%20*a*%20Tsukumo%20Yuuma%20*a*%20Windy,r
Alit (Yu-Gi-Oh)/Original Character(s),0,/tags/Alit%20(Yu-Gi-Oh)*s*Original%20Character(s),r
Dark Zexal/Zexal II (Yu-Gi-Oh),2,/tags/Dark%20Zexal*s*Zexal%20II%20(Yu-Gi-Oh),r
Droite/Zexal II (Yu-Gi-Oh),0,/tags/Droite*s*Zexal%20II%20(Yu-Gi-Oh),r
Durbe (Yu-Gi-Oh)/Original Character(s),0,/tags/Durbe%20(Yu-Gi-Oh)*s*Original%20Character(s),r
Mizael (Yu-Gi-Oh)/Original Character(s),1,/tags/Mizael%20(Yu-Gi-Oh)*s*Original%20Character(s),r
Zexal II (Yu-Gi-Oh)/Other(s),0,/tags/Zexal%20II%20(Yu-Gi-Oh)*s*Other(s),r
YGO Rare Pairs Mini Bang 2022,0,/tags/YGO%20Rare%20Pairs%20Mini%20Bang%202022,f
No. S0: Hope Zexal | Utopic Zexal/Vector/Zexal II,1,/tags/No*d*%20S0:%20Hope%20Zexal%20%7C%20Utopic%20Zexal*s*Vector*s*Zexal%20II,r
Dennis Mackfield/Tenjou Kaito,0,/tags/Dennis%20Mackfield*s*Tenjou%20Kaito,r
Astral/Fujiki Yuusaku/Tsukumo Yuuma,0,/tags/Astral*s*Fujiki%20Yuusaku*s*Tsukumo%20Yuuma,r
Misawa Rokujuro,0,/tags/Misawa%20Rokujuro,c
Project Sakura: A Yu-Gi-Oh! Zine,0,/tags/Project%20Sakura:%20A%20Yu-Gi-Oh!%20Zine,f
E'Rah/No. S0: Hope Zexal | Utopic Zexal,6,/tags/E'Rah*s*No*d*%20S0:%20Hope%20Zexal%20%7C%20Utopic%20Zexal,r
No. S0: Hope Zexal | Utopic Zexal/Zexal,1,/tags/No*d*%20S0:%20Hope%20Zexal%20%7C%20Utopic%20Zexal*s*Zexal,r
No. 96 Black Mist | Dark Mist/Zexal,2,/tags/No*d*%2096%20Black%20Mist%20%7C%20Dark%20Mist*s*Zexal,r
Mizuki Kotori & Tsukumo Yuuma,4,/tags/Mizuki%20Kotori%20*a*%20Tsukumo%20Yuuma,r
Gilag/Kamishiro Rio,1,/tags/Gilag*s*Kamishiro%20Rio,r
Yasai Housaku,1,/tags/Yasai%20Housaku,c
Kamishiro Ryouga & Other(s),0,/tags/Kamishiro%20Ryouga%20*a*%20Other(s),r
Mizael/Mizuki Kotori,0,/tags/Mizael*s*Mizuki%20Kotori,r
Tsukumo Haru/Yone,1,/tags/Tsukumo%20Haru*s*Yone,r
Gilag & Kamishiro Rio,1,/tags/Gilag%20*a*%20Kamishiro%20Rio,r
Alit/Durbe/Gilag/Kamishiro Rio/Kamishiro Ryouga/Mizael/Vector,0,/tags/Alit*s*Durbe*s*Gilag*s*Kamishiro%20Rio*s*Kamishiro%20Ryouga*s*Mizael*s*Vector,r
Dr. Faker/Tron | Byron Arclight,1,/tags/Dr*d*%20Faker*s*Tron%20%7C%20Byron%20Arclight,r
Fudou Yuusei & Tsukumo Yuuma,3,/tags/Fudou%20Yuusei%20*a*%20Tsukumo%20Yuuma,r
Orbital 7 & Tenjou Kaito,1,/tags/Orbital%207%20*a*%20Tenjou%20Kaito,r
Kamishiro Rio/Olga,1,/tags/Kamishiro%20Rio*s*Olga,r
Kaiba Seto & Tsukumo Yuuma,0,/tags/Kaiba%20Seto%20*a*%20Tsukumo%20Yuuma,r
Astral & Mazaki Anzu | Tea Gardner & Tsukumo Yuuma,0,/tags/Astral%20*a*%20Mazaki%20Anzu%20%7C%20Tea%20Gardner%20*a*%20Tsukumo%20Yuuma,r
Astral & Tsukumo Yuma & Yami Yuugi,0,/tags/Astral%20*a*%20Tsukumo%20Yuma%20*a*%20Yami%20Yuugi,r
V | Chris Arclight/No. 9 Canopy Star - Dyson Sphere | Dyson Sphere,1,/tags/V%20%7C%20Chris%20Arclight*s*No*d*%209%20Canopy%20Star%20-%20Dyson%20Sphere%20%7C%20Dyson%20Sphere,r
Yu-Gi-Oh Zexal Rarepair Week 2022,0,/tags/Yu-Gi-Oh%20Zexal%20Rarepair%20Week%202022,f
Yone (Yu-Gi-Oh),0,/tags/Yone%20(Yu-Gi-Oh),c
Okudaira Fuuya/Okudaira Fuuya,0,/tags/Okudaira%20Fuuya*s*Okudaira%20Fuuya,r
Kunitachi Kakeru/Tsukumo Yuuma,1,/tags/Kunitachi%20Kakeru*s*Tsukumo%20Yuuma,r
Yamikawa (Yu-Gi-Oh),1,/tags/Yamikawa%20(Yu-Gi-Oh),c
Tsukumo Yuuma/Yamikawa,2,/tags/Tsukumo%20Yuuma*s*Yamikawa,r
Vector & Zexal III (Yu-Gi-Oh),1,/tags/Vector%20*a*%20Zexal%20III%20(Yu-Gi-Oh),r
Dark Zexal/Zexal (Yu-Gi-Oh!),1,/tags/Dark%20Zexal*s*Zexal%20(Yu-Gi-Oh!),r
Zexal II/Zexal III (Yu-Gi-Oh),2,/tags/Zexal%20II*s*Zexal%20III%20(Yu-Gi-Oh),r
Durbe/Fujiki Yuusaku,1,/tags/Durbe*s*Fujiki%20Yuusaku,r
Sakaki Yusho/Tsukumo Kazuma,0,/tags/Sakaki%20Yusho*s*Tsukumo%20Kazuma,r
IV | Thomas Arclight/Durbe/Kamishiro Ryouga,1,/tags/IV%20%7C%20Thomas%20Arclight*s*Durbe*s*Kamishiro%20Ryouga,r
Kaiba Seto/Tenjou Kaito,1,/tags/Kaiba%20Seto*s*Tenjou%20Kaito,r
No. 96 Black Mist | Dark Mist/Shingetsu Rei,1,/tags/No*d*%2096%20Black%20Mist%20%7C%20Dark%20Mist*s*Shingetsu%20Rei,r
Akaba Reiji/IV | Thomas Arclight,0,/tags/Akaba%20Reiji*s*IV%20%7C%20Thomas%20Arclight,r
Homura Takeru/Tenjou Kaito,1,/tags/Homura%20Takeru*s*Tenjou%20Kaito,r
Akaba Reiji/Kamishiro Ryouga,1,/tags/Akaba%20Reiji*s*Kamishiro%20Ryouga,r
IV | Thomas Arclight/Akaba Reiji/Kamishiro Ryouga,0,/tags/IV%20%7C%20Thomas%20Arclight*s*Akaba%20Reiji*s*Kamishiro%20Ryouga,r
IV | Thomas Arclight/Gimmick Puppet Necro Doll | Gimmick Puppet Dreary Doll,0,/tags/IV%20%7C%20Thomas%20Arclight*s*Gimmick%20Puppet%20Necro%20Doll%20%7C%20Gimmick%20Puppet%20Dreary%20Doll,r
Yu-Gi-Oh! Rare Pair Week 2022,0,/tags/Yu-Gi-Oh!%20Rare%20Pair%20Week%202022,f
Eliphas/Enna (Yu-Gi-Oh),0,/tags/Eliphas*s*Enna%20(Yu-Gi-Oh),r
Don Thousand/Enna,0,/tags/Don%20Thousand*s*Enna,r
Mrs. Mizuki/Mrs. Okudaira,1,/tags/Mrs*d*%20Mizuki*s*Mrs*d*%20Okudaira,r
Don Thousand/Merag,1,/tags/Don%20Thousand*s*Merag,r
Fujiki Yuusaku/Tsukumo Yuuma,3,/tags/Fujiki%20Yuusaku*s*Tsukumo%20Yuuma,r
Zexal/Zexal II (Yu-Gi-Oh),1,/tags/Zexal*s*Zexal%20II%20(Yu-Gi-Oh),r
IV | Thomas Arclight & Fujiki Yuusaku,1,/tags/IV%20%7C%20Thomas%20Arclight%20*a*%20Fujiki%20Yuusaku,r
Tsukumo Yuuma & Everyone,1,/tags/Tsukumo%20Yuuma%20*a*%20Everyone,r
Atachi Mimi & Tron | Byron Arclight,1,/tags/Atachi%20Mimi%20*a*%20Tron%20%7C%20Byron%20Arclight,r
Don Thousand/Kamishiro Rio,1,/tags/Don%20Thousand*s*Kamishiro%20Rio,r
Astral & Vector (Yu-Gi-Oh),0,/tags/Astral%20*a*%20Vector%20(Yu-Gi-Oh),r
Yu-Gi-Oh! Mini-Exchange 2022,1,/tags/Yu-Gi-Oh!%20Mini-Exchange%202022,f
Okudaira Fuuya/Reader,1,/tags/Okudaira%20Fuuya*s*Reader,r
Kurosaki Shun & Tsukumo Yuuma,1,/tags/Kurosaki%20Shun%20*a*%20Tsukumo%20Yuuma,r
Astral/Shiunin Sora,0,/tags/Astral*s*Shiunin%20Sora,r
Kamishiro Rio/Tenjou Haruto,1,/tags/Kamishiro%20Rio*s*Tenjou%20Haruto,r
Mr. Heartland (Yu-Gi-Oh)/Billy Loomis,0,/tags/Mr*d*%20Heartland%20(Yu-Gi-Oh)*s*Billy%20Loomis,r
Kamishiro Rio & Yuto,1,/tags/Kamishiro%20Rio%20*a*%20Yuto,r
V | Chris Arclight/Fujiki Yuusaku,2,/tags/V%20%7C%20Chris%20Arclight*s*Fujiki%20Yuusaku,r
Gauche/Tsukumo Yuuma,1,/tags/Gauche*s*Tsukumo%20Yuuma,r
YGO Rare Pairs Mini Bang 2022-2023 (Yu-Gi-Oh),0,/tags/YGO%20Rare%20Pairs%20Mini%20Bang%202022-2023%20(Yu-Gi-Oh),f
YGO Collab Love Discord Server's Valentines Day Event 2023 (Yu-Gi-Oh),0,/tags/YGO%20Collab%20Love%20Discord%20Server's%20Valentines%20Day%20Event%202023%20(Yu-Gi-Oh),f
Niji Kuriboh | Rainbow Kuriboh,0,/tags/Niji%20Kuriboh%20%7C%20Rainbow%20Kuriboh,c
Kurosaki Ruri & Kurosaki Shun & Tsukumo Yuuma,0,/tags/Kurosaki%20Ruri%20*a*%20Kurosaki%20Shun%20*a*%20Tsukumo%20Yuuma,r
Fudou Yuusei & Mutou Yuugi & Tsukumo Yuuma & Yuuki Juudai | Jaden Yuki,1,/tags/Fudou%20Yuusei%20*a*%20Mutou%20Yuugi%20*a*%20Tsukumo%20Yuuma%20*a*%20Yuuki%20Juudai%20%7C%20Jaden%20Yuki,r
V | Chris Arclight & Tenjou Haruto,0,/tags/V%20%7C%20Chris%20Arclight%20*a*%20Tenjou%20Haruto,r
Fujiki Yuusaku & Tenjou Haruto & Tenjou Kaito,0,/tags/Fujiki%20Yuusaku%20*a*%20Tenjou%20Haruto%20*a*%20Tenjou%20Kaito,r
Droite/Ruka (Yu-Gi-Oh),0,/tags/Droite*s*Ruka%20(Yu-Gi-Oh),r
Tsukumo Yuuma & Original Male Character(s),1,/tags/Tsukumo%20Yuuma%20*a*%20Original%20Male%20Character(s),r
Kamishiro Ryouga & Original Character(s),1,/tags/Kamishiro%20Ryouga%20*a*%20Original%20Character(s),r
Merag (Yu-Gi-Oh)/Other(s),0,/tags/Merag%20(Yu-Gi-Oh)*s*Other(s),r
Tenjou Kaito/Tenjou Kaito (Yu-Gi-Oh! ARC-V),0,/tags/Tenjou%20Kaito*s*Tenjou%20Kaito%20(Yu-Gi-Oh!%20ARC-V),r
Merag & Vector (Yu-Gi-Oh),0,/tags/Merag%20*a*%20Vector%20(Yu-Gi-Oh),r
Tsukumo Yuuma/Yuuki Juudai | Jaden Yuki,0,/tags/Tsukumo%20Yuuma*s*Yuuki%20Juudai%20%7C%20Jaden%20Yuki,r
IV | Thomas Arclight & IV | Thomas Arclight,0,/tags/IV%20%7C%20Thomas%20Arclight%20*a*%20IV%20%7C%20Thomas%20Arclight,r
Tenjou Kaito/Other(s),0,/tags/Tenjou%20Kaito*s*Other(s),r
Fallguys Jackal,1,/tags/Fallguys%20Jackal,c
Revolver | Kougami Ryouken & Tenjou Kaito,0,/tags/Revolver%20%7C%20Kougami%20Ryouken%20*a*%20Tenjou%20Kaito,r
Tenjou Kaito & Manjoume Jun | Chazz Princeton,0,/tags/Tenjou%20Kaito%20*a*%20Manjoume%20Jun%20%7C%20Chazz%20Princeton,r
Shiunin Sora & Vector,0,/tags/Shiunin%20Sora%20*a*%20Vector,r
