tag,count,href,category
Hershel Layton,1478,/tags/Hershel%20Layton,c
Luke Triton,852,/tags/Luke%20Triton,c
Flora Reinhold,441,/tags/Flora%20Reinhold,c
Anton Herzen,34,/tags/Anton%20Herzen,c
Hershel Layton/Luke Triton,88,/tags/Hershel%20Layton*s*Luke%20Triton,r
Flora Reinhold/Luke Triton,16,/tags/Flora%20Reinhold*s*Luke%20Triton,r
Claire (Professor Layton),215,/tags/Claire%20(Professor%20Layton),c
Clive (Professor Layton),289,/tags/Clive%20(Professor%20Layton),c
Claire/Hershel Layton,176,/tags/Claire*s*Hershel%20Layton,r
Clive/Hershel Layton,16,/tags/Clive*s*Hershel%20Layton,r
Clark Triton,155,/tags/Clark%20Triton,c
Brenda Triton,110,/tags/Brenda%20Triton,c
Future Luke Triton,36,/tags/Future%20Luke%20Triton,c
Crow/Luke Triton,25,/tags/Crow*s*Luke%20Triton,r
Clive/Luke Triton,19,/tags/Clive*s*Luke%20Triton,r
Professor Layton Kink Meme,3,/tags/Professor%20Layton%20Kink%20Meme,f
Jean Descole,360,/tags/Jean%20Descole,c
Jean Descole/Hershel Layton,66,/tags/Jean%20Descole*s*Hershel%20Layton,r
Clive/Hershel Layton/Luke Triton,0,/tags/Clive*s*Hershel%20Layton*s*Luke%20Triton,r
Clive/Crow,0,/tags/Clive*s*Crow,r
Emmy Altava,459,/tags/Emmy%20Altava,c
Katia Anderson,26,/tags/Katia%20Anderson,c
Hershel Layton/Flora Reinhold,1,/tags/Hershel%20Layton*s*Flora%20Reinhold,r
Violet Reinhold,5,/tags/Violet%20Reinhold,c
Bruno (Professor Layton),16,/tags/Bruno%20(Professor%20Layton),c
Augustus Reinhold,4,/tags/Augustus%20Reinhold,c
Dimitri Allen,136,/tags/Dimitri%20Allen,c
Goosey (Professor Layton),0,/tags/Goosey%20(Professor%20Layton),c
Pauly (Professor Layton),1,/tags/Pauly%20(Professor%20Layton),c
Dean Delmona,23,/tags/Dean%20Delmona,c
Randall Ascot,329,/tags/Randall%20Ascot,c
Alphonse Dalston,50,/tags/Alphonse%20Dalston,c
Angela Ledore,179,/tags/Angela%20Ledore,c
Henry Ledore,181,/tags/Henry%20Ledore,c
Arianna Barde,63,/tags/Arianna%20Barde,c
Tony Barde,32,/tags/Tony%20Barde,c
Emmy Altava/Hershel Layton,103,/tags/Emmy%20Altava*s*Hershel%20Layton,r
Henry Ledore/Masked Gentleman,3,/tags/Henry%20Ledore*s*Masked%20Gentleman,r
Alphonse Dalston/Angela Ledore,2,/tags/Alphonse%20Dalston*s*Angela%20Ledore,r
Firth (Professor Layton),10,/tags/Firth%20(Professor%20Layton),c
Randall Ascot/Angela Ledore,40,/tags/Randall%20Ascot*s*Angela%20Ledore,r
Miracle Mask,20,/tags/Miracle%20Mask,f
Angela Ledore/Henry Ledore,14,/tags/Angela%20Ledore*s*Henry%20Ledore,r
Anton Herzen/Sophia,11,/tags/Anton%20Herzen*s*Sophia,r
Janice Quatlane/Melina Whistler,23,/tags/Janice%20Quatlane*s*Melina%20Whistler,r
Don Paolo,83,/tags/Don%20Paolo,c
Janice Quatlane,49,/tags/Janice%20Quatlane,c
Clive/Flora Reinhold,41,/tags/Clive*s*Flora%20Reinhold,r
Lucille Layton,62,/tags/Lucille%20Layton,c
Roland Layton,49,/tags/Roland%20Layton,c
Aurora & Luke Triton,13,/tags/Aurora%20*a*%20Luke%20Triton,r
Constantine (Layton vs. Wright),2,/tags/Constantine%20(Layton%20vs*d*%20Wright),c
Aurora/Desmond Sycamore,1,/tags/Aurora*s*Desmond%20Sycamore,r
Emmy Altava & Aurora & Keats & Hershel Layton & Raymond & Desmond Sycamore & Luke Triton,3,/tags/Emmy%20Altava%20*a*%20Aurora%20*a*%20Keats%20*a*%20Hershel%20Layton%20*a*%20Raymond%20*a*%20Desmond%20Sycamore%20*a*%20Luke%20Triton,r
Hershel Layton/Reader,12,/tags/Hershel%20Layton*s*Reader,r
Emmy Altava/Desmond Sycamore,45,/tags/Emmy%20Altava*s*Desmond%20Sycamore,r
Crow/Umid (Professor Layton),2,/tags/Crow*s*Umid%20(Professor%20Layton),r
Umid (Professor Layton),4,/tags/Umid%20(Professor%20Layton),c
Margaret (Professor Layton),2,/tags/Margaret%20(Professor%20Layton),c
Becky (Professor Layton),4,/tags/Becky%20(Professor%20Layton),c
Max (Professor Layton),2,/tags/Max%20(Professor%20Layton),c
Charlie (Professor Layton),4,/tags/Charlie%20(Professor%20Layton),c
Sean (Professor Layton),4,/tags/Sean%20(Professor%20Layton),c
Bucky (Professor Layton),3,/tags/Bucky%20(Professor%20Layton),c
Catanova (Professor Layton),1,/tags/Catanova%20(Professor%20Layton),c
Emmy Altava/Carmen Sandiego,0,/tags/Emmy%20Altava*s*Carmen%20Sandiego,r
Emmy Altava & Carmen Sandiego,0,/tags/Emmy%20Altava%20*a*%20Carmen%20Sandiego,r
Hardy (Professor Layton),1,/tags/Hardy%20(Professor%20Layton),c
Gonzales (Professor Layton),3,/tags/Gonzales%20(Professor%20Layton),c
Charlie/Socket (Professor Layton),1,/tags/Charlie*s*Socket%20(Professor%20Layton),r
Alphonse Dalston & Angela Ledore,7,/tags/Alphonse%20Dalston%20*a*%20Angela%20Ledore,r
Colby (Professor Layton),1,/tags/Colby%20(Professor%20Layton),c
Mrs. Ascot (Professor Layton),1,/tags/Mrs*d*%20Ascot%20(Professor%20Layton),c
Lucille Layton & Roland Layton,2,/tags/Lucille%20Layton%20*a*%20Roland%20Layton,r
Finch (Professor Layton),3,/tags/Finch%20(Professor%20Layton),c
Desmond Sycamore's Daughter,36,/tags/Desmond%20Sycamore's%20Daughter,c
Katrielle Layton,248,/tags/Katrielle%20Layton,c
Bill Cipher/Jean Descole/Pitch Black (Guardians of Childhood),0,/tags/Bill%20Cipher*s*Jean%20Descole*s*Pitch%20Black%20(Guardians%20of%20Childhood),r
Jean Descole/Pitch Black (Guardians of Childhood),0,/tags/Jean%20Descole*s*Pitch%20Black%20(Guardians%20of%20Childhood),r
Pre-Curious Village,3,/tags/Pre-Curious%20Village,f
Leonard Bloom/Hanna,1,/tags/Leonard%20Bloom*s*Hanna,r
Hanna (Professor Layton),3,/tags/Hanna%20(Professor%20Layton),c
Desmond Sycamore's Wife,25,/tags/Desmond%20Sycamore's%20Wife,c
Jean Descole & Hershel Layton,35,/tags/Jean%20Descole%20*a*%20Hershel%20Layton,r
Katia Anderson/Dorothea,3,/tags/Katia%20Anderson*s*Dorothea,r
Melina Whistler,39,/tags/Melina%20Whistler,c
Ice King | Simon Petrikov/Desmond Sycamore,0,/tags/Ice%20King%20%7C%20Simon%20Petrikov*s*Desmond%20Sycamore,r
Eternal Diva Spoilers,26,/tags/Eternal%20Diva%20Spoilers,f
Ernest Greeves,110,/tags/Ernest%20Greeves,c
Adult Luke Triton,8,/tags/Adult%20Luke%20Triton,f
Randall Ascot/Clive,1,/tags/Randall%20Ascot*s*Clive,r
Angela Ledore & Henry Ledore,19,/tags/Angela%20Ledore%20*a*%20Henry%20Ledore,r
Katrielle Layton/Pipper Lowonida,7,/tags/Katrielle%20Layton*s*Pipper%20Lowonida,r
Doland Noble/Brenda Triton,0,/tags/Doland%20Noble*s*Brenda%20Triton,r
Augustus Reinhold/Violet Reinhold,1,/tags/Augustus%20Reinhold*s*Violet%20Reinhold,r
Jean Descole/Clark Triton,1,/tags/Jean%20Descole*s*Clark%20Triton,r
Arianna Barde & Tony Barde & Loosha,6,/tags/Arianna%20Barde%20*a*%20Tony%20Barde%20*a*%20Loosha,r
Pipper Lowonida,8,/tags/Pipper%20Lowonida,c
Katrielle Layton/Emiliana Perfetti,16,/tags/Katrielle%20Layton*s*Emiliana%20Perfetti,r
Layton's Mystery Journey Spoilers,12,/tags/Layton's%20Mystery%20Journey%20Spoilers,f
Lucy Baker/Katrielle Layton,4,/tags/Lucy%20Baker*s*Katrielle%20Layton,r
Raymond & Desmond Sycamore,22,/tags/Raymond%20*a*%20Desmond%20Sycamore,r
Aurora/Flora Reinhold,1,/tags/Aurora*s*Flora%20Reinhold,r
Flora Reinhold & Luke Triton,35,/tags/Flora%20Reinhold%20*a*%20Luke%20Triton,r
Lost Future Spoilers,27,/tags/Lost%20Future%20Spoilers,f
Levin Jakes,9,/tags/Levin%20Jakes,c
Jean Descole/Desmond Sycamore,3,/tags/Jean%20Descole*s*Desmond%20Sycamore,r
Toppy (Professor Layton),5,/tags/Toppy%20(Professor%20Layton),c
Pre-Last Specter,3,/tags/Pre-Last%20Specter,f
Beatrix (Professor Layton),2,/tags/Beatrix%20(Professor%20Layton),c
Fredrich Beluga,8,/tags/Fredrich%20Beluga,c
Taffy (Professor Layton),1,/tags/Taffy%20(Professor%20Layton),c
Oswald Whistler,14,/tags/Oswald%20Whistler,c
Luke Triton & Odoroki Housuke | Apollo Justice,2,/tags/Luke%20Triton%20*a*%20Odoroki%20Housuke%20%7C%20Apollo%20Justice,r
Luke Triton & Naruhodou Ryuuichi | Phoenix Wright,5,/tags/Luke%20Triton%20*a*%20Naruhodou%20Ryuuichi%20%7C%20Phoenix%20Wright,r
Luke Triton & Naruhodou Minuki | Trucy Wright,2,/tags/Luke%20Triton%20*a*%20Naruhodou%20Minuki%20%7C%20Trucy%20Wright,r
Desmond Sycamore/Original Character(s),3,/tags/Desmond%20Sycamore*s*Original%20Character(s),r
Desmond Sycamore/Desmond Sycamore's Wife,19,/tags/Desmond%20Sycamore*s*Desmond%20Sycamore's%20Wife,r
Jean Descole & Luke Triton,6,/tags/Jean%20Descole%20*a*%20Luke%20Triton,r
Emiliana Perfetti,29,/tags/Emiliana%20Perfetti,c
Lucille Layton/Roland Layton,6,/tags/Lucille%20Layton*s*Roland%20Layton,r
Hershel Layton & Desmond Sycamore & Luke Triton,0,/tags/Hershel%20Layton%20*a*%20Desmond%20Sycamore%20*a*%20Luke%20Triton,r
Leon Bronev & Hershel Layton & Desmond Sycamore,3,/tags/Leon%20Bronev%20*a*%20Hershel%20Layton%20*a*%20Desmond%20Sycamore,r
Jean Descole & Hershel Layton & Luke Triton,3,/tags/Jean%20Descole%20*a*%20Hershel%20Layton%20*a*%20Luke%20Triton,r
Desmond Sycamore & Desmond Sycamore's Daughter,14,/tags/Desmond%20Sycamore%20*a*%20Desmond%20Sycamore's%20Daughter,r
Jean Descole & Desmond Sycamore,1,/tags/Jean%20Descole%20*a*%20Desmond%20Sycamore,r
Jean Descole & Raymond,13,/tags/Jean%20Descole%20*a*%20Raymond,r
Hershel Layton & Angela Ledore,18,/tags/Hershel%20Layton%20*a*%20Angela%20Ledore,r
Alphonse Dalston & Hershel Layton,4,/tags/Alphonse%20Dalston%20*a*%20Hershel%20Layton,r
Ernest Greeves/Katrielle Layton,47,/tags/Ernest%20Greeves*s*Katrielle%20Layton,r
Brenda Triton/Clark Triton/Hershel Layton,2,/tags/Brenda%20Triton*s*Clark%20Triton*s*Hershel%20Layton,r
Hershel Layton/Brenda Triton/Clark Triton,4,/tags/Hershel%20Layton*s*Brenda%20Triton*s*Clark%20Triton,r
Pandora's Box Spoilers,13,/tags/Pandora's%20Box%20Spoilers,f
Layton Kyouju | Professor Layton Spoilers,37,/tags/Layton%20Kyouju%20%7C%20Professor%20Layton%20Spoilers,f
Donna (Professor Layton),4,/tags/Donna%20(Professor%20Layton),c
Specter (Professor Layton),0,/tags/Specter%20(Professor%20Layton),c
Prima (Professor Layton),4,/tags/Prima%20(Professor%20Layton),c
Sherl O.C. Kholmes,51,/tags/Sherl%20O*d*C*d*%20Kholmes,c
Gretchin Doublée,2,/tags/Gretchin%20Doubl%C3%A9e,c
Banu (Professor Layton),1,/tags/Banu%20(Professor%20Layton),c
Romilda (Professor Layton),1,/tags/Romilda%20(Professor%20Layton),c
Hershel Bronev & Theodore Bronev,16,/tags/Hershel%20Bronev%20*a*%20Theodore%20Bronev,r
Hershel Bronev & Raymond,1,/tags/Hershel%20Bronev%20*a*%20Raymond,r
Emmy Altava/Original Female Character(s),5,/tags/Emmy%20Altava*s*Original%20Female%20Character(s),r
Harald (Professor Layton),1,/tags/Harald%20(Professor%20Layton),c
Donna/Prima (Professor Layton),3,/tags/Donna*s*Prima%20(Professor%20Layton),r
Diabolical Box Spoilers,11,/tags/Diabolical%20Box%20Spoilers,f
Flora Reinhold/Original Female Character(s),9,/tags/Flora%20Reinhold*s*Original%20Female%20Character(s),r
Aurora & Jean Descole,5,/tags/Aurora%20*a*%20Jean%20Descole,r
Raymond & Desmond Sycamore's Daughter,0,/tags/Raymond%20*a*%20Desmond%20Sycamore's%20Daughter,r
Aurora & Desmond Sycamore's Daughter,0,/tags/Aurora%20*a*%20Desmond%20Sycamore's%20Daughter,r
Jean Descole & Desmond Sycamore's Daughter,2,/tags/Jean%20Descole%20*a*%20Desmond%20Sycamore's%20Daughter,r
Aurora & Desmond Sycamore,15,/tags/Aurora%20*a*%20Desmond%20Sycamore,r
Swift (Professor Layton),19,/tags/Swift%20(Professor%20Layton),c
Clark Triton & Luke Triton,21,/tags/Clark%20Triton%20*a*%20Luke%20Triton,r
Hershel Layton & Clark Triton,17,/tags/Hershel%20Layton%20*a*%20Clark%20Triton,r
Post-Diabolical Box,4,/tags/Post-Diabolical%20Box,f
Clive & Flora Reinhold,18,/tags/Clive%20*a*%20Flora%20Reinhold,r
Justin Lawson & Alfendi Layton,2,/tags/Justin%20Lawson%20*a*%20Alfendi%20Layton,r
Hilda Pertinax/Florence Sich,0,/tags/Hilda%20Pertinax*s*Florence%20Sich,r
Emmy Altava/Claire/Hershel Layton,0,/tags/Emmy%20Altava*s*Claire*s*Hershel%20Layton,r
Lucy Baker/Hilda Pertinax,3,/tags/Lucy%20Baker*s*Hilda%20Pertinax,r
Raymond & Luke Triton,0,/tags/Raymond%20*a*%20Luke%20Triton,r
Hershel Layton & Katrielle Layton,24,/tags/Hershel%20Layton%20*a*%20Katrielle%20Layton,r
Alfendi Layton & Hilda Pertinax,4,/tags/Alfendi%20Layton%20*a*%20Hilda%20Pertinax,r
Lucy Baker & Hilda Pertinax,3,/tags/Lucy%20Baker%20*a*%20Hilda%20Pertinax,r
Jean Descole & Nina,0,/tags/Jean%20Descole%20*a*%20Nina,r
Dahlia Reinhold,14,/tags/Dahlia%20Reinhold,c
Katia Anderson & Anton Herzen,4,/tags/Katia%20Anderson%20*a*%20Anton%20Herzen,r
Emmy Altava & Aurora,6,/tags/Emmy%20Altava%20*a*%20Aurora,r
Aurora & Hershel Layton,4,/tags/Aurora%20*a*%20Hershel%20Layton,r
Leon Bronev & Desmond Sycamore,6,/tags/Leon%20Bronev%20*a*%20Desmond%20Sycamore,r
Randall Ascot/Desmond Sycamore,1,/tags/Randall%20Ascot*s*Desmond%20Sycamore,r
Rachel Bronev & Hershel Layton,0,/tags/Rachel%20Bronev%20*a*%20Hershel%20Layton,r
Brenda Triton & Luke Triton,14,/tags/Brenda%20Triton%20*a*%20Luke%20Triton,r
Leon Bronev/Rachel Bronev,11,/tags/Leon%20Bronev*s*Rachel%20Bronev,r
Emmy Altava & Rachel Bronev,1,/tags/Emmy%20Altava%20*a*%20Rachel%20Bronev,r
Randall Ascot & Angela Ledore,14,/tags/Randall%20Ascot%20*a*%20Angela%20Ledore,r
Katia Anderson & Sophia,1,/tags/Katia%20Anderson%20*a*%20Sophia,r
Toppy & Clark Triton,1,/tags/Toppy%20*a*%20Clark%20Triton,r
Emmy Altava/Claire,1,/tags/Emmy%20Altava*s*Claire,r
Emmy Altava/Original Character(s),0,/tags/Emmy%20Altava*s*Original%20Character(s),r
Toppy & Luke Triton,4,/tags/Toppy%20*a*%20Luke%20Triton,r
Arianna Barde/Luke Triton,11,/tags/Arianna%20Barde*s*Luke%20Triton,r
Loosha (Professor Layton),12,/tags/Loosha%20(Professor%20Layton),c
Robin (Professor Layton),12,/tags/Robin%20(Professor%20Layton),c
Mascha (Professor Layton),0,/tags/Mascha%20(Professor%20Layton),c
Last Specter,5,/tags/Last%20Specter,f
Post-Layton's Mystery Journey,3,/tags/Post-Layton's%20Mystery%20Journey,f
Aurora & Raymond (Professor Layton),0,/tags/Aurora%20*a*%20Raymond%20(Professor%20Layton),r
Claire & Hershel Layton & Luke Triton,2,/tags/Claire%20*a*%20Hershel%20Layton%20*a*%20Luke%20Triton,r
Granny Riddleton/Andrew Schrader,0,/tags/Granny%20Riddleton*s*Andrew%20Schrader,r
Katrielle Layton & Desmond Sycamore,4,/tags/Katrielle%20Layton%20*a*%20Desmond%20Sycamore,r
Emmy Altava & Swift,2,/tags/Emmy%20Altava%20*a*%20Swift,r
Leon Bronev & Swift,2,/tags/Leon%20Bronev%20*a*%20Swift,r
Desmond Sycamore & Desmond Sycamore's Daughter & Desmond Sycamore's Wife,7,/tags/Desmond%20Sycamore%20*a*%20Desmond%20Sycamore's%20Daughter%20*a*%20Desmond%20Sycamore's%20Wife,r
Emmy Altava & Raymond & Desmond Sycamore,0,/tags/Emmy%20Altava%20*a*%20Raymond%20*a*%20Desmond%20Sycamore,r
Constable Barton & Inspector Chelmey,3,/tags/Constable%20Barton%20*a*%20Inspector%20Chelmey,r
Amelie Chelmey/Inspector Chelmey,1,/tags/Amelie%20Chelmey*s*Inspector%20Chelmey,r
Amelie Chelmey,2,/tags/Amelie%20Chelmey,c
Clive (Professor Layton)/Original Character(s),2,/tags/Clive%20(Professor%20Layton)*s*Original%20Character(s),r
Macaw/Robin (Professor Layton),6,/tags/Macaw*s*Robin%20(Professor%20Layton),r
Macaw (Professor Layton),12,/tags/Macaw%20(Professor%20Layton),c
Swift (Professor Layton) & Original Character(s),0,/tags/Swift%20(Professor%20Layton)%20*a*%20Original%20Character(s),r
Crow/Wren (Professor Layton),1,/tags/Crow*s*Wren%20(Professor%20Layton),r
Dugan (Professor Layton),1,/tags/Dugan%20(Professor%20Layton),c
Dugan & Hershel Layton & Desmond Sycamore,0,/tags/Dugan%20*a*%20Hershel%20Layton%20*a*%20Desmond%20Sycamore,r
Dorothea (Professor Layton),2,/tags/Dorothea%20(Professor%20Layton),c
Crow/Marilyn (Professor Layton),0,/tags/Crow*s*Marilyn%20(Professor%20Layton),r
The Black Ravens & Luke Triton,2,/tags/The%20Black%20Ravens%20*a*%20Luke%20Triton,r
Louis & Marilyn (Professor Layton),0,/tags/Louis%20*a*%20Marilyn%20(Professor%20Layton),r
Marilyn/Tweeds (Professor Layton),0,/tags/Marilyn*s*Tweeds%20(Professor%20Layton),r
Nina (Professor Layton),6,/tags/Nina%20(Professor%20Layton),c
Hershel Layton & Lucille Layton,8,/tags/Hershel%20Layton%20*a*%20Lucille%20Layton,r
Original Azran Character(s),2,/tags/Original%20Azran%20Character(s),c
Rachel Bronev & Theodore Bronev,8,/tags/Rachel%20Bronev%20*a*%20Theodore%20Bronev,r
Alfendi Layton & Katrielle Layton,29,/tags/Alfendi%20Layton%20*a*%20Katrielle%20Layton,r
Claire & Clive (Professor Layton),9,/tags/Claire%20*a*%20Clive%20(Professor%20Layton),r
Emmy Altava & Claire,0,/tags/Emmy%20Altava%20*a*%20Claire,r
Clive/Amelia Ruth,3,/tags/Clive*s*Amelia%20Ruth,r
Angela Ledore & Original Character(s),1,/tags/Angela%20Ledore%20*a*%20Original%20Character(s),r
Drake (Professor Layton),2,/tags/Drake%20(Professor%20Layton),c
Hershel Layton & Original Character(s),7,/tags/Hershel%20Layton%20*a*%20Original%20Character(s),r
Layton Big Bang,2,/tags/Layton%20Big%20Bang,f
Flora Reinhold & Original Character(s),2,/tags/Flora%20Reinhold%20*a*%20Original%20Character(s),r
Ernest Greeves & Katrielle Layton,22,/tags/Ernest%20Greeves%20*a*%20Katrielle%20Layton,r
Jean Descole/Anton Herzen,1,/tags/Jean%20Descole*s*Anton%20Herzen,r
Clive & Luke Triton,17,/tags/Clive%20*a*%20Luke%20Triton,r
Hershel Layton & Don Paolo,4,/tags/Hershel%20Layton%20*a*%20Don%20Paolo,r
Claire & Don Paolo,4,/tags/Claire%20*a*%20Don%20Paolo,r
Bill Hawks/Reader,1,/tags/Bill%20Hawks*s*Reader,r
Bill Hawks (Professor Layton),29,/tags/Bill%20Hawks%20(Professor%20Layton),c
Naruhodou Minuki | Trucy Wright & Flora Reinhold,0,/tags/Naruhodou%20Minuki%20%7C%20Trucy%20Wright%20*a*%20Flora%20Reinhold,r
Luke Triton/Marina Triton,19,/tags/Luke%20Triton*s*Marina%20Triton,r
Marina Triton,27,/tags/Marina%20Triton,c
Layton Mystery Detective Agency Spoilers,19,/tags/Layton%20Mystery%20Detective%20Agency%20Spoilers,f
Katrielle Layton & Luke Triton,6,/tags/Katrielle%20Layton%20*a*%20Luke%20Triton,r
Arianna Barde & Luke Triton,7,/tags/Arianna%20Barde%20*a*%20Luke%20Triton,r
Matthew (Professor Layton),4,/tags/Matthew%20(Professor%20Layton),c
Alfendi Layton & Flora Reinhold,12,/tags/Alfendi%20Layton%20*a*%20Flora%20Reinhold,r
Augustus Reinhold & Flora Reinhold,2,/tags/Augustus%20Reinhold%20*a*%20Flora%20Reinhold,r
Katrielle Layton & Flora Reinhold,8,/tags/Katrielle%20Layton%20*a*%20Flora%20Reinhold,r
Dahlia Reinhold & Flora Reinhold,7,/tags/Dahlia%20Reinhold%20*a*%20Flora%20Reinhold,r
Emmy Altava & Katrielle Layton,4,/tags/Emmy%20Altava%20*a*%20Katrielle%20Layton,r
Desmond Sycamore's Daughter & Original Character(s),0,/tags/Desmond%20Sycamore's%20Daughter%20*a*%20Original%20Character(s),r
Desmond Sycamore's Wife & Original Character(s),0,/tags/Desmond%20Sycamore's%20Wife%20*a*%20Original%20Character(s),r
Hessie Tate,1,/tags/Hessie%20Tate,c
Katrielle Layton & Emiliana Perfetti,4,/tags/Katrielle%20Layton%20*a*%20Emiliana%20Perfetti,r
Belle (Professor Layton),1,/tags/Belle%20(Professor%20Layton),c
Hershel Layton & Mitsurugi Reiji | Miles Edgeworth,1,/tags/Hershel%20Layton%20*a*%20Mitsurugi%20Reiji%20%7C%20Miles%20Edgeworth,r
Ernest Greeves & Sherl O.C. Kholmes,6,/tags/Ernest%20Greeves%20*a*%20Sherl%20O*d*C*d*%20Kholmes,r
Keelan Makepeace,21,/tags/Keelan%20Makepeace,c
Crow & Luke Triton,9,/tags/Crow%20*a*%20Luke%20Triton,r
Hershel Layton & River Song,1,/tags/Hershel%20Layton%20*a*%20River%20Song,r
Pre-Layton's Mystery Journey,2,/tags/Pre-Layton's%20Mystery%20Journey,f
Hershel Layton & Naruhodou Ryuuichi | Phoenix Wright,16,/tags/Hershel%20Layton%20*a*%20Naruhodou%20Ryuuichi%20%7C%20Phoenix%20Wright,r
Ayasato Mayoi | Maya Fey & Luke Triton,4,/tags/Ayasato%20Mayoi%20%7C%20Maya%20Fey%20*a*%20Luke%20Triton,r
Dana (Professor Layton),1,/tags/Dana%20(Professor%20Layton),c
Katrielle Layton & Diane Makepeace,2,/tags/Katrielle%20Layton%20*a*%20Diane%20Makepeace,r
Katrielle Layton & Keelan Makepeace,2,/tags/Katrielle%20Layton%20*a*%20Keelan%20Makepeace,r
Inspector Ercule Hastings,9,/tags/Inspector%20Ercule%20Hastings,c
Ayasato Mayoi | Maya Fey & Hershel Layton,3,/tags/Ayasato%20Mayoi%20%7C%20Maya%20Fey%20*a*%20Hershel%20Layton,r
Espella Cantabella & Luke Triton,1,/tags/Espella%20Cantabella%20*a*%20Luke%20Triton,r
Espella Cantabella & Hershel Layton,2,/tags/Espella%20Cantabella%20*a*%20Hershel%20Layton,r
Mackintosh (Professor Layton),1,/tags/Mackintosh%20(Professor%20Layton),c
The Seven Dragons of London (Professor Layton),3,/tags/The%20Seven%20Dragons%20of%20London%20(Professor%20Layton),c
Madelaine (Professor Layton),0,/tags/Madelaine%20(Professor%20Layton),c
Bucky/Swift (Professor Layton),0,/tags/Bucky*s*Swift%20(Professor%20Layton),r
Emmy Altava & Clive,5,/tags/Emmy%20Altava%20*a*%20Clive,r
Desmond Sycamore & Original Character(s),1,/tags/Desmond%20Sycamore%20*a*%20Original%20Character(s),r
Mackintosh/Desmond Sycamore,0,/tags/Mackintosh*s*Desmond%20Sycamore,r
Arianna Barde & Evan Barde & Tony Barde,0,/tags/Arianna%20Barde%20*a*%20Evan%20Barde%20*a*%20Tony%20Barde,r
Hershel Layton/Henry Ledore,4,/tags/Hershel%20Layton*s*Henry%20Ledore,r
Jean Descole/Henry Ledore,0,/tags/Jean%20Descole*s*Henry%20Ledore,r
Bruno & Hershel Layton,0,/tags/Bruno%20*a*%20Hershel%20Layton,r
Hershel Layton & Desmond Sycamore's Wife,0,/tags/Hershel%20Layton%20*a*%20Desmond%20Sycamore's%20Wife,r
Ernest Greeves & Hershel Layton,1,/tags/Ernest%20Greeves%20*a*%20Hershel%20Layton,r
Randall Ascot & Hershel Layton & Angela Ledore,1,/tags/Randall%20Ascot%20*a*%20Hershel%20Layton%20*a*%20Angela%20Ledore,r
Arianna Barde & Melina Whistler,0,/tags/Arianna%20Barde%20*a*%20Melina%20Whistler,r
Tony Barde & Melina Whistler,0,/tags/Tony%20Barde%20*a*%20Melina%20Whistler,r
Rosa Grimes & Luke Triton,0,/tags/Rosa%20Grimes%20*a*%20Luke%20Triton,r
Sherl O.C. Kholmes & Katrielle Layton,5,/tags/Sherl%20O*d*C*d*%20Kholmes%20*a*%20Katrielle%20Layton,r
Emmy Altava & Original Character(s),0,/tags/Emmy%20Altava%20*a*%20Original%20Character(s),r
Randall Ascot/Hershel Layton/Henry Ledore,4,/tags/Randall%20Ascot*s*Hershel%20Layton*s*Henry%20Ledore,r
Bucky (Professor Layton) & Original Character(s),0,/tags/Bucky%20(Professor%20Layton)%20*a*%20Original%20Character(s),r
Post-Last Specter,5,/tags/Post-Last%20Specter,f
Tony Barde & Crow,0,/tags/Tony%20Barde%20*a*%20Crow,r
Emmy Altava/Clive,16,/tags/Emmy%20Altava*s*Clive,r
Emmy Altava & Theodore Bronev,3,/tags/Emmy%20Altava%20*a*%20Theodore%20Bronev,r
Hershel Bronev & Rachel Bronev,5,/tags/Hershel%20Bronev%20*a*%20Rachel%20Bronev,r
Emmy Altava & Hershel Bronev,1,/tags/Emmy%20Altava%20*a*%20Hershel%20Bronev,r
Randall Ascot & Desmond Sycamore,5,/tags/Randall%20Ascot%20*a*%20Desmond%20Sycamore,r
Luke Triton & Marina Triton,2,/tags/Luke%20Triton%20*a*%20Marina%20Triton,r
Hershel Layton & Marina Triton,1,/tags/Hershel%20Layton%20*a*%20Marina%20Triton,r
Ernest Greeves & Luke Triton,1,/tags/Ernest%20Greeves%20*a*%20Luke%20Triton,r
Katia Anderson & Sammy Thunder,2,/tags/Katia%20Anderson%20*a*%20Sammy%20Thunder,r
Hershel Bronev & Original Character(s),0,/tags/Hershel%20Bronev%20*a*%20Original%20Character(s),r
Hershel Bronev/Original Character(s),0,/tags/Hershel%20Bronev*s*Original%20Character(s),r
Hershel Layton & Future Luke Triton,3,/tags/Hershel%20Layton%20*a*%20Future%20Luke%20Triton,r
Katia Anderson & Fredrich Beluga,0,/tags/Katia%20Anderson%20*a*%20Fredrich%20Beluga,r
Dimitri Allen/Original Character(s),2,/tags/Dimitri%20Allen*s*Original%20Character(s),r
Emmy Altava & Raymond,0,/tags/Emmy%20Altava%20*a*%20Raymond,r
Rachel Bronev & Raymond,0,/tags/Rachel%20Bronev%20*a*%20Raymond,r
Kamilla Azan,4,/tags/Kamilla%20Azan,c
Anton Herzen & Sammy Thunder,0,/tags/Anton%20Herzen%20*a*%20Sammy%20Thunder,r
Fredrich Beluga & Sammy Thunder,0,/tags/Fredrich%20Beluga%20*a*%20Sammy%20Thunder,r
Henry Ledore & Original Male Character(s),2,/tags/Henry%20Ledore%20*a*%20Original%20Male%20Character(s),r
Masked Gentleman & Luke Triton,0,/tags/Masked%20Gentleman%20*a*%20Luke%20Triton,r
Dimitri Allen/Hershel Layton,1,/tags/Dimitri%20Allen*s*Hershel%20Layton,r
Hershel Layton & Roland Layton,8,/tags/Hershel%20Layton%20*a*%20Roland%20Layton,r
Alphonse Dalston & Henry Ledore,6,/tags/Alphonse%20Dalston%20*a*%20Henry%20Ledore,r
Luke Triton & Everyone,1,/tags/Luke%20Triton%20*a*%20Everyone,r
Randall Ascot & Alphonse Dalston,7,/tags/Randall%20Ascot%20*a*%20Alphonse%20Dalston,r
Emmy Altava/Flora Reinhold,1,/tags/Emmy%20Altava*s*Flora%20Reinhold,r
Luke Triton & Original Female Character(s),1,/tags/Luke%20Triton%20*a*%20Original%20Female%20Character(s),r
Masked Gentleman (Professor Layton),12,/tags/Masked%20Gentleman%20(Professor%20Layton),c
Emmy Altava & Masked Gentleman,0,/tags/Emmy%20Altava%20*a*%20Masked%20Gentleman,r
Emmy Altava & Hershel Layton & Masked Gentleman & Luke Triton,0,/tags/Emmy%20Altava%20*a*%20Hershel%20Layton%20*a*%20Masked%20Gentleman%20*a*%20Luke%20Triton,r
Nabby/Umid (Professor Layton),0,/tags/Nabby*s*Umid%20(Professor%20Layton),r
Hershel Layton & Masked Gentleman,3,/tags/Hershel%20Layton%20*a*%20Masked%20Gentleman,r
Tony Barde/Crow,1,/tags/Tony%20Barde*s*Crow,r
Alphonse Dalston/Original Character(s),0,/tags/Alphonse%20Dalston*s*Original%20Character(s),r
Flora Reinhold & Future Luke Triton,1,/tags/Flora%20Reinhold%20*a*%20Future%20Luke%20Triton,r
Spring (Professor Layton),12,/tags/Spring%20(Professor%20Layton),c
Clive (Professor Layton)/The Once-ler (The Lorax),0,/tags/Clive%20(Professor%20Layton)*s*The%20Once-ler%20(The%20Lorax),r
Luke Triton & Luke Triton,1,/tags/Luke%20Triton%20*a*%20Luke%20Triton,r
Lucy Baker & Justin Lawson,2,/tags/Lucy%20Baker%20*a*%20Justin%20Lawson,r
Alfendi Layton & Emiliana Perfetti,1,/tags/Alfendi%20Layton%20*a*%20Emiliana%20Perfetti,r
Chara (Professor Layton),2,/tags/Chara%20(Professor%20Layton),c
Ezran (The Dragon Prince)/Luke Triton,0,/tags/Ezran%20(The%20Dragon%20Prince)*s*Luke%20Triton,r
Randall Ascot/Claire/Hershel Layton,2,/tags/Randall%20Ascot*s*Claire*s*Hershel%20Layton,r
Emmy Altava/Katia Anderson/Flora Reinhold,0,/tags/Emmy%20Altava*s*Katia%20Anderson*s*Flora%20Reinhold,r
Jean Descole/Nils,1,/tags/Jean%20Descole*s*Nils,r
Nils (Professor Layton),2,/tags/Nils%20(Professor%20Layton),c
Hershel Layton/Mitsurugi Reiji | Miles Edgeworth/Naruhodou Ryuuichi | Phoenix Wright,1,/tags/Hershel%20Layton*s*Mitsurugi%20Reiji%20%7C%20Miles%20Edgeworth*s*Naruhodou%20Ryuuichi%20%7C%20Phoenix%20Wright,r
Pre-Miracle Mask,8,/tags/Pre-Miracle%20Mask,f
Diane Makepeace & Keelan Makepeace,3,/tags/Diane%20Makepeace%20*a*%20Keelan%20Makepeace,r
Henry Ledore & Desmond Sycamore,1,/tags/Henry%20Ledore%20*a*%20Desmond%20Sycamore,r
Rufus Aldebaran | Phillip Raisley II,2,/tags/Rufus%20Aldebaran%20%7C%20Phillip%20Raisley%20II,c
Clive (Professor Layton)/Reader,1,/tags/Clive%20(Professor%20Layton)*s*Reader,r
Nils/Desmond Sycamore,0,/tags/Nils*s*Desmond%20Sycamore,r
Emmy Altava & Jean Descole,0,/tags/Emmy%20Altava%20*a*%20Jean%20Descole,r
Emmy Altava & Flora Reinhold,4,/tags/Emmy%20Altava%20*a*%20Flora%20Reinhold,r
Bruno & Flora Reinhold,1,/tags/Bruno%20*a*%20Flora%20Reinhold,r
Spring & Future Luke Triton,0,/tags/Spring%20*a*%20Future%20Luke%20Triton,r
Jean Descole & Henry Ledore,0,/tags/Jean%20Descole%20*a*%20Henry%20Ledore,r
Luke Triton & Future Luke Triton,2,/tags/Luke%20Triton%20*a*%20Future%20Luke%20Triton,r
Chara/Rufus Aldebaran | Phillip Raisley II,0,/tags/Chara*s*Rufus%20Aldebaran%20%7C%20Phillip%20Raisley%20II,r
Angela Ledore/Luke Triton,1,/tags/Angela%20Ledore*s*Luke%20Triton,r
Desmond Sycamore & Desmond Sycamore's Wife,1,/tags/Desmond%20Sycamore%20*a*%20Desmond%20Sycamore's%20Wife,r
Constance Dove (Professor Layton),5,/tags/Constance%20Dove%20(Professor%20Layton),c
Flora Reinhold & Desmond Sycamore,8,/tags/Flora%20Reinhold%20*a*%20Desmond%20Sycamore,r
Emmy Altava & Desmond Sycamore,9,/tags/Emmy%20Altava%20*a*%20Desmond%20Sycamore,r
Randall Ascot & Flora Reinhold,6,/tags/Randall%20Ascot%20*a*%20Flora%20Reinhold,r
Emmy Altava & Alfendi Layton,3,/tags/Emmy%20Altava%20*a*%20Alfendi%20Layton,r
Flora Reinhold & Brenda Triton,3,/tags/Flora%20Reinhold%20*a*%20Brenda%20Triton,r
Good Parent Hershel Layton,16,/tags/Good%20Parent%20Hershel%20Layton,f
Cogg (Professor Layton),8,/tags/Cogg%20(Professor%20Layton),c
Desmond Sycamore & Luke Triton,5,/tags/Desmond%20Sycamore%20*a*%20Luke%20Triton,r
Brock (Professor Layton),1,/tags/Brock%20(Professor%20Layton),c
Clark Triton/Luke Triton,2,/tags/Clark%20Triton*s*Luke%20Triton,r
"Randall Ascot & Theodore ""Ted"" Huxley",0,/tags/Randall%20Ascot%20*a*%20Theodore%20%22Ted%22%20Huxley,r
Desmond Sycamore/Reader,7,/tags/Desmond%20Sycamore*s*Reader,r
Emmy Altava/Angela Ledore,0,/tags/Emmy%20Altava*s*Angela%20Ledore,r
Future Luke Triton/Reader,0,/tags/Future%20Luke%20Triton*s*Reader,r
Aldus/Stachenscarfen (Professor Layton),1,/tags/Aldus*s*Stachenscarfen%20(Professor%20Layton),r
Desmond Sycamore/Luke Triton,2,/tags/Desmond%20Sycamore*s*Luke%20Triton,r
Clive & Brenda Triton,0,/tags/Clive%20*a*%20Brenda%20Triton,r
Clive & Clark Triton,0,/tags/Clive%20*a*%20Clark%20Triton,r
Jean Descole & Brenda Triton,0,/tags/Jean%20Descole%20*a*%20Brenda%20Triton,r
Constable Barton & Desmond Sycamore,0,/tags/Constable%20Barton%20*a*%20Desmond%20Sycamore,r
Emmy Altava & Hershel Layton & Original Character(s),0,/tags/Emmy%20Altava%20*a*%20Hershel%20Layton%20*a*%20Original%20Character(s),r
Angela Ledore & Flora Reinhold,0,/tags/Angela%20Ledore%20*a*%20Flora%20Reinhold,r
Arianna Barde & Flora Reinhold,1,/tags/Arianna%20Barde%20*a*%20Flora%20Reinhold,r
Aurora & Flora Reinhold,4,/tags/Aurora%20*a*%20Flora%20Reinhold,r
Constable Barton & Flora Reinhold,0,/tags/Constable%20Barton%20*a*%20Flora%20Reinhold,r
Flora Reinhold & Andrew Schrader,0,/tags/Flora%20Reinhold%20*a*%20Andrew%20Schrader,r
Don Paolo & Flora Reinhold,5,/tags/Don%20Paolo%20*a*%20Flora%20Reinhold,r
Hershel Layton/Original Male Character(s),1,/tags/Hershel%20Layton*s*Original%20Male%20Character(s),r
Luke Triton & Original Character(s),1,/tags/Luke%20Triton%20*a*%20Original%20Character(s),r
Luke Triton/Original Male Character(s),2,/tags/Luke%20Triton*s*Original%20Male%20Character(s),r
Ayasato Mayoi | Maya Fey/Hershel Layton,0,/tags/Ayasato%20Mayoi%20%7C%20Maya%20Fey*s*Hershel%20Layton,r
Alfendi Layton & Desmond Sycamore,3,/tags/Alfendi%20Layton%20*a*%20Desmond%20Sycamore,r
Dimitri Allen/Desmond Sycamore,36,/tags/Dimitri%20Allen*s*Desmond%20Sycamore,r
Parsley Botch/Luke Triton,1,/tags/Parsley%20Botch*s*Luke%20Triton,r
Laytontober,2,/tags/Laytontober,f
Laytontober 2020,1,/tags/Laytontober%202020,f
Simon Reinhold,1,/tags/Simon%20Reinhold,c
Kyle Azan,0,/tags/Kyle%20Azan,c
Justin Lawson/Hilda Pertinax,1,/tags/Justin%20Lawson*s*Hilda%20Pertinax,r
Clive (Professor Layton) & Naruhodou Ryuuichi | Phoenix Wright,0,/tags/Clive%20(Professor%20Layton)%20*a*%20Naruhodou%20Ryuuichi%20%7C%20Phoenix%20Wright,r
Bostro (Professor Layton),1,/tags/Bostro%20(Professor%20Layton),c
Katrielle and the Millionaires' Conspiracy Spoilers,1,/tags/Katrielle%20and%20the%20Millionaires'%20Conspiracy%20Spoilers,f
Lucy Baker & Katrielle Layton,6,/tags/Lucy%20Baker%20*a*%20Katrielle%20Layton,r
Ernest Greeves & Alfendi Layton,1,/tags/Ernest%20Greeves%20*a*%20Alfendi%20Layton,r
Ernest Greeves/Alfendi Layton,1,/tags/Ernest%20Greeves*s*Alfendi%20Layton,r
Justin Lawson & Hilda Pertinax,0,/tags/Justin%20Lawson%20*a*%20Hilda%20Pertinax,r
Pre-Unwound Future,3,/tags/Pre-Unwound%20Future,f
Alfendi Layton & Original Character(s),4,/tags/Alfendi%20Layton%20*a*%20Original%20Character(s),r
Monita | Widget/Luke Triton,0,/tags/Monita%20%7C%20Widget*s*Luke%20Triton,r
Kidzuki Kokone | Athena Cykes/Luke Triton,0,/tags/Kidzuki%20Kokone%20%7C%20Athena%20Cykes*s*Luke%20Triton,r
Carmine Accidenti/Janice Quatlane,0,/tags/Carmine%20Accidenti*s*Janice%20Quatlane,r
Carmine Accidenti & Janice Quatlane,1,/tags/Carmine%20Accidenti%20*a*%20Janice%20Quatlane,r
Pre-Azran Legacy,4,/tags/Pre-Azran%20Legacy,f
Hiccup Horrendous Haddock III & Flora Reinhold,1,/tags/Hiccup%20Horrendous%20Haddock%20III%20*a*%20Flora%20Reinhold,r
Hershel Layton/Medic (Team Fortress 2),0,/tags/Hershel%20Layton*s*Medic%20(Team%20Fortress%202),r
Lucy Baker & Keelan Makepeace,3,/tags/Lucy%20Baker%20*a*%20Keelan%20Makepeace,r
Clive's Parents (Professor Layton),1,/tags/Clive's%20Parents%20(Professor%20Layton),c
Clive & Robert Crogley | Ashley Graydon,1,/tags/Clive%20*a*%20Robert%20Crogley%20%7C%20Ashley%20Graydon,r
Professor Layton Secret Santa,3,/tags/Professor%20Layton%20Secret%20Santa,f
Hershel Layton & Naruhodou Minuki | Trucy Wright,1,/tags/Hershel%20Layton%20*a*%20Naruhodou%20Minuki%20%7C%20Trucy%20Wright,r
Professor Layton Secret Santa 2021,1,/tags/Professor%20Layton%20Secret%20Santa%202021,f
"Ralph ""Kaitou R"" | Raphael ""Phantom R"" & Clark Triton",0,/tags/Ralph%20%22Kaitou%20R%22%20%7C%20Raphael%20%22Phantom%20R%22%20*a*%20Clark%20Triton,r
Fondue (Rhythm Thief) & Luke Triton,0,/tags/Fondue%20(Rhythm%20Thief)%20*a*%20Luke%20Triton,r
"Ralph ""Kaitou R"" | Raphael ""Phantom R"" & Luke Triton",0,/tags/Ralph%20%22Kaitou%20R%22%20%7C%20Raphael%20%22Phantom%20R%22%20*a*%20Luke%20Triton,r
Alfendi Layton & Luke Triton,4,/tags/Alfendi%20Layton%20*a*%20Luke%20Triton,r
Carmine Accidenti & Hershel Layton,1,/tags/Carmine%20Accidenti%20*a*%20Hershel%20Layton,r
Akbadain (Professor Layton),0,/tags/Akbadain%20(Professor%20Layton),f
Clora Week (Professor Layton),0,/tags/Clora%20Week%20(Professor%20Layton),f
LaytonxEmmy Week,0,/tags/LaytonxEmmy%20Week,f
Amelia Ruth (Professor Layton),3,/tags/Amelia%20Ruth%20(Professor%20Layton),c
Maamane | Sophocles/Luke Triton,0,/tags/Maamane%20%7C%20Sophocles*s*Luke%20Triton,r
Ayasato Harumi | Pearl Fey & Luke Triton,1,/tags/Ayasato%20Harumi%20%7C%20Pearl%20Fey%20*a*%20Luke%20Triton,r
Jean Descole/Bruno Madrigal,2,/tags/Jean%20Descole*s*Bruno%20Madrigal,r
Randall Ascot & Alfendi Layton,1,/tags/Randall%20Ascot%20*a*%20Alfendi%20Layton,r
Jean Descole & Alfendi Layton,1,/tags/Jean%20Descole%20*a*%20Alfendi%20Layton,r
Kidzuki Kokone | Athena Cykes & Odoroki Housuke | Apollo Justice & Luke Triton,0,/tags/Kidzuki%20Kokone%20%7C%20Athena%20Cykes%20*a*%20Odoroki%20Housuke%20%7C%20Apollo%20Justice%20*a*%20Luke%20Triton,r
Hershel Layton/Adel Orudou | Addam Origo,0,/tags/Hershel%20Layton*s*Adel%20Orudou%20%7C%20Addam%20Origo,r
Kidzuki Kokone | Athena Cykes & Luke Triton,1,/tags/Kidzuki%20Kokone%20%7C%20Athena%20Cykes%20*a*%20Luke%20Triton,r
Post-Eternal Diva,1,/tags/Post-Eternal%20Diva,f
Professor Layton Secret Santa 2022,2,/tags/Professor%20Layton%20Secret%20Santa%202022,f
Ishimaru Kiyotaka/Hershel Layton,2,/tags/Ishimaru%20Kiyotaka*s*Hershel%20Layton,r
Hershel Layton & Keelan Makepeace,0,/tags/Hershel%20Layton%20*a*%20Keelan%20Makepeace,r
Hilda Pertinax/Original Male Character(s),0,/tags/Hilda%20Pertinax*s*Original%20Male%20Character(s),r
Hilda Pertinax/Original Character(s),0,/tags/Hilda%20Pertinax*s*Original%20Character(s),r
Arianna Barde & Diane Makepeace,0,/tags/Arianna%20Barde%20*a*%20Diane%20Makepeace,r
Okumura Haru/Luke Triton,0,/tags/Okumura%20Haru*s*Luke%20Triton,r
Black Raven Week,1,/tags/Black%20Raven%20Week,f
Ishimaru Kiyotaka & Flora Reinhold,1,/tags/Ishimaru%20Kiyotaka%20*a*%20Flora%20Reinhold,r
Kermit the Frog & Hershel Layton,1,/tags/Kermit%20the%20Frog%20*a*%20Hershel%20Layton,r
Kermit the Frog/Hershel Layton,0,/tags/Kermit%20the%20Frog*s*Hershel%20Layton,r
Post-Curious Village,1,/tags/Post-Curious%20Village,f
Captain Barnacles (Octonauts)/Count Bleck | Blumiere (Paper Mario)/Hershel Layton/Phoenix Wright,0,/tags/Captain%20Barnacles%20(Octonauts)*s*Count%20Bleck%20%7C%20Blumiere%20(Paper%20Mario)*s*Hershel%20Layton*s*Phoenix%20Wright,r
Leon S. Kennedy/Hershel Layton,0,/tags/Leon%20S*d*%20Kennedy*s*Hershel%20Layton,r
Count Bleck | Lord Blumiere (Paper Mario)/Hershel Layton,0,/tags/Count%20Bleck%20%7C%20Lord%20Blumiere%20(Paper%20Mario)*s*Hershel%20Layton,r
