tag,count,href,category
Sugimoto Saichi,968,/tags/Sugimoto%20Saichi,c
Shiraishi Yoshitake,322,/tags/Shiraishi%20Yoshitake,c
Tanigaki Genjirou,174,/tags/Tanigaki%20Genjirou,c
Nihei Tetsuzou/Tanigaki Genjirou,5,/tags/Nihei%20Tetsuzou*s*Tanigaki%20Genjirou,r
Nihei Tetsuzou,16,/tags/Nihei%20Tetsuzou,c
Ushiyama Tatsuma,38,/tags/Ushiyama%20Tatsuma,c
Koito Otonoshin,419,/tags/Koito%20Otonoshin,c
Shiraishi Yoshitake/Sugimoto Saichi,82,/tags/Shiraishi%20Yoshitake*s*Sugimoto%20Saichi,r
Asirpa (Golden Kamuy),341,/tags/Asirpa%20(Golden%20Kamuy),c
Ogata Hyakunosuke/Sugimoto Saichi,599,/tags/Ogata%20Hyakunosuke*s*Sugimoto%20Saichi,r
Ogata Hyakunosuke,1546,/tags/Ogata%20Hyakunosuke,c
Sugimoto Saichi/Tanigaki Genjirou,10,/tags/Sugimoto%20Saichi*s*Tanigaki%20Genjirou,r
Umeko (Golden Kamuy),10,/tags/Umeko%20(Golden%20Kamuy),c
Umeko's Mother (Golden Kamuy),1,/tags/Umeko's%20Mother%20(Golden%20Kamuy),c
Ogata Hyakunosuke/Tanigaki Genjirou,33,/tags/Ogata%20Hyakunosuke*s*Tanigaki%20Genjirou,r
Nikaidou Kouhei,67,/tags/Nikaidou%20Kouhei,c
Nikaidou Kouhei/Tsukishima Hajime,2,/tags/Nikaidou%20Kouhei*s*Tsukishima%20Hajime,r
Tsukishima Hajime,550,/tags/Tsukishima%20Hajime,c
Kiroranke/Tanigaki Genjirou,2,/tags/Kiroranke*s*Tanigaki%20Genjirou,r
Koito Otonoshin/Tsukishima Hajime,228,/tags/Koito%20Otonoshin*s*Tsukishima%20Hajime,r
Osoma (Golden Kamuy),8,/tags/Osoma%20(Golden%20Kamuy),c
Huci (Golden Kamuy),11,/tags/Huci%20(Golden%20Kamuy),c
Koito Heiji,35,/tags/Koito%20Heiji,c
Usami (Golden Kamuy),263,/tags/Usami%20(Golden%20Kamuy),c
Inkarmat (Golden Kamuy),55,/tags/Inkarmat%20(Golden%20Kamuy),c
Kiroranke (Golden Kamuy),115,/tags/Kiroranke%20(Golden%20Kamuy),c
Igogusa (Golden Kamuy),28,/tags/Igogusa%20(Golden%20Kamuy),c
Arisaka Narizou,17,/tags/Arisaka%20Narizou,c
Asirpa & Sugimoto Saichi,33,/tags/Asirpa%20*a*%20Sugimoto%20Saichi,r
Ogata Hyakunosuke/Tsukishima Hajime,76,/tags/Ogata%20Hyakunosuke*s*Tsukishima%20Hajime,r
Ienaga Kano (Golden Kamuy),36,/tags/Ienaga%20Kano%20(Golden%20Kamuy),c
Ienaga Kano/Ushiyama Tatsuma,3,/tags/Ienaga%20Kano*s*Ushiyama%20Tatsuma,r
Shiraishi Yoshitake/Original Male Character(s),0,/tags/Shiraishi%20Yoshitake*s*Original%20Male%20Character(s),r
Koito Otonoshin/Nikaidou Kouhei/Tsukishima Hajime,0,/tags/Koito%20Otonoshin*s*Nikaidou%20Kouhei*s*Tsukishima%20Hajime,r
Inkarmat/Umeko (Golden Kamuy),0,/tags/Inkarmat*s*Umeko%20(Golden%20Kamuy),r
Shiraishi Yoshitake & Sugimoto Saichi,2,/tags/Shiraishi%20Yoshitake%20*a*%20Sugimoto%20Saichi,r
Edogai Yasaku,33,/tags/Edogai%20Yasaku,c
Wilk (Golden Kamuy),48,/tags/Wilk%20(Golden%20Kamuy),c
Ishikawa Takuboku (Golden Kamuy),0,/tags/Ishikawa%20Takuboku%20(Golden%20Kamuy),c
Cikapasi (Golden Kamuy),16,/tags/Cikapasi%20(Golden%20Kamuy),c
Kantarou (Golden Kamuy),8,/tags/Kantarou%20(Golden%20Kamuy),c
Nagakura Shinpachi/Okita Souji,4,/tags/Nagakura%20Shinpachi*s*Okita%20Souji,r
Ogata Hyakunosuke/Reader,54,/tags/Ogata%20Hyakunosuke*s*Reader,r
Kirawus (Golden Kamuy),60,/tags/Kirawus%20(Golden%20Kamuy),c
Koito Otonoshin/Sugimoto Saichi,15,/tags/Koito%20Otonoshin*s*Sugimoto%20Saichi,r
Kirawus/Tanigaki Genjirou,0,/tags/Kirawus*s*Tanigaki%20Genjirou,r
Sugimoto Saichi/Reader,26,/tags/Sugimoto%20Saichi*s*Reader,r
Ienaga Kano/Inkarmat (Golden Kamuy),2,/tags/Ienaga%20Kano*s*Inkarmat%20(Golden%20Kamuy),r
Inudou Shirosuke,9,/tags/Inudou%20Shirosuke,c
Tamai (Golden Kamuy),5,/tags/Tamai%20(Golden%20Kamuy),c
Okada (Golden Kamuy),7,/tags/Okada%20(Golden%20Kamuy),c
Noma (Golden Kamuy),4,/tags/Noma%20(Golden%20Kamuy),c
Asirpa/Sugimoto Saichi,32,/tags/Asirpa*s*Sugimoto%20Saichi,r
Toraji (Golden Kamuy),8,/tags/Toraji%20(Golden%20Kamuy),c
Koito Otonoshin/Nikaidou Kouhei,0,/tags/Koito%20Otonoshin*s*Nikaidou%20Kouhei,r
Kiroranke/Ogata Hyakunosuke,21,/tags/Kiroranke*s*Ogata%20Hyakunosuke,r
Nikaidou Youhei,29,/tags/Nikaidou%20Youhei,c
Hijikata Toshizou/Ogata Hyakunosuke,16,/tags/Hijikata%20Toshizou*s*Ogata%20Hyakunosuke,r
Kiroranke/Sugimoto Saichi,5,/tags/Kiroranke*s*Sugimoto%20Saichi,r
Tanigaki Fumi,6,/tags/Tanigaki%20Fumi,c
Hanazawa Yuusaku,432,/tags/Hanazawa%20Yuusaku,c
Ogata Hyakunosuke/Kiroranke,0,/tags/Ogata%20Hyakunosuke*s*Kiroranke,r
Kiroranke/Shiraishi Yoshitake,14,/tags/Kiroranke*s*Shiraishi%20Yoshitake,r
Koito Otonoshin/Ogata Hyakunosuke,17,/tags/Koito%20Otonoshin*s*Ogata%20Hyakunosuke,r
Hanazawa Yuusaku/Ogata Hyakunosuke,259,/tags/Hanazawa%20Yuusaku*s*Ogata%20Hyakunosuke,r
Asirpa & Ogata Hyakunosuke,40,/tags/Asirpa%20*a*%20Ogata%20Hyakunosuke,r
Hanazawa Yuusaku/Koito Otonoshin,1,/tags/Hanazawa%20Yuusaku*s*Koito%20Otonoshin,r
Kadokura (Golden Kamuy),80,/tags/Kadokura%20(Golden%20Kamuy),c
Enonoka (Golden Kamuy),6,/tags/Enonoka%20(Golden%20Kamuy),c
Koito Otonoshin/Usami,2,/tags/Koito%20Otonoshin*s*Usami,r
Hijikata Toshizou (Golden Kamuy),21,/tags/Hijikata%20Toshizou%20(Golden%20Kamuy),c
Hanazawa Yuusaku & Ogata Hyakunosuke,74,/tags/Hanazawa%20Yuusaku%20*a*%20Ogata%20Hyakunosuke,r
O-gin (Golden Kamuy),4,/tags/O-gin%20(Golden%20Kamuy),c
Umeko's Son (Golden Kamuy),1,/tags/Umeko's%20Son%20(Golden%20Kamuy),c
O-gin's Son (Golden Kamuy),0,/tags/O-gin's%20Son%20(Golden%20Kamuy),c
Ienaga Kano/O-gin (Golden Kamuy),0,/tags/Ienaga%20Kano*s*O-gin%20(Golden%20Kamuy),r
Inkarmat/O-gin (Golden Kamuy),0,/tags/Inkarmat*s*O-gin%20(Golden%20Kamuy),r
Kadokura/Usami (Golden Kamuy),20,/tags/Kadokura*s*Usami%20(Golden%20Kamuy),r
Henmi Kazuo,19,/tags/Henmi%20Kazuo,c
Sekiya Waichirou,3,/tags/Sekiya%20Waichirou,c
Wakayama Kiichirou,2,/tags/Wakayama%20Kiichirou,c
Henmi Kazuo/Kadokura,0,/tags/Henmi%20Kazuo*s*Kadokura,r
Sakamoto Keiichirou | Lightning Bandit,3,/tags/Sakamoto%20Keiichirou%20%7C%20Lightning%20Bandit,c
O-gin/Sakamoto Keiichirou | Lightning Bandit,0,/tags/O-gin*s*Sakamoto%20Keiichirou%20%7C%20Lightning%20Bandit,r
O-gin’s Son/Umeko’s Son (Golden Kamuy),0,/tags/O-gin%E2%80%99s%20Son*s*Umeko%E2%80%99s%20Son%20(Golden%20Kamuy),r
Inudou Shirosuke/Kadokura,1,/tags/Inudou%20Shirosuke*s*Kadokura,r
7th Division (Golden Kamuy),15,/tags/7th%20Division%20(Golden%20Kamuy),c
7th Division & Tsukishima Hajime,0,/tags/7th%20Division%20*a*%20Tsukishima%20Hajime,r
Ogata Hyakunosuke & Tsurumi Tokushirou,5,/tags/Ogata%20Hyakunosuke%20*a*%20Tsurumi%20Tokushirou,r
Sugimoto Saichi & Tsurumi Tokushirou,3,/tags/Sugimoto%20Saichi%20*a*%20Tsurumi%20Tokushirou,r
Tsurumi Tokushirou,465,/tags/Tsurumi%20Tokushirou,c
Ogata Hyakunosuke/Tsurumi Tokushirou,59,/tags/Ogata%20Hyakunosuke*s*Tsurumi%20Tokushirou,r
Hanazawa Koujirou,43,/tags/Hanazawa%20Koujirou,c
Henmi Kazuo & Kadokura,0,/tags/Henmi%20Kazuo%20*a*%20Kadokura,r
Henmi Kazuo/Sekiya Waichirou,0,/tags/Henmi%20Kazuo*s*Sekiya%20Waichirou,r
Ogata Hyakunosuke/Shiraishi Yoshitake,6,/tags/Ogata%20Hyakunosuke*s*Shiraishi%20Yoshitake,r
Ogata Hyakunosuke's Grandmother,7,/tags/Ogata%20Hyakunosuke's%20Grandmother,c
Mishima (Golden Kamuy),5,/tags/Mishima%20(Golden%20Kamuy),c
Kiroranke/Wilk (Golden Kamuy),5,/tags/Kiroranke*s*Wilk%20(Golden%20Kamuy),r
Tsukishima Hajime/Tsurumi Tokushirou,102,/tags/Tsukishima%20Hajime*s*Tsurumi%20Tokushirou,r
Hanazawa Yuusaku/Ogata Hyakunosuke/Original Female Character(s),0,/tags/Hanazawa%20Yuusaku*s*Ogata%20Hyakunosuke*s*Original%20Female%20Character(s),r
Shiraishi Yoshitake/Reader,9,/tags/Shiraishi%20Yoshitake*s*Reader,r
Tanigaki Genjirou/Reader,8,/tags/Tanigaki%20Genjirou*s*Reader,r
Tsukishima Hajime/Reader,10,/tags/Tsukishima%20Hajime*s*Reader,r
Tsukishima Hajime/Original Character(s),1,/tags/Tsukishima%20Hajime*s*Original%20Character(s),r
Igogusa/Tsukishima Hajime,13,/tags/Igogusa*s*Tsukishima%20Hajime,r
Koito Otonoshin/Reader,9,/tags/Koito%20Otonoshin*s*Reader,r
Edogai Yasaku/Usami,2,/tags/Edogai%20Yasaku*s*Usami,r
Tsurumi Tokushirou/Original Character(s),2,/tags/Tsurumi%20Tokushirou*s*Original%20Character(s),r
Shiraishi Yoshitake/Sugimoto Saichi/Tanigaki Genjirou,0,/tags/Shiraishi%20Yoshitake*s*Sugimoto%20Saichi*s*Tanigaki%20Genjirou,r
Igogusa (Golden Kamuy)/Original Character(s),0,/tags/Igogusa%20(Golden%20Kamuy)*s*Original%20Character(s),r
Edogai Yasaku/Tsukishima Hajime,0,/tags/Edogai%20Yasaku*s*Tsukishima%20Hajime,r
Asirpa & Shiraishi Yoshitake,3,/tags/Asirpa%20*a*%20Shiraishi%20Yoshitake,r
Gansoku Maiharu,6,/tags/Gansoku%20Maiharu,c
Inkarmat/Ogata Hyakunosuke,2,/tags/Inkarmat*s*Ogata%20Hyakunosuke,r
Kadokura/Kirawus (Golden Kamuy),39,/tags/Kadokura*s*Kirawus%20(Golden%20Kamuy),r
Usami (Golden Kamuy)/Reader,7,/tags/Usami%20(Golden%20Kamuy)*s*Reader,r
Inkarmat/Tanigaki Genjirou,15,/tags/Inkarmat*s*Tanigaki%20Genjirou,r
Koito Otonoshin/Tsukishima Hajime/Tsurumi Tokushirou,9,/tags/Koito%20Otonoshin*s*Tsukishima%20Hajime*s*Tsurumi%20Tokushirou,r
Koito Otonoshin/Tsurumi Tokushirou,30,/tags/Koito%20Otonoshin*s*Tsurumi%20Tokushirou,r
Nikaidou Kouhei/Ogata Hyakunosuke,4,/tags/Nikaidou%20Kouhei*s*Ogata%20Hyakunosuke,r
Makanakkuru (Golden Kamuy),4,/tags/Makanakkuru%20(Golden%20Kamuy),c
Ogata Hyakunosuke & Sugimoto Saichi,13,/tags/Ogata%20Hyakunosuke%20*a*%20Sugimoto%20Saichi,r
7th Division & Usami (Golden Kamuy),0,/tags/7th%20Division%20*a*%20Usami%20(Golden%20Kamuy),r
Arisaka Narizou/Tsurumi Tokushirou,6,/tags/Arisaka%20Narizou*s*Tsurumi%20Tokushirou,r
Arisaka Narizou/Tsurumi Tokushirou/Reader,0,/tags/Arisaka%20Narizou*s*Tsurumi%20Tokushirou*s*Reader,r
Koito Otonoshin & Tsurumi Tokushirou,3,/tags/Koito%20Otonoshin%20*a*%20Tsurumi%20Tokushirou,r
Nikaidou Kouhei/Tsurumi Tokushirou,3,/tags/Nikaidou%20Kouhei*s*Tsurumi%20Tokushirou,r
Sugimoto Saichi/Tsurumi Tokushirou,2,/tags/Sugimoto%20Saichi*s*Tsurumi%20Tokushirou,r
Tsukishima Hajime & Tsurumi Tokushirou,13,/tags/Tsukishima%20Hajime%20*a*%20Tsurumi%20Tokushirou,r
Tsukishima Hajime/Tsurumi Tokushirou/Original Character(s),1,/tags/Tsukishima%20Hajime*s*Tsurumi%20Tokushirou*s*Original%20Character(s),r
Tsurumi Tokushirou & Usami,3,/tags/Tsurumi%20Tokushirou%20*a*%20Usami,r
Tsurumi Tokushirou/Usami,65,/tags/Tsurumi%20Tokushirou*s*Usami,r
7th Division & Tsurumi Tokushirou,4,/tags/7th%20Division%20*a*%20Tsurumi%20Tokushirou,r
Sofia (Golden Kamuy),12,/tags/Sofia%20(Golden%20Kamuy),c
Anma (Golden Kamuy),0,/tags/Anma%20(Golden%20Kamuy),c
Kiroranke/Sofia/Wilk (Golden Kamuy),3,/tags/Kiroranke*s*Sofia*s*Wilk%20(Golden%20Kamuy),r
Ogata Hyakunosuke/Original Female Character(s),9,/tags/Ogata%20Hyakunosuke*s*Original%20Female%20Character(s),r
Hanazawa Koujirou/Hanazawa Yuusaku,1,/tags/Hanazawa%20Koujirou*s*Hanazawa%20Yuusaku,r
Ogata Hyakunosuke Being Ogata Hyakunosuke,42,/tags/Ogata%20Hyakunosuke%20Being%20Ogata%20Hyakunosuke,f
Ariko Rikimatsu,31,/tags/Ariko%20Rikimatsu,c
Igogusa/Inkarmat (Golden Kamuy),1,/tags/Igogusa*s*Inkarmat%20(Golden%20Kamuy),r
Ogata Hyakunosuke/Ushiyama Tatsuma,5,/tags/Ogata%20Hyakunosuke*s*Ushiyama%20Tatsuma,r
Maeyama (Golden Kamuy),1,/tags/Maeyama%20(Golden%20Kamuy),c
Ogata Hyakunosuke/Other(s),7,/tags/Ogata%20Hyakunosuke*s*Other(s),r
Mishima/Tanigaki Genjirou,0,/tags/Mishima*s*Tanigaki%20Genjirou,r
Tanigaki Genjirou/Tsukishima Hajime,2,/tags/Tanigaki%20Genjirou*s*Tsukishima%20Hajime,r
Toni Anji,16,/tags/Toni%20Anji,c
Svetlana (Golden Kamuy),4,/tags/Svetlana%20(Golden%20Kamuy),c
Hanazawa Yuusaku/Tsurumi Tokushirou,1,/tags/Hanazawa%20Yuusaku*s*Tsurumi%20Tokushirou,r
Ogata Hyakunosuke & Tanigaki Genjirou,1,/tags/Ogata%20Hyakunosuke%20*a*%20Tanigaki%20Genjirou,r
Hanazawa Yuusaku/Sugimoto Saichi,12,/tags/Hanazawa%20Yuusaku*s*Sugimoto%20Saichi,r
Hanazawa Yuusaku/Original Male Character(s),1,/tags/Hanazawa%20Yuusaku*s*Original%20Male%20Character(s),r
Ogata Hyakunosuke/Original Male Character(s),13,/tags/Ogata%20Hyakunosuke*s*Original%20Male%20Character(s),r
Sugimoto Saichi/Umeko,2,/tags/Sugimoto%20Saichi*s*Umeko,r
Kamezou (Golden Kamuy),1,/tags/Kamezou%20(Golden%20Kamuy),c
Kiroranke (Golden Kamuy)/Reader,2,/tags/Kiroranke%20(Golden%20Kamuy)*s*Reader,r
Nikaidou Kouhei/Nikaidou Youhei,2,/tags/Nikaidou%20Kouhei*s*Nikaidou%20Youhei,r
Tanigaki Genjirou/Usami,0,/tags/Tanigaki%20Genjirou*s*Usami,r
Wada Taii,3,/tags/Wada%20Taii,c
Aoyama Kenkichi,1,/tags/Aoyama%20Kenkichi,c
Tamai/Tanigaki Genjirou,0,/tags/Tamai*s*Tanigaki%20Genjirou,r
Tanigaki Genjirou/Original Character(s),0,/tags/Tanigaki%20Genjirou*s*Original%20Character(s),r
Koito Heiji/Tsurumi Tokushirou,4,/tags/Koito%20Heiji*s*Tsurumi%20Tokushirou,r
Gansoku Maiharu/Ushiyama Tatsuma,0,/tags/Gansoku%20Maiharu*s*Ushiyama%20Tatsuma,r
Asirpa/Ogata Hyakunosuke,24,/tags/Asirpa*s*Ogata%20Hyakunosuke,r
Sugio Week 2019,1,/tags/Sugio%20Week%202019,f
Edogai Yasaku/Tsurumi Tokushirou,10,/tags/Edogai%20Yasaku*s*Tsurumi%20Tokushirou,r
Ogata Hyakunosuke/Tsurumi Tokushirou/Usami,4,/tags/Ogata%20Hyakunosuke*s*Tsurumi%20Tokushirou*s*Usami,r
Inkarmat/Tsurumi Tokushirou,0,/tags/Inkarmat*s*Tsurumi%20Tokushirou,r
Sugimoto Saichi/You,1,/tags/Sugimoto%20Saichi*s*You,r
Ogata Hyakunosuke/You,2,/tags/Ogata%20Hyakunosuke*s*You,r
Shiraishi Yoshitake/You,1,/tags/Shiraishi%20Yoshitake*s*You,r
Tsukishima Hajime/You,2,/tags/Tsukishima%20Hajime*s*You,r
Tanigaki Genjirou/You,2,/tags/Tanigaki%20Genjirou*s*You,r
Ogata Hyakunosuke/Sugimoto Saichi/Reader,0,/tags/Ogata%20Hyakunosuke*s*Sugimoto%20Saichi*s*Reader,r
Ienaga Kano/Toni Anji,1,/tags/Ienaga%20Kano*s*Toni%20Anji,r
Tsukishima Hajime/Usami,0,/tags/Tsukishima%20Hajime*s*Usami,r
Trans Sugimoto Saichi,1,/tags/Trans%20Sugimoto%20Saichi,f
Bottom Ogata Hyakunosuke,19,/tags/Bottom%20Ogata%20Hyakunosuke,f
Inudou Shirosuke/Tsurumi Tokushirou,0,/tags/Inudou%20Shirosuke*s*Tsurumi%20Tokushirou,r
Koito Otonoshin & Tsukishima Hajime,12,/tags/Koito%20Otonoshin%20*a*%20Tsukishima%20Hajime,r
Student Tsukishima Kei,1,/tags/Student%20Tsukishima%20Kei,f
Fina (Golden Kamuy),4,/tags/Fina%20(Golden%20Kamuy),c
Fina/Tsurumi Tokushirou,6,/tags/Fina*s*Tsurumi%20Tokushirou,r
Henmi Kazuo/Sugimoto Saichi,3,/tags/Henmi%20Kazuo*s*Sugimoto%20Saichi,r
Ogata Hyakunosuke Has Emotions,18,/tags/Ogata%20Hyakunosuke%20Has%20Emotions,f
Sea Otter Stew (Golden Kamuy),9,/tags/Sea%20Otter%20Stew%20(Golden%20Kamuy),f
Golden Kamuy Chapter 75: Ani Where It All Began,0,/tags/Golden%20Kamuy%20Chapter%2075:%20Ani%20Where%20It%20All%20Began,f
Golden Kamuy Chapter 83: Love Fortune,0,/tags/Golden%20Kamuy%20Chapter%2083:%20Love%20Fortune,f
Golden Kamuy chapter 107: Sleep,0,/tags/Golden%20Kamuy%20chapter%20107:%20Sleep,f
Golden Kamuy Chapter 187: Impurity and Sin,0,/tags/Golden%20Kamuy%20Chapter%20187:%20Impurity%20and%20Sin,f
Golden Kamuy Chapter 138: Loss,0,/tags/Golden%20Kamuy%20Chapter%20138:%20Loss,f
Golden Kamuy Chapter 210: Sweet Lies,0,/tags/Golden%20Kamuy%20Chapter%20210:%20Sweet%20Lies,f
Sugimoto Saichi/Tsukishima Hajime,0,/tags/Sugimoto%20Saichi*s*Tsukishima%20Hajime,r
Hijikata Toshizou/Takeda Kanryuusai,0,/tags/Hijikata%20Toshizou*s*Takeda%20Kanryuusai,r
Tsurumi Tokushirou/Reader,12,/tags/Tsurumi%20Tokushirou*s*Reader,r
Tanigaki Gejirou/Other(s),0,/tags/Tanigaki%20Gejirou*s*Other(s),r
Tsukishima Hajime/Other(s),1,/tags/Tsukishima%20Hajime*s*Other(s),r
Ienaga Kano/Ogata Hyakunosuke,1,/tags/Ienaga%20Kano*s*Ogata%20Hyakunosuke,r
Kirawus/Ogata Hyakunosuke,2,/tags/Kirawus*s*Ogata%20Hyakunosuke,r
Koito Heiji & Koito Otonoshin,1,/tags/Koito%20Heiji%20*a*%20Koito%20Otonoshin,r
Koito Heinojou,29,/tags/Koito%20Heinojou,c
Hijikata Toshizou & Nagakura Shinpachi (Golden Kamuy),0,/tags/Hijikata%20Toshizou%20*a*%20Nagakura%20Shinpachi%20(Golden%20Kamuy),r
Ogata Hyakunosuke/Usami,39,/tags/Ogata%20Hyakunosuke*s*Usami,r
Nikaidou Kouhei & Nikaidou Youhei,2,/tags/Nikaidou%20Kouhei%20*a*%20Nikaidou%20Youhei,r
Ogata Hyakunosuke & Tsukishima Hajime,13,/tags/Ogata%20Hyakunosuke%20*a*%20Tsukishima%20Hajime,r
Boutarou the Pirate | Oosawa Fusatarou,32,/tags/Boutarou%20the%20Pirate%20%7C%20Oosawa%20Fusatarou,c
Boutarou the Pirate | Oosawa Fusatarou/Koito Otonoshin,0,/tags/Boutarou%20the%20Pirate%20%7C%20Oosawa%20Fusatarou*s*Koito%20Otonoshin,r
Hijikata Toshizou/Inudou Shirosuke,3,/tags/Hijikata%20Toshizou*s*Inudou%20Shirosuke,r
Hanazawa Koujirou & Hanazawa Yuusaku,1,/tags/Hanazawa%20Koujirou%20*a*%20Hanazawa%20Yuusaku,r
Hanazawa Koujirou & Ogata Hyakunosuke,3,/tags/Hanazawa%20Koujirou%20*a*%20Ogata%20Hyakunosuke,r
Hijikata Toshizou/Nagakura Shinpachi (Golden Kamuy),0,/tags/Hijikata%20Toshizou*s*Nagakura%20Shinpachi%20(Golden%20Kamuy),r
Fushiguro Toji & Ogata Hyakunosuke,0,/tags/Fushiguro%20Toji%20*a*%20Ogata%20Hyakunosuke,r
Ogata Hyakunosuke/Original Character(s),3,/tags/Ogata%20Hyakunosuke*s*Original%20Character(s),r
Koito Yuki,10,/tags/Koito%20Yuki,c
Ogata Hyakunosuke & Ogata Hyakunosuke's Grandmother,0,/tags/Ogata%20Hyakunosuke%20*a*%20Ogata%20Hyakunosuke's%20Grandmother,r
Yamada Fumie,3,/tags/Yamada%20Fumie,c
Koito Otonoshin/Tsurumi Tokushirou/Usami,2,/tags/Koito%20Otonoshin*s*Tsurumi%20Tokushirou*s*Usami,r
Boutarou the Pirate | Oosawa Fusatarou/Shiraishi Yoshitake,7,/tags/Boutarou%20the%20Pirate%20%7C%20Oosawa%20Fusatarou*s*Shiraishi%20Yoshitake,r
Asirpa & Tsurumi Tokushirou,0,/tags/Asirpa%20*a*%20Tsurumi%20Tokushirou,r
Edogai Yasaku & Tsurumi Tokushirou,1,/tags/Edogai%20Yasaku%20*a*%20Tsurumi%20Tokushirou,r
Tsukishima Hajime/Yamada Fumie,1,/tags/Tsukishima%20Hajime*s*Yamada%20Fumie,r
Hanazawa Yuusaku/Ogata Hyakunosuke/Original Character(s),0,/tags/Hanazawa%20Yuusaku*s*Ogata%20Hyakunosuke*s*Original%20Character(s),r
Intersex Sugimoto Saichi,2,/tags/Intersex%20Sugimoto%20Saichi,f
Kikuta Mokutarou,32,/tags/Kikuta%20Mokutarou,c
Sugimoto Saichi/Original Character(s),2,/tags/Sugimoto%20Saichi*s*Original%20Character(s),r
Nikaidou Kouhei & Usami,0,/tags/Nikaidou%20Kouhei%20*a*%20Usami,r
Hanazawa Koujirou/Koito Heiji,0,/tags/Hanazawa%20Koujirou*s*Koito%20Heiji,r
Female Ogata Hyakunosuke,1,/tags/Female%20Ogata%20Hyakunosuke,f
Ogata Hyakunosuke & Reader,3,/tags/Ogata%20Hyakunosuke%20*a*%20Reader,r
Nikaidou Kouhei/Usami,0,/tags/Nikaidou%20Kouhei*s*Usami,r
Brain Fluid (Golden Kamuy),13,/tags/Brain%20Fluid%20(Golden%20Kamuy),f
Asirpa & Shiraishi Yoshitake & Sugimoto Saichi,10,/tags/Asirpa%20*a*%20Shiraishi%20Yoshitake%20*a*%20Sugimoto%20Saichi,r
Asirpa/Tsurumi Tokushirou,8,/tags/Asirpa*s*Tsurumi%20Tokushirou,r
Ogata Hyakunosuke/Tang Lijia,0,/tags/Ogata%20Hyakunosuke*s*Tang%20Lijia,r
Hanazawa Yuusaku/Usami,3,/tags/Hanazawa%20Yuusaku*s*Usami,r
Tsurumi Tokushirou/Wilk,9,/tags/Tsurumi%20Tokushirou*s*Wilk,r
Kiroranke & Wilk (Golden Kamuy),0,/tags/Kiroranke%20*a*%20Wilk%20(Golden%20Kamuy),r
Kiroranke & Sofia (Golden Kamuy),0,/tags/Kiroranke%20*a*%20Sofia%20(Golden%20Kamuy),r
Hanazawa Yuusaku/Ogata Hyakunosuke/Usami,5,/tags/Hanazawa%20Yuusaku*s*Ogata%20Hyakunosuke*s*Usami,r
Kiroranke & Shiraishi Yoshitake,1,/tags/Kiroranke%20*a*%20Shiraishi%20Yoshitake,r
Retar (Golden Kamuy),3,/tags/Retar%20(Golden%20Kamuy),c
Tsurumi Tokushirou/Original Male Character(s),1,/tags/Tsurumi%20Tokushirou*s*Original%20Male%20Character(s),r
Usami (Golden Kamuy)/Original Character(s),1,/tags/Usami%20(Golden%20Kamuy)*s*Original%20Character(s),r
Hijikata Toshizou/You,0,/tags/Hijikata%20Toshizou*s*You,r
Noma Naoaki,3,/tags/Noma%20Naoaki,c
Tanigaki Genjirou & Reader,0,/tags/Tanigaki%20Genjirou%20*a*%20Reader,r
Takagi Tomoharu,1,/tags/Takagi%20Tomoharu,c
Noma Naoaki/Ogata Hyakunosuke,1,/tags/Noma%20Naoaki*s*Ogata%20Hyakunosuke,r
Igogusa & Tsukishima Hajime,2,/tags/Igogusa%20*a*%20Tsukishima%20Hajime,r
Ogata Hyakunosuke/Ogata Tome,5,/tags/Ogata%20Hyakunosuke*s*Ogata%20Tome,r
Ogata Tome,25,/tags/Ogata%20Tome,c
Kirawus/Nihei Tetsuzou,1,/tags/Kirawus*s*Nihei%20Tetsuzou,r
Nakazawa Tatsuya,2,/tags/Nakazawa%20Tatsuya,c
Bottom Sugimoto Saichi,5,/tags/Bottom%20Sugimoto%20Saichi,f
Ogata Hyakunosuke & Shiraishi Yoshitake,1,/tags/Ogata%20Hyakunosuke%20*a*%20Shiraishi%20Yoshitake,r
Top Ogata Hyakunosuke,5,/tags/Top%20Ogata%20Hyakunosuke,f
Ogata Hyakunoske & Ogata Tome,1,/tags/Ogata%20Hyakunoske%20*a*%20Ogata%20Tome,r
Takagi Tomoharu/Usami,0,/tags/Takagi%20Tomoharu*s*Usami,r
Bill Cipher/Ogata Hyakunosuke,1,/tags/Bill%20Cipher*s*Ogata%20Hyakunosuke,r
Sugimoto Saichi & Tsukishima Hajime,1,/tags/Sugimoto%20Saichi%20*a*%20Tsukishima%20Hajime,r
Svetlana/Tsukishima Hajime,1,/tags/Svetlana*s*Tsukishima%20Hajime,r
7th Division/Ogata Hyakunosuke,0,/tags/7th%20Division*s*Ogata%20Hyakunosuke,r
7th Division (Golden Kamuy)/Reader,2,/tags/7th%20Division%20(Golden%20Kamuy)*s*Reader,r
Ogata Hyakunosuke & Original Male Character(s),0,/tags/Ogata%20Hyakunosuke%20*a*%20Original%20Male%20Character(s),r
Edogai Yusaki/Other(s),0,/tags/Edogai%20Yusaki*s*Other(s),r
Ogata Hyakunosuke & Usami,2,/tags/Ogata%20Hyakunosuke%20*a*%20Usami,r
Ogata Hyakunosuke/Ogata Hyakunosuke,1,/tags/Ogata%20Hyakunosuke*s*Ogata%20Hyakunosuke,r
Shiraishi Yoshitake/Tanigaki Genjirou,0,/tags/Shiraishi%20Yoshitake*s*Tanigaki%20Genjirou,r
Sugimoto Saichi/Usami,0,/tags/Sugimoto%20Saichi*s*Usami,r
Boutarou the Pirate | Oosawa Fusatarou/Sugimoto Saichi,2,/tags/Boutarou%20the%20Pirate%20%7C%20Oosawa%20Fusatarou*s*Sugimoto%20Saichi,r
Kadokura/Kirawus (Golden Kamuy)/Reader,1,/tags/Kadokura*s*Kirawus%20(Golden%20Kamuy)*s*Reader,r
Sofia/Wilk (Golden Kamuy),1,/tags/Sofia*s*Wilk%20(Golden%20Kamuy),r
Kiroranke/Sofia (Golden Kamuy),1,/tags/Kiroranke*s*Sofia%20(Golden%20Kamuy),r
Hanazawa Hiro,8,/tags/Hanazawa%20Hiro,c
Hanazawa Koujirou/Ogata Tome,2,/tags/Hanazawa%20Koujirou*s*Ogata%20Tome,r
Nagakura Shinpachi/Sagara Sanosuke/Saitou Hajime,0,/tags/Nagakura%20Shinpachi*s*Sagara%20Sanosuke*s*Saitou%20Hajime,r
Tsurumi Tokushirou/Wada Kouji,2,/tags/Tsurumi%20Tokushirou*s*Wada%20Kouji,r
Youichirou (Golden Kamuy),1,/tags/Youichirou%20(Golden%20Kamuy),c
Nagakura Shinpachi (Golden Kamuy),9,/tags/Nagakura%20Shinpachi%20(Golden%20Kamuy),c
Wada Kouji (Golden Kamuy),3,/tags/Wada%20Kouji%20(Golden%20Kamuy),c
Asirpa/Wilk (Golden Kamuy),0,/tags/Asirpa*s*Wilk%20(Golden%20Kamuy),r
Ariko Rikimatsu & Ienaga Kano,0,/tags/Ariko%20Rikimatsu%20*a*%20Ienaga%20Kano,r
Boutarou the Pirate | Oosawa Fusatarou & Toni Anji,1,/tags/Boutarou%20the%20Pirate%20%7C%20Oosawa%20Fusatarou%20*a*%20Toni%20Anji,r
Koito Heinojou & Koito Otonoshin,1,/tags/Koito%20Heinojou%20*a*%20Koito%20Otonoshin,r
Sugimoto Saichi & Other(s),0,/tags/Sugimoto%20Saichi%20*a*%20Other(s),r
Episode: s02e19 Kamuy Hopunire,0,/tags/Episode:%20s02e19%20Kamuy%20Hopunire,f
Episode: s02e24 Call Out,0,/tags/Episode:%20s02e24%20Call%20Out,f
Edogai Yasaku & Sugimoto Saichi,1,/tags/Edogai%20Yasaku%20*a*%20Sugimoto%20Saichi,r
Kikuta Toujirou,3,/tags/Kikuta%20Toujirou,c
Ilya (Golden Kamuy),16,/tags/Ilya%20(Golden%20Kamuy),c
Hijikata Toshizou & Tsukishima Hajime,1,/tags/Hijikata%20Toshizou%20*a*%20Tsukishima%20Hajime,r
Hanazawa Yuusaku & Koito Otonoshin,1,/tags/Hanazawa%20Yuusaku%20*a*%20Koito%20Otonoshin,r
Kiroranke & Nikaidou Kouhei,0,/tags/Kiroranke%20*a*%20Nikaidou%20Kouhei,r
Ienaga Kano & Kikuta Mokutarou,2,/tags/Ienaga%20Kano%20*a*%20Kikuta%20Mokutarou,r
Kirawus & Usami (Golden Kamuy),1,/tags/Kirawus%20*a*%20Usami%20(Golden%20Kamuy),r
Inkarmat & Toni Anji,0,/tags/Inkarmat%20*a*%20Toni%20Anji,r
Sofia/Tsukishima Hajime,0,/tags/Sofia*s*Tsukishima%20Hajime,r
Okuyama Kantarou,7,/tags/Okuyama%20Kantarou,c
Hanazawa Yuusaku/Okuyama Kantarou,0,/tags/Hanazawa%20Yuusaku*s*Okuyama%20Kantarou,r
Ariko Rikimatsu & Kikuta Mokurarou,0,/tags/Ariko%20Rikimatsu%20*a*%20Kikuta%20Mokurarou,r
Ariko Rikimatsu/Kikuta Mokutarou,3,/tags/Ariko%20Rikimatsu*s*Kikuta%20Mokutarou,r
Hanazawa Hiro & Kikuta Mokutarou,0,/tags/Hanazawa%20Hiro%20*a*%20Kikuta%20Mokutarou,r
Kikuta Mokuratou & Koito Otonoshin,0,/tags/Kikuta%20Mokuratou%20*a*%20Koito%20Otonoshin,r
Kikuta Mokutarou & Usami,0,/tags/Kikuta%20Mokutarou%20*a*%20Usami,r
Kikuta Mokutarou/Other(s),0,/tags/Kikuta%20Mokutarou*s*Other(s),r
Kikuta Mokutarou/Ogata Hyakunosuke,1,/tags/Kikuta%20Mokutarou*s*Ogata%20Hyakunosuke,r
Kikuta Mokutarou/Ogata Hyakunosuke/Sugimoto Saichi,0,/tags/Kikuta%20Mokutarou*s*Ogata%20Hyakunosuke*s*Sugimoto%20Saichi,r
Kikuta Mokutarou/Sigumoto Saichi,5,/tags/Kikuta%20Mokutarou*s*Sigumoto%20Saichi,r
Kikuta Mokutarou/Tsurumi Tokushirou,1,/tags/Kikuta%20Mokutarou*s*Tsurumi%20Tokushirou,r
Kikuta Mokutarou/Usami,0,/tags/Kikuta%20Mokutarou*s*Usami,r
Bottom Koito Otonoshin,2,/tags/Bottom%20Koito%20Otonoshin,f
Kikuta Mokutarou/Toni Anji,1,/tags/Kikuta%20Mokutarou*s*Toni%20Anji,r
Kadokura/Tsurumi Tokushirou,1,/tags/Kadokura*s*Tsurumi%20Tokushirou,r
Edogai Yasaku/Ogata Hyakunosuke,1,/tags/Edogai%20Yasaku*s*Ogata%20Hyakunosuke,r
Sakata Gintoki/Sugimoto Saichi,0,/tags/Sakata%20Gintoki*s*Sugimoto%20Saichi,r
Inudou Shirosuke/Okuyama Kantarou,1,/tags/Inudou%20Shirosuke*s*Okuyama%20Kantarou,r
Hijikata Toshizou/Okuyama Kantarou,1,/tags/Hijikata%20Toshizou*s*Okuyama%20Kantarou,r
Hijikata Toshizou/Inudou Shirosuke/Okuyama Kantarou,0,/tags/Hijikata%20Toshizou*s*Inudou%20Shirosuke*s*Okuyama%20Kantarou,r
Kamezou & Okuyama Kantarou,1,/tags/Kamezou%20*a*%20Okuyama%20Kantarou,r
Ogata Hyakunosuke & Ogata Tome,0,/tags/Ogata%20Hyakunosuke%20*a*%20Ogata%20Tome,r
Vasily Pavlichenko,29,/tags/Vasily%20Pavlichenko,c
Mansur (Golden Kamuy),3,/tags/Mansur%20(Golden%20Kamuy),c
Kadokura's Daughter (Golden Kamuy),0,/tags/Kadokura's%20Daughter%20(Golden%20Kamuy),c
Asirpa & Ogata Hyakunosuke & Shiraishi Yoshitake & Sugimoto Saichi,0,/tags/Asirpa%20*a*%20Ogata%20Hyakunosuke%20*a*%20Shiraishi%20Yoshitake%20*a*%20Sugimoto%20Saichi,r
Kamezou/O-gin/Okuyama Kantarou/Sakamoto Keiichirou | Lightning Bandit,0,/tags/Kamezou*s*O-gin*s*Okuyama%20Kantarou*s*Sakamoto%20Keiichirou%20%7C%20Lightning%20Bandit,r
Kadokura & Kamezou (Golden Kamuy),0,/tags/Kadokura%20*a*%20Kamezou%20(Golden%20Kamuy),r
Spoilers for Golden Kamuy Chapter 310: Blessed,3,/tags/Spoilers%20for%20Golden%20Kamuy%20Chapter%20310:%20Blessed,f
Spoilers for Golden Kamuy Chapter 284: Our Kamuy,0,/tags/Spoilers%20for%20Golden%20Kamuy%20Chapter%20284:%20Our%20Kamuy,f
Post-Golden Kamuy Chapter 188: Live,0,/tags/Post-Golden%20Kamuy%20Chapter%20188:%20Live,f
Ogata Hyakunosuke & Original Character(s),1,/tags/Ogata%20Hyakunosuke%20*a*%20Original%20Character(s),r
Kadokura & Kirawus (Golden Kamuy),0,/tags/Kadokura%20*a*%20Kirawus%20(Golden%20Kamuy),r
Top Sugimoto Saichi,3,/tags/Top%20Sugimoto%20Saichi,f
Hijikata Toshizou/Kadokura (Golden Kamuy),0,/tags/Hijikata%20Toshizou*s*Kadokura%20(Golden%20Kamuy),r
Hijikata Toshizou & Kadokura (Golden Kamuy),0,/tags/Hijikata%20Toshizou%20*a*%20Kadokura%20(Golden%20Kamuy),r
Kadokura (Golden Kamuy)/Reader,0,/tags/Kadokura%20(Golden%20Kamuy)*s*Reader,r
Hijikata Toshizou (Golden Kamuy)/Original Character(s),0,/tags/Hijikata%20Toshizou%20(Golden%20Kamuy)*s*Original%20Character(s),r
Hanazawa Yuusaku & Ogata Tome,1,/tags/Hanazawa%20Yuusaku%20*a*%20Ogata%20Tome,r
Hanazawa Yuusaku & Sugimoto Saichi,1,/tags/Hanazawa%20Yuusaku%20*a*%20Sugimoto%20Saichi,r
Boutarou the Pirate | Oosawa Fusatarou/Vasily Pavlichenko,1,/tags/Boutarou%20the%20Pirate%20%7C%20Oosawa%20Fusatarou*s*Vasily%20Pavlichenko,r
Ienaga Kano/Sugimoto Saichi,0,/tags/Ienaga%20Kano*s*Sugimoto%20Saichi,r
Igogusa & Ogata Hyakunosuke,0,/tags/Igogusa%20*a*%20Ogata%20Hyakunosuke,r
Tsukishima Hajime & Original Character(s),0,/tags/Tsukishima%20Hajime%20*a*%20Original%20Character(s),r
Ilya (Golden Kamuy)/Original Male Character(s),0,/tags/Ilya%20(Golden%20Kamuy)*s*Original%20Male%20Character(s),r
Koito Heiji/Koito Yuki,0,/tags/Koito%20Heiji*s*Koito%20Yuki,r
Hanazawa Yuusaku/Original Female Character(s),3,/tags/Hanazawa%20Yuusaku*s*Original%20Female%20Character(s),r
Mishima Kennosuke,3,/tags/Mishima%20Kennosuke,c
Hanazawa Yuusaku/Original Character(s),0,/tags/Hanazawa%20Yuusaku*s*Original%20Character(s),r
Noda Satoru/Tanigaki Genjirou,0,/tags/Noda%20Satoru*s*Tanigaki%20Genjirou,r
Hijikata Toshizou (Golden Kamuy)/Reader,1,/tags/Hijikata%20Toshizou%20(Golden%20Kamuy)*s*Reader,r
Top Ogata Hyakunosuke/Bottom Sugimoto Saichi,9,/tags/Top%20Ogata%20Hyakunosuke*s*Bottom%20Sugimoto%20Saichi,f
Dentist Ogata Hyakunosuke,4,/tags/Dentist%20Ogata%20Hyakunosuke,f
Ogata Hyakunosuke Has Issues,7,/tags/Ogata%20Hyakunosuke%20Has%20Issues,f
VasiO Week 2022 (Golden Kamuy),4,/tags/VasiO%20Week%202022%20(Golden%20Kamuy),f
Asirpa/Retar (Golden Kamuy,0,/tags/Asirpa*s*Retar%20(Golden%20Kamuy,r
Hanazawa Yuusaku/Koito Heinojou,8,/tags/Hanazawa%20Yuusaku*s*Koito%20Heinojou,r
Sugimoto Saichi/Toraji,0,/tags/Sugimoto%20Saichi*s*Toraji,r
Tanigaki Genjirou & Nihei Tetsuzou,0,/tags/Tanigaki%20Genjirou%20*a*%20Nihei%20Tetsuzou,r
Asirpa's Mother (Golden Kamuy),0,/tags/Asirpa's%20Mother%20(Golden%20Kamuy),c
Asirpa (Golden Kamuy) & Reader,0,/tags/Asirpa%20(Golden%20Kamuy)%20*a*%20Reader,r
Ienaga Kano/Kirawus (Golden Kamuy),0,/tags/Ienaga%20Kano*s*Kirawus%20(Golden%20Kamuy),r
Matsuda Heita,1,/tags/Matsuda%20Heita,c
Ueji Keiji,1,/tags/Ueji%20Keiji,c
Anehata Shiton,1,/tags/Anehata%20Shiton,c
Hanazawa Yuusaku & Koito Heinojou,4,/tags/Hanazawa%20Yuusaku%20*a*%20Koito%20Heinojou,r
Hijikata Toshizou (Golden Kamuy) & Popocco | Skiploom,0,/tags/Hijikata%20Toshizou%20(Golden%20Kamuy)%20*a*%20Popocco%20%7C%20Skiploom,r
Ariko Rikimatsu/Ogata Hyakunosuke,0,/tags/Ariko%20Rikimatsu*s*Ogata%20Hyakunosuke,r
Koito Heinojou/Reader,1,/tags/Koito%20Heinojou*s*Reader,r
Koito Heinojou & Reader,1,/tags/Koito%20Heinojou%20*a*%20Reader,r
Hanazawa Yuusaku Lives,5,/tags/Hanazawa%20Yuusaku%20Lives,f
Hijikata Toshizou/Toni Anji,5,/tags/Hijikata%20Toshizou*s*Toni%20Anji,r
Inkarmat (Golden Kamuy)/Reader,0,/tags/Inkarmat%20(Golden%20Kamuy)*s*Reader,r
Ienaga Kano (Golden Kamuy)/Reader,0,/tags/Ienaga%20Kano%20(Golden%20Kamuy)*s*Reader,r
Ogata Hyakunosuke & Toni Anji,1,/tags/Ogata%20Hyakunosuke%20*a*%20Toni%20Anji,r
Sugimoto Saichi/Tsurumi Tokushirou/Reader,1,/tags/Sugimoto%20Saichi*s*Tsurumi%20Tokushirou*s*Reader,r
Koito Heinojou/Tsukishima Hajime,0,/tags/Koito%20Heinojou*s*Tsukishima%20Hajime,r
sugioweek's Sugio Week (Golden Kamuy),0,/tags/sugioweek's%20Sugio%20Week%20(Golden%20Kamuy),f
Nagai (Golden Kamuy),2,/tags/Nagai%20(Golden%20Kamuy),c
Nambu (Golden Kamuy),2,/tags/Nambu%20(Golden%20Kamuy),c
Hanazawa Koujirou/Tsurumi Tokushirou,1,/tags/Hanazawa%20Koujirou*s*Tsurumi%20Tokushirou,r
Koito Heinojou/Tsurumi Tokushirou,1,/tags/Koito%20Heinojou*s*Tsurumi%20Tokushirou,r
Ariko Rikimatsu/Vasily Pavlichenko,0,/tags/Ariko%20Rikimatsu*s*Vasily%20Pavlichenko,r
Hanazawa Yuusaku/Vasily Pavlichenko,1,/tags/Hanazawa%20Yuusaku*s*Vasily%20Pavlichenko,r
Ilya & Vasily Pavlichenko,0,/tags/Ilya%20*a*%20Vasily%20Pavlichenko,r
Ilya/Vasily Pavlichenko,3,/tags/Ilya*s*Vasily%20Pavlichenko,r
Nagakura Shinpachi & Vasily Pavlichenko,0,/tags/Nagakura%20Shinpachi%20*a*%20Vasily%20Pavlichenko,r
Ogata Hyakunosuke & Vasily Pavlichenko,0,/tags/Ogata%20Hyakunosuke%20*a*%20Vasily%20Pavlichenko,r
Ogata Hyakunosuke/Vasily Pavlichenko/Sugimoto Saichi,0,/tags/Ogata%20Hyakunosuke*s*Vasily%20Pavlichenko*s*Sugimoto%20Saichi,r
Ogata Hyakunosuke/Vasily Pavlichenko,13,/tags/Ogata%20Hyakunosuke*s*Vasily%20Pavlichenko,r
Ogata Hyakunosuke/Vasily Pavlichenko/Reader,0,/tags/Ogata%20Hyakunosuke*s*Vasily%20Pavlichenko*s*Reader,r
Vasily Pavlichenko & Sugimoto Saichi,0,/tags/Vasily%20Pavlichenko%20*a*%20Sugimoto%20Saichi,r
Vasily Pavlichenko/Sugimoto Saichi,2,/tags/Vasily%20Pavlichenko*s*Sugimoto%20Saichi,r
Vasily Pavlichenko/Tsukishima Hajime,0,/tags/Vasily%20Pavlichenko*s*Tsukishima%20Hajime,r
Ogata Hyakunosuke/Vasily Pavlichenko/Tsukishima Hajime,0,/tags/Ogata%20Hyakunosuke*s*Vasily%20Pavlichenko*s*Tsukishima%20Hajime,r
Vasily Pavlichenko & Tsurumi Tokushirou,0,/tags/Vasily%20Pavlichenko%20*a*%20Tsurumi%20Tokushirou,r
Vasily Pavlichenko/Original Character(s),0,/tags/Vasily%20Pavlichenko*s*Original%20Character(s),r
Vasily Pavlichenko/Original Female Character(s),0,/tags/Vasily%20Pavlichenko*s*Original%20Female%20Character(s),r
Vasily Pavlichenko/Reader,0,/tags/Vasily%20Pavlichenko*s*Reader,r
Vasily Pavlichenko/You,0,/tags/Vasily%20Pavlichenko*s*You,r
Ogata Hyakunosuke/Everyone,0,/tags/Ogata%20Hyakunosuke*s*Everyone,r
Sugimoto Saichi/Other(s),0,/tags/Sugimoto%20Saichi*s*Other(s),r
Hanazawa Yuusaku & Vasily Pavlichenko,0,/tags/Hanazawa%20Yuusaku%20*a*%20Vasily%20Pavlichenko,r
Hanazawa Hiro & Hanazawa Yuusaku,0,/tags/Hanazawa%20Hiro%20*a*%20Hanazawa%20Yuusaku,r
Kikuta Mokutarou/Reader,1,/tags/Kikuta%20Mokutarou*s*Reader,r
Kikuta Mokutarou & Reader,0,/tags/Kikuta%20Mokutarou%20*a*%20Reader,r
7th Division Soldier Sugimoto Saichi,0,/tags/7th%20Division%20Soldier%20Sugimoto%20Saichi,f
Manipulative Tsurumi Tokushirou,0,/tags/Manipulative%20Tsurumi%20Tokushirou,f
Hanazawa Yuusaku/Ogata Hyakunosuke/Vasily Pavlichenko,1,/tags/Hanazawa%20Yuusaku*s*Ogata%20Hyakunosuke*s*Vasily%20Pavlichenko,r
Boutarou the Pirate | Oosawa Fusatarou/Reader,1,/tags/Boutarou%20the%20Pirate%20%7C%20Oosawa%20Fusatarou*s*Reader,r
Tsukishima Hajime/Tsurumi Tokushirou/Usami,1,/tags/Tsukishima%20Hajime*s*Tsurumi%20Tokushirou*s*Usami,r
Wilk (Golden Kamuy)/Reader,1,/tags/Wilk%20(Golden%20Kamuy)*s*Reader,r
Tsurumi Tokushirou/Original Female Character(s),0,/tags/Tsurumi%20Tokushirou*s*Original%20Female%20Character(s),r
Ilya/Ogata Hyakunosuke/Vasily Pavlichenko,0,/tags/Ilya*s*Ogata%20Hyakunosuke*s*Vasily%20Pavlichenko,r
