tag,count,href,category
Abe Ryouhei/Mukai Kouji,42,/tags/Abe%20Ryouhei*s*Mukai%20Kouji,r
Iwamoto Hikaru/Nakajima Kento,1,/tags/Iwamoto%20Hikaru*s*Nakajima%20Kento,r
Iwamoto Hikaru/Shigeoka Daiki,3,/tags/Iwamoto%20Hikaru*s*Shigeoka%20Daiki,r
Iwamoto Hikaru/Mukai Kouji,35,/tags/Iwamoto%20Hikaru*s*Mukai%20Kouji,r
Jesse Lewis/Meguro Ren,21,/tags/Jesse%20Lewis*s*Meguro%20Ren,r
Abe Ryouhei & Mukai Kouji,16,/tags/Abe%20Ryouhei%20*a*%20Mukai%20Kouji,r
Meguro Ren & Watanabe Shouta,86,/tags/Meguro%20Ren%20*a*%20Watanabe%20Shouta,r
Abe Ryouhei & Mukai Kouji & Sakuma Daisuke,1,/tags/Abe%20Ryouhei%20*a*%20Mukai%20Kouji%20*a*%20Sakuma%20Daisuke,r
Iwamoto Hikaru & Sakuma Daisuke,6,/tags/Iwamoto%20Hikaru%20*a*%20Sakuma%20Daisuke,r
Iwamoto Hikaru & Mukai Kouji,23,/tags/Iwamoto%20Hikaru%20*a*%20Mukai%20Kouji,r
Michieda Shunsuke/Murakami Maito Raul,13,/tags/Michieda%20Shunsuke*s*Murakami%20Maito%20Raul,r
Fukazawa Tatsuya/Murakami Maito Raul,79,/tags/Fukazawa%20Tatsuya*s*Murakami%20Maito%20Raul,r
Murakami Maito Raul/Sakuma Daisuke,49,/tags/Murakami%20Maito%20Raul*s*Sakuma%20Daisuke,r
Meguro Ren/Murakami Maito Raul,476,/tags/Meguro%20Ren*s*Murakami%20Maito%20Raul,r
Abe Ryouhei/Murakami Maito Raul,29,/tags/Abe%20Ryouhei*s*Murakami%20Maito%20Raul,r
Abe Ryouhei/Meguro Ren/Mukai Kouji,3,/tags/Abe%20Ryouhei*s*Meguro%20Ren*s*Mukai%20Kouji,r
Abe Ryouhei & Iwamoto Hikaru,8,/tags/Abe%20Ryouhei%20*a*%20Iwamoto%20Hikaru,r
Fukazawa Tatsuya/Meguro Ren,51,/tags/Fukazawa%20Tatsuya*s*Meguro%20Ren,r
Miyadate Ryota/Mukai Kouji/Watanabe Shouta,4,/tags/Miyadate%20Ryota*s*Mukai%20Kouji*s*Watanabe%20Shouta,r
Iwamoto Hikaru/Meguro Ren,30,/tags/Iwamoto%20Hikaru*s*Meguro%20Ren,r
Mukai Kouji & Murakami Maito Raul,10,/tags/Mukai%20Kouji%20*a*%20Murakami%20Maito%20Raul,r
Meguro Ren & Mukai Kouji,27,/tags/Meguro%20Ren%20*a*%20Mukai%20Kouji,r
Mukai Kouji & Sakuma Daisuke,10,/tags/Mukai%20Kouji%20*a*%20Sakuma%20Daisuke,r
Miyadate Ryota & Mukai Kouji,12,/tags/Miyadate%20Ryota%20*a*%20Mukai%20Kouji,r
Fukazawa Tatsuya & Mukai Kouji,14,/tags/Fukazawa%20Tatsuya%20*a*%20Mukai%20Kouji,r
Murakami Maito Raul & Watanabe Shouta,58,/tags/Murakami%20Maito%20Raul%20*a*%20Watanabe%20Shouta,r
Sakuma Daisuke & Watanabe Shouta,66,/tags/Sakuma%20Daisuke%20*a*%20Watanabe%20Shouta,r
Iwamoto Hikaru & Watanabe Shouta,20,/tags/Iwamoto%20Hikaru%20*a*%20Watanabe%20Shouta,r
Abe Ryouhei & Watanabe Shouta,1,/tags/Abe%20Ryouhei%20*a*%20Watanabe%20Shouta,r
Miyadate Ryota & Watanabe Shouta,27,/tags/Miyadate%20Ryota%20*a*%20Watanabe%20Shouta,r
Fukazawa Tatsuya & Watanabe Shouta,59,/tags/Fukazawa%20Tatsuya%20*a*%20Watanabe%20Shouta,r
Murakami Maito Raul & Oonishi Ryuusei,1,/tags/Murakami%20Maito%20Raul%20*a*%20Oonishi%20Ryuusei,r
Abe Ryouhei/Abe Ryouhei,0,/tags/Abe%20Ryouhei*s*Abe%20Ryouhei,r
Meguro Ren & Murakami Maito Raul,145,/tags/Meguro%20Ren%20*a*%20Murakami%20Maito%20Raul,r
Mukai Kouji/Reader,2,/tags/Mukai%20Kouji*s*Reader,r
Meguro Ren/Michieda Shunsuke,377,/tags/Meguro%20Ren*s*Michieda%20Shunsuke,r
Abe Ryouhei/Miyadate Ryota,141,/tags/Abe%20Ryouhei*s*Miyadate%20Ryota,r
Miyadate Ryota/Murakami Maito Raul,16,/tags/Miyadate%20Ryota*s*Murakami%20Maito%20Raul,r
Iwamoto Hikaru/Murakami Maito Raul,21,/tags/Iwamoto%20Hikaru*s*Murakami%20Maito%20Raul,r
Mukai Kouji/Murakami Maito Raul,46,/tags/Mukai%20Kouji*s*Murakami%20Maito%20Raul,r
Murakami Maito Raul/Murakami Maito Raul,2,/tags/Murakami%20Maito%20Raul*s*Murakami%20Maito%20Raul,r
Iwamoto Hikaru/Jesse Lewis,1,/tags/Iwamoto%20Hikaru*s*Jesse%20Lewis,r
Murakami Maito Raul/Watanabe Shouta,69,/tags/Murakami%20Maito%20Raul*s*Watanabe%20Shouta,r
Meguro Ren/You,49,/tags/Meguro%20Ren*s*You,r
Fukazawa Tatsuya/Other(s),12,/tags/Fukazawa%20Tatsuya*s*Other(s),r
Meguro Ren/Original Female Character(s),1,/tags/Meguro%20Ren*s*Original%20Female%20Character(s),r
Mukai Kouji/Original Character(s),1,/tags/Mukai%20Kouji*s*Original%20Character(s),r
Fukazawa Tatsuya/Iwamoto Hikaru,783,/tags/Fukazawa%20Tatsuya*s*Iwamoto%20Hikaru,r
Iwamoto Hikaru's Mother,0,/tags/Iwamoto%20Hikaru's%20Mother,c
Kamenashi Kazuya/Meguro Ren,9,/tags/Kamenashi%20Kazuya*s*Meguro%20Ren,r
Tanaka Juri/Watanabe Shouta,36,/tags/Tanaka%20Juri*s*Watanabe%20Shouta,r
Fukazawa Tatsuya/Takizawa Hideaki,83,/tags/Fukazawa%20Tatsuya*s*Takizawa%20Hideaki,r
Meguro Ren/Sakuma Daisuke/Watanabe Shouta,1,/tags/Meguro%20Ren*s*Sakuma%20Daisuke*s*Watanabe%20Shouta,r
Kamenashi Kazuya/Miyadate Ryota,4,/tags/Kamenashi%20Kazuya*s*Miyadate%20Ryota,r
Snow Man (Japan Band) Ensemble,25,/tags/Snow%20Man%20(Japan%20Band)%20Ensemble,c
Morimoto Shintarou/Watanabe Shouta,2,/tags/Morimoto%20Shintarou*s*Watanabe%20Shouta,r
Meguro Ren & Mukai Kouji & Murakami Maito Raul,7,/tags/Meguro%20Ren%20*a*%20Mukai%20Kouji%20*a*%20Murakami%20Maito%20Raul,r
Abe Ryouhei/Satoh Takeru,0,/tags/Abe%20Ryouhei*s*Satoh%20Takeru,r
Iwamoto Hikaru & Miyadate Ryota,12,/tags/Iwamoto%20Hikaru%20*a*%20Miyadate%20Ryota,r
Abe Ryouhei/Kouchi Yugo,0,/tags/Abe%20Ryouhei*s*Kouchi%20Yugo,r
Fukazawa Tatsuya & Iwamoto Hikaru,20,/tags/Fukazawa%20Tatsuya%20*a*%20Iwamoto%20Hikaru,r
Iwamoto Hikaru & Murakami Maito Raul & Watanabe Shouta,0,/tags/Iwamoto%20Hikaru%20*a*%20Murakami%20Maito%20Raul%20*a*%20Watanabe%20Shouta,r
Mukai Kouji/Everyone,1,/tags/Mukai%20Kouji*s*Everyone,r
Meguro Ren & Meguro Ren,1,/tags/Meguro%20Ren%20*a*%20Meguro%20Ren,r
Abe Ryouhei/You,18,/tags/Abe%20Ryouhei*s*You,r
Abe Ryouhei/Iwanaga Tetsuya,1,/tags/Abe%20Ryouhei*s*Iwanaga%20Tetsuya,r
Fukazawa Tatsuya/Mukai Kouji,14,/tags/Fukazawa%20Tatsuya*s*Mukai%20Kouji,r
Abe Ryouhei/Iwamoto Hikaru/Murakami Maito Raul,0,/tags/Abe%20Ryouhei*s*Iwamoto%20Hikaru*s*Murakami%20Maito%20Raul,r
Abe Ryouhei/Meguro Ren/Mukai Kouji/Sakuma Daisuke,0,/tags/Abe%20Ryouhei*s*Meguro%20Ren*s*Mukai%20Kouji*s*Sakuma%20Daisuke,r
Meguro Yuu,11,/tags/Meguro%20Yuu,c
Murakami Maito Raul/Vasayegh Wataru,1,/tags/Murakami%20Maito%20Raul*s*Vasayegh%20Wataru,r
Sakuma Daisuke/Sakuma Daisuke,2,/tags/Sakuma%20Daisuke*s*Sakuma%20Daisuke,r
Meguro Ren & Sakuma Daisuke,18,/tags/Meguro%20Ren%20*a*%20Sakuma%20Daisuke,r
Sakuma Daisuke/You,23,/tags/Sakuma%20Daisuke*s*You,r
Meguro Yuu/You,1,/tags/Meguro%20Yuu*s*You,r
Fukazawa Tatsuya & Meguro Ren,35,/tags/Fukazawa%20Tatsuya%20*a*%20Meguro%20Ren,r
Mukai Kouji/You,8,/tags/Mukai%20Kouji*s*You,r
Fukazawa Tatsuya/Sato Shori,0,/tags/Fukazawa%20Tatsuya*s*Sato%20Shori,r
Meguro Ren/Mukai Kouji/Murakami Maito Raul,15,/tags/Meguro%20Ren*s*Mukai%20Kouji*s*Murakami%20Maito%20Raul,r
Sakuma Daisuke/Everyone,0,/tags/Sakuma%20Daisuke*s*Everyone,r
Sakuma Daisuke/Original Character(s),1,/tags/Sakuma%20Daisuke*s*Original%20Character(s),r
Mukai Kouji/Original Female Character(s),0,/tags/Mukai%20Kouji*s*Original%20Female%20Character(s),r
Murakami Maito Raul/You,53,/tags/Murakami%20Maito%20Raul*s*You,r
Abe Ryouhei/Meguro Ren/Sakuma Daisuke,2,/tags/Abe%20Ryouhei*s*Meguro%20Ren*s*Sakuma%20Daisuke,r
Fukazawa Tatsuya/Miyadate Ryota,10,/tags/Fukazawa%20Tatsuya*s*Miyadate%20Ryota,r
Meguro Ren/Miyadate Ryota,17,/tags/Meguro%20Ren*s*Miyadate%20Ryota,r
Miyadate Ryota/You,14,/tags/Miyadate%20Ryota*s*You,r
Watanabe Shouta/You,20,/tags/Watanabe%20Shouta*s*You,r
Iwamoto Hikaru/You,21,/tags/Iwamoto%20Hikaru*s*You,r
Suzuki Taiga/Watanabe Shouta,3,/tags/Suzuki%20Taiga*s*Watanabe%20Shouta,r
Takahashi Kyohei/Watanabe Shouta,1,/tags/Takahashi%20Kyohei*s*Watanabe%20Shouta,r
Iwamoto Hikaru/Original Female Character(s),3,/tags/Iwamoto%20Hikaru*s*Original%20Female%20Character(s),r
Jesse Lewis/Sakuma Daisuke,0,/tags/Jesse%20Lewis*s*Sakuma%20Daisuke,r
Sakuma Daisuke/Other(s),1,/tags/Sakuma%20Daisuke*s*Other(s),r
Hirano Sho/Meguro Ren,0,/tags/Hirano%20Sho*s*Meguro%20Ren,r
Meguro Ren/Meguro Ren,5,/tags/Meguro%20Ren*s*Meguro%20Ren,r
Abe Ryouhei/Iwamoto Hikaru/Meguro Ren,0,/tags/Abe%20Ryouhei*s*Iwamoto%20Hikaru*s*Meguro%20Ren,r
Murakami Maito Raul/Original Character(s),7,/tags/Murakami%20Maito%20Raul*s*Original%20Character(s),r
Fukazawa Tatsuya/You,19,/tags/Fukazawa%20Tatsuya*s*You,r
Matsumura Hokuto/Watanabe Shouta,1,/tags/Matsumura%20Hokuto*s*Watanabe%20Shouta,r
Sakuma Daisuke/Me | Fanwork Creator(s),0,/tags/Sakuma%20Daisuke*s*Me%20%7C%20Fanwork%20Creator(s),r
Mukai Kouji/Me | Fanwork Creator(s),0,/tags/Mukai%20Kouji*s*Me%20%7C%20Fanwork%20Creator(s),r
Meguro Ren/Me | Fanwork Creator(s),0,/tags/Meguro%20Ren*s*Me%20%7C%20Fanwork%20Creator(s),r
Miyadate Ryota/Tanaka Juri,0,/tags/Miyadate%20Ryota*s*Tanaka%20Juri,r
Kyomoto Taiga/Watanabe Shouta,1,/tags/Kyomoto%20Taiga*s*Watanabe%20Shouta,r
Hara Yoshitaka & Meguro Ren,1,/tags/Hara%20Yoshitaka%20*a*%20Meguro%20Ren,r
Kawamura Kazuma/Murakami Maito Raul,0,/tags/Kawamura%20Kazuma*s*Murakami%20Maito%20Raul,r
Meguro Ren/Wang Yi Bo,0,/tags/Meguro%20Ren*s*Wang%20Yi%20Bo,r
