tag,count,href,category
Bill Moseley,8,/tags/Bill%20Moseley,c
Bill Moseley/Nivek Ogre,3,/tags/Bill%20Moseley*s*Nivek%20Ogre,r
Ben Heaton (Request Comics),1,/tags/Ben%20Heaton%20(Request%20Comics),c
Andy Kane/Laurence Llewelyn-Bowen,0,/tags/Andy%20Kane*s*Laurence%20Llewelyn-Bowen,r
Erik the Black,0,/tags/Erik%20the%20Black,c
Andrew Barnes,1,/tags/Andrew%20Barnes,c
Jonah Dolan,7,/tags/Jonah%20Dolan,c
Alan Shawn Feinstein,1,/tags/Alan%20Shawn%20Feinstein,c
Moses the Cat,9,/tags/Moses%20the%20Cat,c
Mark Mahoney,1,/tags/Mark%20Mahoney,c
Switchback the Trail Pirate,0,/tags/Switchback%20the%20Trail%20Pirate,c
Matilda the Algonquin Cat,1,/tags/Matilda%20the%20Algonquin%20Cat,c
Joel Silver,2,/tags/Joel%20Silver,c
Theresa Caputo,1,/tags/Theresa%20Caputo,c
Hannah Snowdon,8,/tags/Hannah%20Snowdon,c
Hannah Snowdon/Oliver Sykes,4,/tags/Hannah%20Snowdon*s*Oliver%20Sykes,r
Kim Russo,0,/tags/Kim%20Russo,c
Julian Murphy,1,/tags/Julian%20Murphy,c
Cesar Millan,1,/tags/Cesar%20Millan,c
Piero Pelù,1,/tags/Piero%20Pel%C3%B9,c
Dere Kiang,0,/tags/Dere%20Kiang,c
Pnina Tornai,0,/tags/Pnina%20Tornai,c
Tom Lehmann,2,/tags/Tom%20Lehmann,c
Matt Leacock,2,/tags/Matt%20Leacock,c
Richard Garriott,0,/tags/Richard%20Garriott,c
Richard Garriott/The Spoony One,0,/tags/Richard%20Garriott*s*The%20Spoony%20One,r
John Edward,1,/tags/John%20Edward,c
Edward Kmett,1,/tags/Edward%20Kmett,c
Becky Sloan,0,/tags/Becky%20Sloan,c
Joseph Pelling,0,/tags/Joseph%20Pelling,c
Gabriel Gonzalez (Computer Engineer),0,/tags/Gabriel%20Gonzalez%20(Computer%20Engineer),c
Rorke Denver,0,/tags/Rorke%20Denver,c
Scott Helvenston,0,/tags/Scott%20Helvenston,c
Miyamoto Shigeru,5,/tags/Miyamoto%20Shigeru,c
Tony Duran,1,/tags/Tony%20Duran,c
John Schnatter,2,/tags/John%20Schnatter,c
Billy Mays,7,/tags/Billy%20Mays,c
Billy Mays/Oh (Home 2015),0,/tags/Billy%20Mays*s*Oh%20(Home%202015),r
Naka Yuji,0,/tags/Naka%20Yuji,c
Sakurai Masahiro,11,/tags/Sakurai%20Masahiro,c
Reggie Fils-Aimé,5,/tags/Reggie%20Fils-Aim%C3%A9,c
Chuck Testa,1,/tags/Chuck%20Testa,c
Costantino della Gherardesca,3,/tags/Costantino%20della%20Gherardesca,c
Simone Machieraldo,1,/tags/Simone%20Machieraldo,c
Ed Boon,3,/tags/Ed%20Boon,c
Alysha Nett,1,/tags/Alysha%20Nett,c
Mike Fuentes/Alysha Nett,0,/tags/Mike%20Fuentes*s*Alysha%20Nett,r
References to Real People,292,/tags/References%20to%20Real%20People,f
Tony Perry/Hannah Snowdon,0,/tags/Tony%20Perry*s*Hannah%20Snowdon,r
Naka Yuji/Other,0,/tags/Naka%20Yuji*s*Other,r
Patrick McHale,2,/tags/Patrick%20McHale,c
Twerk for Sloths,2,/tags/Twerk%20for%20Sloths,c
Dark Pit (Kid Icarus)/Sakurai Masahiro,0,/tags/Dark%20Pit%20(Kid%20Icarus)*s*Sakurai%20Masahiro,r
Billy Mays/Gerard Way,0,/tags/Billy%20Mays*s*Gerard%20Way,r
Bill Trinen,0,/tags/Bill%20Trinen,c
Dan Avidan/John Schnatter,0,/tags/Dan%20Avidan*s*John%20Schnatter,r
Masuda Junichi,0,/tags/Masuda%20Junichi,c
"Johnny ""Johnny the Baptist"" Campbell",0,/tags/Johnny%20%22Johnny%20the%20Baptist%22%20Campbell,c
Iwata Satoru,0,/tags/Iwata%20Satoru,c
Ella Mielniczenko,6,/tags/Ella%20Mielniczenko,c
Lyolya Blokhina/Yvonne Strahovski,1,/tags/Lyolya%20Blokhina*s*Yvonne%20Strahovski,r
Lyolya Blokhina,1,/tags/Lyolya%20Blokhina,c
Johanna Ahlbäck,12,/tags/Johanna%20Ahlb%C3%A4ck,c
Toby Fox,34,/tags/Toby%20Fox,c
Pit (Kid Icarus)/Sakurai Masahiro,0,/tags/Pit%20(Kid%20Icarus)*s*Sakurai%20Masahiro,r
Sakurai Masahiro/Other(s),0,/tags/Sakurai%20Masahiro*s*Other(s),r
Jony Ive,1,/tags/Jony%20Ive,c
Lola Van Wagenen,0,/tags/Lola%20Van%20Wagenen,c
Catherine McNally,0,/tags/Catherine%20McNally,c
Cam Mansel,0,/tags/Cam%20Mansel,c
Eileen Kelly,0,/tags/Eileen%20Kelly,c
Jessica Chobot,2,/tags/Jessica%20Chobot,c
Eileen Kelly/Nick Robinson (American Actor),0,/tags/Eileen%20Kelly*s*Nick%20Robinson%20(American%20Actor),r
Eileen Kelly/Nicola Peltz/Nick Robinson (American Actor),0,/tags/Eileen%20Kelly*s*Nicola%20Peltz*s*Nick%20Robinson%20(American%20Actor),r
Linus Torvalds,0,/tags/Linus%20Torvalds,c
Richard M. Stallman,4,/tags/Richard%20M*d*%20Stallman,c
Mikey Barone,0,/tags/Mikey%20Barone,c
Devon Lee Carlson,2,/tags/Devon%20Lee%20Carlson,c
Christine Bravo,0,/tags/Christine%20Bravo,c
Sonja Zietlow,1,/tags/Sonja%20Zietlow,c
Daniel Hartwich,1,/tags/Daniel%20Hartwich,c
Gabi Mann,0,/tags/Gabi%20Mann,c
Gabi Mann & Other(s),0,/tags/Gabi%20Mann%20*a*%20Other(s),r
Robert Donner (Computer Programmer),0,/tags/Robert%20Donner%20(Computer%20Programmer),c
Andy Kane,0,/tags/Andy%20Kane,c
Johanna Ahlbäck/Perttu Kivilaakso,5,/tags/Johanna%20Ahlb%C3%A4ck*s*Perttu%20Kivilaakso,r
Andrew J Solimine,0,/tags/Andrew%20J%20Solimine,c
"Nigel ""No Mates"" the Lonely Seabird",0,/tags/Nigel%20%22No%20Mates%22%20the%20Lonely%20Seabird,c
Park Se-Jun,0,/tags/Park%20Se-Jun,c
Daniel Hartwich/Sonja Zietlow,0,/tags/Daniel%20Hartwich*s*Sonja%20Zietlow,r
Candice Falzon Warner,0,/tags/Candice%20Falzon%20Warner,c
Maria LaRosa,0,/tags/Maria%20LaRosa,c
Silvio Santos,2,/tags/Silvio%20Santos,c
Phoebe Fox (Photographer),0,/tags/Phoebe%20Fox%20(Photographer),c
Phoebe Fox (Photographer)/Laura Hayden,0,/tags/Phoebe%20Fox%20(Photographer)*s*Laura%20Hayden,r
Sarah Brooke (Model),0,/tags/Sarah%20Brooke%20(Model),c
Maria LaRosa/Original Male Character(s),0,/tags/Maria%20LaRosa*s*Original%20Male%20Character(s),r
Dave Thomas,1,/tags/Dave%20Thomas,c
Greg Williams (Photographer),0,/tags/Greg%20Williams%20(Photographer),c
Dave Thomas (Businessman),0,/tags/Dave%20Thomas%20(Businessman),c
Andrea Condorelli/Cristian Lo Presti,2,/tags/Andrea%20Condorelli*s*Cristian%20Lo%20Presti,r
Kayla Erin,1,/tags/Kayla%20Erin,c
Cristian Lo Presti/Nuno Resende,0,/tags/Cristian%20Lo%20Presti*s*Nuno%20Resende,r
Mikey Barone/Bryce Hall,0,/tags/Mikey%20Barone*s*Bryce%20Hall,r
Melinda Gates/Steve Jobs,0,/tags/Melinda%20Gates*s*Steve%20Jobs,r
Gavin Bond,0,/tags/Gavin%20Bond,c
Louise Kaufman,0,/tags/Louise%20Kaufman,c
Gary Thomas (Priest),0,/tags/Gary%20Thomas%20(Priest),c
Real Life Character(s),219,/tags/Real%20Life%20Character(s),c
Daniel Lara,0,/tags/Daniel%20Lara,c
Joshua Holz,0,/tags/Joshua%20Holz,c
Joshua Holz/Daniel Lara,0,/tags/Joshua%20Holz*s*Daniel%20Lara,r
Joshua Holz & Daniel Lara,0,/tags/Joshua%20Holz%20*a*%20Daniel%20Lara,r
Chad Stahelski,3,/tags/Chad%20Stahelski,c
Brittni Sacco,1,/tags/Brittni%20Sacco,c
Martin Wong (Photographer),1,/tags/Martin%20Wong%20(Photographer),c
Meg Turney/Martin Wong (Photographer),0,/tags/Meg%20Turney*s*Martin%20Wong%20(Photographer),r
Daniel Marks,0,/tags/Daniel%20Marks,c
Antonio Gratis,0,/tags/Antonio%20Gratis,c
Methuselah the Tree,1,/tags/Methuselah%20the%20Tree,c
Danny Porush,1,/tags/Danny%20Porush,c
Cheryl Caligari,0,/tags/Cheryl%20Caligari,c
Crowley (Good Omens) & Methuselah the Tree,0,/tags/Crowley%20(Good%20Omens)%20*a*%20Methuselah%20the%20Tree,r
Anthony Fox (Businessman),0,/tags/Anthony%20Fox%20(Businessman),c
Reggie Fils-Aimé/Frederick (Fire Emblem),1,/tags/Reggie%20Fils-Aim%C3%A9*s*Frederick%20(Fire%20Emblem),r
Nivek Ogre/Original Character(s),1,/tags/Nivek%20Ogre*s*Original%20Character(s),r
Ryan McGinley,0,/tags/Ryan%20McGinley,c
Ed Boon/Hanzo Hasashi | Scorpion,0,/tags/Ed%20Boon*s*Hanzo%20Hasashi%20%7C%20Scorpion,r
Argee Guerrero,0,/tags/Argee%20Guerrero,c
Henry Cavill/Payton Moormeier,1,/tags/Henry%20Cavill*s*Payton%20Moormeier,r
Payton Moormeier,3,/tags/Payton%20Moormeier,c
Luis von Ahn,1,/tags/Luis%20von%20Ahn,c
Tommy Caldwell/Kevin Jorgeson,1,/tags/Tommy%20Caldwell*s*Kevin%20Jorgeson,r
Tommy Caldwell,1,/tags/Tommy%20Caldwell,c
Kevin Jorgeson,1,/tags/Kevin%20Jorgeson,c
Henry Cavill & Juna Rorimpandey,0,/tags/Henry%20Cavill%20*a*%20Juna%20Rorimpandey,r
Robert Tilton,1,/tags/Robert%20Tilton,c
Steven Rudich/Luis von Ahn,0,/tags/Steven%20Rudich*s*Luis%20von%20Ahn,r
Jovana Janković,2,/tags/Jovana%20Jankovi%C4%87,c
Carolina Hidalgo/Marcus Parks,2,/tags/Carolina%20Hidalgo*s*Marcus%20Parks,r
Alex Schroeder,15,/tags/Alex%20Schroeder,c
Dakota Laden/Alex Schroeder,0,/tags/Dakota%20Laden*s*Alex%20Schroeder,r
Toby Fox & Sans (Undertale),0,/tags/Toby%20Fox%20*a*%20Sans%20(Undertale),r
Nomura Tetsuya,3,/tags/Nomura%20Tetsuya,c
Chad Stahelski/Reader,1,/tags/Chad%20Stahelski*s*Reader,r
Yao Meng/Yu Zhong (Video Game Producer),0,/tags/Yao%20Meng*s*Yu%20Zhong%20(Video%20Game%20Producer),r
Yael Cohen Braun,0,/tags/Yael%20Cohen%20Braun,c
Yael Cohen Braun/Taylor Swift,0,/tags/Yael%20Cohen%20Braun*s*Taylor%20Swift,r
Carlena Lee,1,/tags/Carlena%20Lee,c
Kelly Killeen,0,/tags/Kelly%20Killeen,c
Kelly Killeen/Carlena Lee,0,/tags/Kelly%20Killeen*s*Carlena%20Lee,r
Shi Weibin,1,/tags/Shi%20Weibin,c
"Damon Koles/Oscar ""Ozzy"" Model",1,/tags/Damon%20Koles*s*Oscar%20%22Ozzy%22%20Model,r
"Oscar ""Ozzy"" Model",4,/tags/Oscar%20%22Ozzy%22%20Model,c
Manuela Londoño,1,/tags/Manuela%20Londo%C3%B1o,c
Alan Joyce/Paul Scurrah,1,/tags/Alan%20Joyce*s*Paul%20Scurrah,r
Paul Scurrah,1,/tags/Paul%20Scurrah,c
Alan Joyce (Businessman),0,/tags/Alan%20Joyce%20(Businessman),c
Stella Kae,0,/tags/Stella%20Kae,c
Anna Prosser,6,/tags/Anna%20Prosser,c
"Oscar ""Ozzy"" Model/Alex Ruygrok",1,/tags/Oscar%20%22Ozzy%22%20Model*s*Alex%20Ruygrok,r
"Alec Golinger/Oscar ""Ozzy"" Model",1,/tags/Alec%20Golinger*s*Oscar%20%22Ozzy%22%20Model,r
Poperah (Instagram),1,/tags/Poperah%20(Instagram),c
812 (Katmai Bearcams),2,/tags/812%20(Katmai%20Bearcams),c
Hui Tailang | Wolffy/Shi Weibin,0,/tags/Hui%20Tailang%20%7C%20Wolffy*s*Shi%20Weibin,r
Norm Brennar,1,/tags/Norm%20Brennar,c
Avi Angel/Turin Bingham,1,/tags/Avi%20Angel*s*Turin%20Bingham,r
Martin Řezníček/Daniel Stach,5,/tags/Martin%20%C5%98ezn%C3%AD%C4%8Dek*s*Daniel%20Stach,r
Turin Bingham/Cameron Judd (Actor),0,/tags/Turin%20Bingham*s*Cameron%20Judd%20(Actor),r
Turin Bingham/Noah Franklyn-Miller,0,/tags/Turin%20Bingham*s*Noah%20Franklyn-Miller,r
Leslie Dean (Massage Therapist),0,/tags/Leslie%20Dean%20(Massage%20Therapist),c
Jo Green Laurie,0,/tags/Jo%20Green%20Laurie,c
Hugh Laurie/Jo Green Laurie,0,/tags/Hugh%20Laurie*s*Jo%20Green%20Laurie,r
Joey Birlem,3,/tags/Joey%20Birlem,c
Parker Bates/Turin Bingham,1,/tags/Parker%20Bates*s*Turin%20Bingham,r
Joey Birlem/Walker Bryant,0,/tags/Joey%20Birlem*s*Walker%20Bryant,r
Ryler Bingham/Turin Bingham,2,/tags/Ryler%20Bingham*s*Turin%20Bingham,r
Ben Mangum | Mystery Ben,0,/tags/Ben%20Mangum%20%7C%20Mystery%20Ben,c
Lewis (Mystery Skulls Animated)/Ben Mangum | Mystery Ben,0,/tags/Lewis%20(Mystery%20Skulls%20Animated)*s*Ben%20Mangum%20%7C%20Mystery%20Ben,r
Michael-Christopher Koji Fox,0,/tags/Michael-Christopher%20Koji%20Fox,c
Roy Mosquera | Roimoss,0,/tags/Roy%20Mosquera%20%7C%20Roimoss,c
Kirill Gray,0,/tags/Kirill%20Gray,c
Parker Bates/Avenlie Bleu,5,/tags/Parker%20Bates*s*Avenlie%20Bleu,r
Avenlie Bleu,5,/tags/Avenlie%20Bleu,c
Avenlie Bleu/Maxwell Jenkins,0,/tags/Avenlie%20Bleu*s*Maxwell%20Jenkins,r
Vojtěch Fišar/Daniel Vávra,1,/tags/Vojt%C4%9Bch%20Fi%C5%A1ar*s*Daniel%20V%C3%A1vra,r
Daniel Vávra,1,/tags/Daniel%20V%C3%A1vra,c
Martin Klíma,1,/tags/Martin%20Kl%C3%ADma,c
Viktor Bocan,1,/tags/Viktor%20Bocan,c
Mika Soltau,2,/tags/Mika%20Soltau,c
Curt Johnson (Computer Programmer),0,/tags/Curt%20Johnson%20(Computer%20Programmer),c
"Ames McNamara/Oscar ""Ozzy"" Model",0,/tags/Ames%20McNamara*s*Oscar%20%22Ozzy%22%20Model,r
Parker Bates/Avenlie Bleu/Maxwell Jenkins,0,/tags/Parker%20Bates*s*Avenlie%20Bleu*s*Maxwell%20Jenkins,r
Wang Gaofei,0,/tags/Wang%20Gaofei,c
Wang Gaofei/Xiao Zhan | Sean,0,/tags/Wang%20Gaofei*s*Xiao%20Zhan%20%7C%20Sean,r
Lydia Annesi,2,/tags/Lydia%20Annesi,c
Sam Noriega,0,/tags/Sam%20Noriega,c
Zhou Yangqing,0,/tags/Zhou%20Yangqing,c
Quinn | froglegsz,0,/tags/Quinn%20%7C%20froglegsz,c
Butch Hartman/John Schnatter,0,/tags/Butch%20Hartman*s*John%20Schnatter,r
Natasha Presley Lawson,1,/tags/Natasha%20Presley%20Lawson,c
Prestyn Bates/Avenlie Bleu,1,/tags/Prestyn%20Bates*s*Avenlie%20Bleu,r
Gabriel (Supernatural)/Gary Thomas (Priest),0,/tags/Gabriel%20(Supernatural)*s*Gary%20Thomas%20(Priest),r
Tom Fulp,7,/tags/Tom%20Fulp,c
Joe Tringali (Video Game Developer),0,/tags/Joe%20Tringali%20(Video%20Game%20Developer),c
Meng Wanzhou,0,/tags/Meng%20Wanzhou,c
Malcolm Gladwell/Mark Lee (NCT)/Shawn Mendes,0,/tags/Malcolm%20Gladwell*s*Mark%20Lee%20(NCT)*s*Shawn%20Mendes,r
"William Franklyn-Miller/Oscar ""Ozzy"" Model",0,/tags/William%20Franklyn-Miller*s*Oscar%20%22Ozzy%22%20Model,r
Joshua Shultz,1,/tags/Joshua%20Shultz,c
Ashton Bingham/Turin Bingham,1,/tags/Ashton%20Bingham*s*Turin%20Bingham,r
"Phillip ""Dr. Phil"" McGraw/You",0,/tags/Phillip%20%22Dr*d*%20Phil%22%20McGraw*s*You,r
Lilinda Margraf,1,/tags/Lilinda%20Margraf,c
Joey Birlem & Original Character(s),0,/tags/Joey%20Birlem%20*a*%20Original%20Character(s),r
Hamburglar (McDonaldland)/Dave Thomas (Businessman),0,/tags/Hamburglar%20(McDonaldland)*s*Dave%20Thomas%20(Businessman),r
Illyasviel von Einzbern & Richard M. Stallman,1,/tags/Illyasviel%20von%20Einzbern%20*a*%20Richard%20M*d*%20Stallman,r
Vinicius Yoskicivit,2,/tags/Vinicius%20Yoskicivit,c
"Mr. Clean (Procter & Gamble ""Mr. Clean"" Commercials)/Billy Mays",0,/tags/Mr*d*%20Clean%20(Procter%20*a*%20Gamble%20%22Mr*d*%20Clean%22%20Commercials)*s*Billy%20Mays,r
Alex Beresford,2,/tags/Alex%20Beresford,c
Yoshida Naoki,4,/tags/Yoshida%20Naoki,c
Soken Masayoshi/Yoshida Naoki,3,/tags/Soken%20Masayoshi*s*Yoshida%20Naoki,r
Michelangelo (TMNT)/John Schnatter,0,/tags/Michelangelo%20(TMNT)*s*John%20Schnatter,r
Toby Fox/Reader,0,/tags/Toby%20Fox*s*Reader,r
Michael Sampson,0,/tags/Michael%20Sampson,c
Anastasia Silver | Stasiavuu,2,/tags/Anastasia%20Silver%20%7C%20Stasiavuu,c
Fred Schmidt (NFT Blogger),0,/tags/Fred%20Schmidt%20(NFT%20Blogger),c
Daniel Cota/Fred Schmidt (NFT Blogger),0,/tags/Daniel%20Cota*s*Fred%20Schmidt%20(NFT%20Blogger),r
Gus the Groundhog (Pennsylvania Lottery),0,/tags/Gus%20the%20Groundhog%20(Pennsylvania%20Lottery),c
Joey Birlem/Ethan Wacker,0,/tags/Joey%20Birlem*s*Ethan%20Wacker,r
Joey Birlim/Ty Simpkins,0,/tags/Joey%20Birlim*s*Ty%20Simpkins,r
J.K. Rowling/Abigail Shapiro | Classically Abby,0,/tags/J*d*K*d*%20Rowling*s*Abigail%20Shapiro%20%7C%20Classically%20Abby,r
J. K. Rowling/Abigail Shapiro | Classically Abby,0,/tags/J*d*%20K*d*%20Rowling*s*Abigail%20Shapiro%20%7C%20Classically%20Abby,r
Dean Winchester/Oprah Winfrey,0,/tags/Dean%20Winchester*s*Oprah%20Winfrey,r
Avenlie Bleu/Mckenna Grace,0,/tags/Avenlie%20Bleu*s*Mckenna%20Grace,r
Kirby (Kirby)/Sakurai Masahiro,0,/tags/Kirby%20(Kirby)*s*Sakurai%20Masahiro,r
Arbana Osmani,1,/tags/Arbana%20Osmani,c
Andrew Tate/Jüri Vips,1,/tags/Andrew%20Tate*s*J%C3%BCri%20Vips,r
Elizabeth II of the United Kingdom/Juliet (Gnomeo and Juliet),0,/tags/Elizabeth%20II%20of%20the%20United%20Kingdom*s*Juliet%20(Gnomeo%20and%20Juliet),r
