tag,count,href,category
Kusanagi Izumo,1029,/tags/Kusanagi%20Izumo,c
Suoh Mikoto,1562,/tags/Suoh%20Mikoto,c
Totsuka Tatara,756,/tags/Totsuka%20Tatara,c
Munakata Reishi,1398,/tags/Munakata%20Reishi,c
Munakata Reishi/Suoh Mikoto,956,/tags/Munakata%20Reishi*s*Suoh%20Mikoto,r
Fushimi Saruhiko/Yata Misaki,1677,/tags/Fushimi%20Saruhiko*s*Yata%20Misaki,r
Fushimi Saruhiko,1926,/tags/Fushimi%20Saruhiko,c
Yata Misaki,1716,/tags/Yata%20Misaki,c
Kushina Anna,546,/tags/Kushina%20Anna,c
Kamamoto Rikio,216,/tags/Kamamoto%20Rikio,c
Akagi Shouhei,85,/tags/Akagi%20Shouhei,c
Dewa Masaomi,79,/tags/Dewa%20Masaomi,c
Chitose You,110,/tags/Chitose%20You,c
Eric Surt,104,/tags/Eric%20Surt,c
Suoh Mikoto/Totsuka Tatara,377,/tags/Suoh%20Mikoto*s*Totsuka%20Tatara,r
Suoh Mikoto/Yata Misaki,45,/tags/Suoh%20Mikoto*s*Yata%20Misaki,r
Fushimi Saruhiko/Munakata Reishi,199,/tags/Fushimi%20Saruhiko*s*Munakata%20Reishi,r
Awashima Seri,511,/tags/Awashima%20Seri,c
Yatogami Kurou,292,/tags/Yatogami%20Kurou,c
Bandou Saburouta,77,/tags/Bandou%20Saburouta,c
Fujishima Kousuke,86,/tags/Fujishima%20Kousuke,c
Kokujouji Daikaku,96,/tags/Kokujouji%20Daikaku,c
Kusanagi Izumo/Suoh Mikoto,64,/tags/Kusanagi%20Izumo*s*Suoh%20Mikoto,r
Awashima Seri/Kusanagi Izumo,139,/tags/Awashima%20Seri*s*Kusanagi%20Izumo,r
Benzai Yuujirou,53,/tags/Benzai%20Yuujirou,c
Kusanagi Izumo/Suoh Mikoto/Totsuka Tatara,30,/tags/Kusanagi%20Izumo*s*Suoh%20Mikoto*s*Totsuka%20Tatara,r
Akagi Shouhei/Bandou Saburouta,16,/tags/Akagi%20Shouhei*s*Bandou%20Saburouta,r
Awashima Seri/Fushimi Saruhiko,3,/tags/Awashima%20Seri*s*Fushimi%20Saruhiko,r
Awashima Seri/Fushimi Saruhiko/Munakata Reishi,3,/tags/Awashima%20Seri*s*Fushimi%20Saruhiko*s*Munakata%20Reishi,r
Chitose You/Dewa Masaomi,18,/tags/Chitose%20You*s*Dewa%20Masaomi,r
Akagi Shouhei/Chitose You,2,/tags/Akagi%20Shouhei*s*Chitose%20You,r
Doumyouji Andy,80,/tags/Doumyouji%20Andy,c
Doumyouji Andy/Munakata Reishi,2,/tags/Doumyouji%20Andy*s*Munakata%20Reishi,r
Akagi Shouhei/Suoh Mikoto,1,/tags/Akagi%20Shouhei*s*Suoh%20Mikoto,r
Fushimi Saruhiko/Totsuka Tatara,8,/tags/Fushimi%20Saruhiko*s*Totsuka%20Tatara,r
Munakata Reishi/Yatogami Kurou,3,/tags/Munakata%20Reishi*s*Yatogami%20Kurou,r
Akiyama Himori,130,/tags/Akiyama%20Himori,c
Miwa Ichigen,39,/tags/Miwa%20Ichigen,c
Fushimi Saruhiko/Suoh Mikoto,24,/tags/Fushimi%20Saruhiko*s*Suoh%20Mikoto,r
Akiyama Himori/Fushimi Saruhiko,17,/tags/Akiyama%20Himori*s*Fushimi%20Saruhiko,r
Yata Misaki/Yatogami Kurou,1,/tags/Yata%20Misaki*s*Yatogami%20Kurou,r
Fushimi Saruhiko/Munakata Reishi/Suoh Mikoto,2,/tags/Fushimi%20Saruhiko*s*Munakata%20Reishi*s*Suoh%20Mikoto,r
Fuse Daiki,42,/tags/Fuse%20Daiki,c
Awashima Seri/Munakata Reishi,9,/tags/Awashima%20Seri*s*Munakata%20Reishi,r
Kusanagi Izumo/Totsuka Tatara,39,/tags/Kusanagi%20Izumo*s*Totsuka%20Tatara,r
Habari Jin,38,/tags/Habari%20Jin,c
Sarumi Fest,4,/tags/Sarumi%20Fest,f
Suoh Mikoto/Reader,32,/tags/Suoh%20Mikoto*s*Reader,r
Yata Misaki/Reader,27,/tags/Yata%20Misaki*s*Reader,r
Yubikiri Maria,8,/tags/Yubikiri%20Maria,c
Hidaka Akira,123,/tags/Hidaka%20Akira,c
Fushimi Saruhiko & Munakata Reishi,47,/tags/Fushimi%20Saruhiko%20*a*%20Munakata%20Reishi,r
Kusanagi Izumo/Kushina Anna,2,/tags/Kusanagi%20Izumo*s*Kushina%20Anna,r
Asama Sakura,4,/tags/Asama%20Sakura,c
Fushimi Niki,64,/tags/Fushimi%20Niki,c
Munakata Reishi/Suoh Mikoto/Totsuka Tatara,10,/tags/Munakata%20Reishi*s*Suoh%20Mikoto*s*Totsuka%20Tatara,r
Hyuuga Chiho,3,/tags/Hyuuga%20Chiho,c
Fushimi Saruhiko/Hidaka Akira,37,/tags/Fushimi%20Saruhiko*s*Hidaka%20Akira,r
Eric Surt/Original Character(s),0,/tags/Eric%20Surt*s*Original%20Character(s),r
Fushimi Niki & Fushimi Saruhiko,3,/tags/Fushimi%20Niki%20*a*%20Fushimi%20Saruhiko,r
Fushimi Saruhiko/Reader,28,/tags/Fushimi%20Saruhiko*s*Reader,r
Kusanagi Izumo/Reader,10,/tags/Kusanagi%20Izumo*s*Reader,r
Fushimi Saruhiko/Kushina Anna,2,/tags/Fushimi%20Saruhiko*s*Kushina%20Anna,r
Chitose You/Dewa Masaomi/Yubikiri Maria,2,/tags/Chitose%20You*s*Dewa%20Masaomi*s*Yubikiri%20Maria,r
Asama Sakura/Hyuuga Chiho,2,/tags/Asama%20Sakura*s*Hyuuga%20Chiho,r
Yata Misaki & Original Female Character(s),0,/tags/Yata%20Misaki%20*a*%20Original%20Female%20Character(s),r
Munakata Reishi/Yata Misaki,7,/tags/Munakata%20Reishi*s*Yata%20Misaki,r
Sarumi Fest 2014,3,/tags/Sarumi%20Fest%202014,f
Kushina Anna & Totsuka Tatara,16,/tags/Kushina%20Anna%20*a*%20Totsuka%20Tatara,r
Kushina Anna & Suoh Mikoto,36,/tags/Kushina%20Anna%20*a*%20Suoh%20Mikoto,r
Kusanagi Izumo & Kushina Anna,12,/tags/Kusanagi%20Izumo%20*a*%20Kushina%20Anna,r
Kusanagi Izumo & Suoh Mikoto & Totsuka Tatara,30,/tags/Kusanagi%20Izumo%20*a*%20Suoh%20Mikoto%20*a*%20Totsuka%20Tatara,r
Fushimi Saruhiko & Kushina Anna,10,/tags/Fushimi%20Saruhiko%20*a*%20Kushina%20Anna,r
Kagutsu Genji,17,/tags/Kagutsu%20Genji,c
Chitose You/Yata Misaki,1,/tags/Chitose%20You*s*Yata%20Misaki,r
Zenjou Gouki,43,/tags/Zenjou%20Gouki,c
Habari Jin/Kagutsu Genji,2,/tags/Habari%20Jin*s*Kagutsu%20Genji,r
Doumyouji Andy/Fushimi Saruhiko,2,/tags/Doumyouji%20Andy*s*Fushimi%20Saruhiko,r
Kamo Ryuuhou,45,/tags/Kamo%20Ryuuhou,c
Enomoto Tatsuya,52,/tags/Enomoto%20Tatsuya,c
Enomoto Tatsuya/Fuse Daiki,4,/tags/Enomoto%20Tatsuya*s*Fuse%20Daiki,r
Benzai Yuujirou/Kamo Ryuuhou,1,/tags/Benzai%20Yuujirou*s*Kamo%20Ryuuhou,r
Yukizome Kukuri,26,/tags/Yukizome%20Kukuri,c
Kushina Honami,11,/tags/Kushina%20Honami,c
MikoTotsu Week,20,/tags/MikoTotsu%20Week,f
Suoh Mikoto & Original Female Character(s),11,/tags/Suoh%20Mikoto%20*a*%20Original%20Female%20Character(s),r
Munakata Reishi & Suoh Mikoto,22,/tags/Munakata%20Reishi%20*a*%20Suoh%20Mikoto,r
Fushimi Saruhiko/Undisclosed,0,/tags/Fushimi%20Saruhiko*s*Undisclosed,r
Mentioned Totsuka Tatara,2,/tags/Mentioned%20Totsuka%20Tatara,f
Mentioned Suoh Mikoto,3,/tags/Mentioned%20Suoh%20Mikoto,f
Kusuhara Takeru,19,/tags/Kusuhara%20Takeru,c
Munakata Reishi/Totsuka Tatara,10,/tags/Munakata%20Reishi*s*Totsuka%20Tatara,r
Oogai Aya,17,/tags/Oogai%20Aya,c
Kushina Anna/Suoh Mikoto,2,/tags/Kushina%20Anna*s*Suoh%20Mikoto,r
Kokujouji Daikaku/Klaudia Weismann,3,/tags/Kokujouji%20Daikaku*s*Klaudia%20Weismann,r
Awashima Seri & Fushimi Saruhiko,10,/tags/Awashima%20Seri%20*a*%20Fushimi%20Saruhiko,r
Kusanagi Izumo & Munakata Reishi,5,/tags/Kusanagi%20Izumo%20*a*%20Munakata%20Reishi,r
Urushihara Hanzou | Lucifer/Yata Misaki,0,/tags/Urushihara%20Hanzou%20%7C%20Lucifer*s*Yata%20Misaki,r
Kusanagi Izumo/Munakata Reishi,6,/tags/Kusanagi%20Izumo*s*Munakata%20Reishi,r
Sawada Tsunayoshi/Suoh Mikoto,0,/tags/Sawada%20Tsunayoshi*s*Suoh%20Mikoto,r
Sarumi Fest 2015,1,/tags/Sarumi%20Fest%202015,f
Enomoto Tatsuya/Hidaka Akira,3,/tags/Enomoto%20Tatsuya*s*Hidaka%20Akira,r
Akiyama Himori/Doumyouji Andy,2,/tags/Akiyama%20Himori*s*Doumyouji%20Andy,r
Hidaka Akira/Kusuhara Takeru,6,/tags/Hidaka%20Akira*s*Kusuhara%20Takeru,r
Yata Minoru,16,/tags/Yata%20Minoru,c
Yata Megumi,13,/tags/Yata%20Megumi,c
Suoh Mikoto & Totsuka Tatara,17,/tags/Suoh%20Mikoto%20*a*%20Totsuka%20Tatara,r
Mishakuji Yukari,131,/tags/Mishakuji%20Yukari,c
Hisui Nagare,140,/tags/Hisui%20Nagare,c
Gotou Ren,31,/tags/Gotou%20Ren,c
Gojou Sukuna,97,/tags/Gojou%20Sukuna,c
Akiyama Himori/Benzai Yuujirou,13,/tags/Akiyama%20Himori*s*Benzai%20Yuujirou,r
Bandou Saburouta/Chitose You,0,/tags/Bandou%20Saburouta*s*Chitose%20You,r
Fuse Daiki/Gotou Ren,1,/tags/Fuse%20Daiki*s*Gotou%20Ren,r
Hisui Nagare/Mishakuji Yukari,21,/tags/Hisui%20Nagare*s*Mishakuji%20Yukari,r
Kushina Anna/Yata Minoru,2,/tags/Kushina%20Anna*s*Yata%20Minoru,r
Klaudia Weismann,19,/tags/Klaudia%20Weismann,c
Fushimi Saruhiko & Yata Misaki,132,/tags/Fushimi%20Saruhiko%20*a*%20Yata%20Misaki,r
Suoh Mikoto/Totsuka Tatara/Yata Misaki,3,/tags/Suoh%20Mikoto*s*Totsuka%20Tatara*s*Yata%20Misaki,r
Suoh Mikoto & Yata Misaki,9,/tags/Suoh%20Mikoto%20*a*%20Yata%20Misaki,r
Hirasaka Douhan,28,/tags/Hirasaka%20Douhan,c
Inaba Sumika,3,/tags/Inaba%20Sumika,c
Klaudia Weismann/Yubikiri Maria,0,/tags/Klaudia%20Weismann*s*Yubikiri%20Maria,r
Suoh Mikoto/Original Female Character(s),8,/tags/Suoh%20Mikoto*s*Original%20Female%20Character(s),r
Bandou Saburouta/Suoh Mikoto,1,/tags/Bandou%20Saburouta*s*Suoh%20Mikoto,r
Mikorei Week 2015,8,/tags/Mikorei%20Week%202015,f
Kotosaka (K),21,/tags/Kotosaka%20(K),c
Kamamoto Rikio/Suoh Mikoto,0,/tags/Kamamoto%20Rikio*s*Suoh%20Mikoto,r
Suoh Mikoto/Original Character(s),4,/tags/Suoh%20Mikoto*s*Original%20Character(s),r
Fushimi Saruhiko & Totsuka Tatara,5,/tags/Fushimi%20Saruhiko%20*a*%20Totsuka%20Tatara,r
Mishakuji Yukari/Original Male Character(s),7,/tags/Mishakuji%20Yukari*s*Original%20Male%20Character(s),r
Fushimi Saruhiko & Suoh Mikoto,5,/tags/Fushimi%20Saruhiko%20*a*%20Suoh%20Mikoto,r
MikoTotsu Week 2014,1,/tags/MikoTotsu%20Week%202014,f
Fushimi Saruhiko & Kushina Anna & Suoh Mikoto,0,/tags/Fushimi%20Saruhiko%20*a*%20Kushina%20Anna%20*a*%20Suoh%20Mikoto,r
Yata Misaki/Other(s),0,/tags/Yata%20Misaki*s*Other(s),r
Gojou Sukuna/Kushina Anna,12,/tags/Gojou%20Sukuna*s*Kushina%20Anna,r
Fushimi Saruhiko/Other(s),0,/tags/Fushimi%20Saruhiko*s*Other(s),r
Fushimi Saruhiko/Original Character(s),0,/tags/Fushimi%20Saruhiko*s*Original%20Character(s),r
Kushina Anna/Munakata Reishi,1,/tags/Kushina%20Anna*s*Munakata%20Reishi,r
Munakata Reishi/Original Character(s),2,/tags/Munakata%20Reishi*s*Original%20Character(s),r
Munakata Reishi/Reader,17,/tags/Munakata%20Reishi*s*Reader,r
Chitose You/Reader,2,/tags/Chitose%20You*s*Reader,r
Yatogami Kurou/Reader,7,/tags/Yatogami%20Kurou*s*Reader,r
Totsuka Tatara/Reader,9,/tags/Totsuka%20Tatara*s*Reader,r
Kamamoto Rikio/Reader,3,/tags/Kamamoto%20Rikio*s*Reader,r
Dewa Masaomi/Reader,1,/tags/Dewa%20Masaomi*s*Reader,r
Akagi Shouhei/Reader,3,/tags/Akagi%20Shouhei*s*Reader,r
Fujishima Kousuke/Reader,3,/tags/Fujishima%20Kousuke*s*Reader,r
Akiyama Himori/Reader,6,/tags/Akiyama%20Himori*s*Reader,r
Kamo Ryuuhou/Reader,10,/tags/Kamo%20Ryuuhou*s*Reader,r
Enomoto Tatsuya/Reader,1,/tags/Enomoto%20Tatsuya*s*Reader,r
Hidaka Akira/Reader,1,/tags/Hidaka%20Akira*s*Reader,r
Hisui Nagare/Reader,4,/tags/Hisui%20Nagare*s*Reader,r
Mishakuji Yukari/Reader,5,/tags/Mishakuji%20Yukari*s*Reader,r
Gotou Ren/Reader,1,/tags/Gotou%20Ren*s*Reader,r
MikoTotsu Week 2015,1,/tags/MikoTotsu%20Week%202015,f
Munakata Taishi,7,/tags/Munakata%20Taishi,c
Kokujouji Daikaku & Klaudia Weismann,0,/tags/Kokujouji%20Daikaku%20*a*%20Klaudia%20Weismann,r
Yoshino Yayoi,15,/tags/Yoshino%20Yayoi,c
Fushimi Kisa,19,/tags/Fushimi%20Kisa,c
Totsuka Tatara/Original Character(s),16,/tags/Totsuka%20Tatara*s*Original%20Character(s),r
Mishakuji Yukari/Yatogami Kurou,3,/tags/Mishakuji%20Yukari*s*Yatogami%20Kurou,r
Fushimi Saruhiko/Hisui Nagare,3,/tags/Fushimi%20Saruhiko*s*Hisui%20Nagare,r
Awashima Seri/Reader,1,/tags/Awashima%20Seri*s*Reader,r
Eric Surt/Reader,2,/tags/Eric%20Surt*s*Reader,r
Bandou Saburouta/Reader,1,/tags/Bandou%20Saburouta*s*Reader,r
Kusuhara Takeru/Everyone,0,/tags/Kusuhara%20Takeru*s*Everyone,r
Kushina Anna & Yata Misaki,4,/tags/Kushina%20Anna%20*a*%20Yata%20Misaki,r
Akiyama Himori/Munakata Reishi,1,/tags/Akiyama%20Himori*s*Munakata%20Reishi,r
Fushimi Saruhiko/Munakata Reishi/Suoh Mikoto/Yata Misaki,5,/tags/Fushimi%20Saruhiko*s*Munakata%20Reishi*s*Suoh%20Mikoto*s*Yata%20Misaki,r
Kamamoto Rikio & Yata Misaki,5,/tags/Kamamoto%20Rikio%20*a*%20Yata%20Misaki,r
Kamamoto Rikio/Yata Misaki,12,/tags/Kamamoto%20Rikio*s*Yata%20Misaki,r
Fushimi Saruhiko/Higurashi Kagome,0,/tags/Fushimi%20Saruhiko*s*Higurashi%20Kagome,r
Fushimi Saruhiko/Mishakuji Yukari,4,/tags/Fushimi%20Saruhiko*s*Mishakuji%20Yukari,r
Minor Awashima Seri/Kusanagi Izumo,4,/tags/Minor%20Awashima%20Seri*s*Kusanagi%20Izumo,f
Kusanagi Izumo/Yata Misaki,7,/tags/Kusanagi%20Izumo*s*Yata%20Misaki,r
Konohana Saya,3,/tags/Konohana%20Saya,c
Akiyama Himori/Kamo Ryuuhou,0,/tags/Akiyama%20Himori*s*Kamo%20Ryuuhou,r
Munakata Reishi & Zenjou Gouki,1,/tags/Munakata%20Reishi%20*a*%20Zenjou%20Gouki,r
Kusanagi Izumo/Kushina Anna/Yata Misaki,1,/tags/Kusanagi%20Izumo*s*Kushina%20Anna*s*Yata%20Misaki,r
Fushimi Saruhiko/Konohana Saya,2,/tags/Fushimi%20Saruhiko*s*Konohana%20Saya,r
Awashima Seri & Yoshino Yayoi,2,/tags/Awashima%20Seri%20*a*%20Yoshino%20Yayoi,r
Awashima Seri/Original Male Character(s),0,/tags/Awashima%20Seri*s*Original%20Male%20Character(s),r
Awashima Seri & Munakata Reishi,6,/tags/Awashima%20Seri%20*a*%20Munakata%20Reishi,r
Fushimi Saruhiko/Kusanagi Izumo,5,/tags/Fushimi%20Saruhiko*s*Kusanagi%20Izumo,r
Munakata Reishi & Totsuka Tatara,1,/tags/Munakata%20Reishi%20*a*%20Totsuka%20Tatara,r
Totsuka Tatara/Yata Misaki,2,/tags/Totsuka%20Tatara*s*Yata%20Misaki,r
Chitose You/Eric Surt,1,/tags/Chitose%20You*s*Eric%20Surt,r
Suoh Mikoto/Original Male Character(s),1,/tags/Suoh%20Mikoto*s*Original%20Male%20Character(s),r
Yata Misaki/Original Male Character(s),1,/tags/Yata%20Misaki*s*Original%20Male%20Character(s),r
Kamamoto Rikio/Original Male Character(s),1,/tags/Kamamoto%20Rikio*s*Original%20Male%20Character(s),r
Chitose You/Original Male Character(s),1,/tags/Chitose%20You*s*Original%20Male%20Character(s),r
Munakata Kai,2,/tags/Munakata%20Kai,c
K (Anime) Ensemble,1,/tags/K%20(Anime)%20Ensemble,c
Kushina Anna/Eric Surt,0,/tags/Kushina%20Anna*s*Eric%20Surt,r
Eric Surt/Yata Misaki,0,/tags/Eric%20Surt*s*Yata%20Misaki,r
Kamamoto Rikio/Kusanagi Izumo,0,/tags/Kamamoto%20Rikio*s*Kusanagi%20Izumo,r
Sarumi Fest 2016,20,/tags/Sarumi%20Fest%202016,f
Munakata Kai/Yata Minoru,1,/tags/Munakata%20Kai*s*Yata%20Minoru,r
Yata Misaki's Birthday,1,/tags/Yata%20Misaki's%20Birthday,f
Mikorei Week 2016,13,/tags/Mikorei%20Week%202016,f
Munakata Reishi/Suoh Mikoto/Yata Misaki,2,/tags/Munakata%20Reishi*s*Suoh%20Mikoto*s*Yata%20Misaki,r
Fushimi Saruhiko/Gojou Sukuna,1,/tags/Fushimi%20Saruhiko*s*Gojou%20Sukuna,r
Fushimi Saruhiko/Hirasaka Douhan,2,/tags/Fushimi%20Saruhiko*s*Hirasaka%20Douhan,r
Akiyama Himori/Hidaka Akira,11,/tags/Akiyama%20Himori*s*Hidaka%20Akira,r
Munakata Reishi/Original Male Character(s),0,/tags/Munakata%20Reishi*s*Original%20Male%20Character(s),r
Kusanagi Izumo/Original Character(s),1,/tags/Kusanagi%20Izumo*s*Original%20Character(s),r
Awashima Seri/Suoh Mikoto,0,/tags/Awashima%20Seri*s*Suoh%20Mikoto,r
Doumyouji Andy/Kamo Ryuuhou,7,/tags/Doumyouji%20Andy*s*Kamo%20Ryuuhou,r
Kusanagi Izumo/Original Female Character(s),2,/tags/Kusanagi%20Izumo*s*Original%20Female%20Character(s),r
Chitose You/Yubikiri Maria,0,/tags/Chitose%20You*s*Yubikiri%20Maria,r
Yata Misaki & Yatogami Kurou,1,/tags/Yata%20Misaki%20*a*%20Yatogami%20Kurou,r
Reisaru Week 2016,5,/tags/Reisaru%20Week%202016,f
Reisaru Week,2,/tags/Reisaru%20Week,f
MikoTotsu Week 2016,3,/tags/MikoTotsu%20Week%202016,f
Kusanagi Mizuomi,1,/tags/Kusanagi%20Mizuomi,c
Fushimi Saruhiko/Yata Misaki/Reader,2,/tags/Fushimi%20Saruhiko*s*Yata%20Misaki*s*Reader,r
Fushimi Saruhiko & Hidaka Akira,1,/tags/Fushimi%20Saruhiko%20*a*%20Hidaka%20Akira,r
Awashima Seri/Hirasaka Douhan,4,/tags/Awashima%20Seri*s*Hirasaka%20Douhan,r
Dewa Masaomi/Fushimi Saruhiko,1,/tags/Dewa%20Masaomi*s*Fushimi%20Saruhiko,r
Dewa Masaomi/Fujishima Kousuke/Eric Surt,2,/tags/Dewa%20Masaomi*s*Fujishima%20Kousuke*s*Eric%20Surt,r
Chitose You & Dewa Masaomi,3,/tags/Chitose%20You%20*a*%20Dewa%20Masaomi,r
Bandou Saburouta/Dewa Masaomi,1,/tags/Bandou%20Saburouta*s*Dewa%20Masaomi,r
Akagi Shouhei/Bandou Saburouta/Chitose You,1,/tags/Akagi%20Shouhei*s*Bandou%20Saburouta*s*Chitose%20You,r
Akagi Shouhei & Eric Surt,1,/tags/Akagi%20Shouhei%20*a*%20Eric%20Surt,r
Bandou Saburouta & Dewa Masaomi,1,/tags/Bandou%20Saburouta%20*a*%20Dewa%20Masaomi,r
Munakata Reishi/Zenjou Gouki,3,/tags/Munakata%20Reishi*s*Zenjou%20Gouki,r
Suoh Mikoto's Mother,2,/tags/Suoh%20Mikoto's%20Mother,c
Awashima Seri & Kusanagi Izumo,7,/tags/Awashima%20Seri%20*a*%20Kusanagi%20Izumo,r
Munakata Reishi/Oliver Queen,0,/tags/Munakata%20Reishi*s*Oliver%20Queen,r
Spoilers for K: Return of Kings,2,/tags/Spoilers%20for%20K:%20Return%20of%20Kings,f
Hieda Tooru,10,/tags/Hieda%20Tooru,c
Kusuhara Takeru/Munakata Reishi,0,/tags/Kusuhara%20Takeru*s*Munakata%20Reishi,r
Mizuchi Koushi,1,/tags/Mizuchi%20Koushi,c
Minato Akito,1,/tags/Minato%20Akito,c
Minato Hayato,1,/tags/Minato%20Hayato,c
Shiotsu Gen,13,/tags/Shiotsu%20Gen,c
Totsuka Tatara & Yatogami Kurou,0,/tags/Totsuka%20Tatara%20*a*%20Yatogami%20Kurou,r
Fushimi Saruhiko/Hirasaka Douhan/Mishakuji Yukari,0,/tags/Fushimi%20Saruhiko*s*Hirasaka%20Douhan*s*Mishakuji%20Yukari,r
Yata Misaki's Mother,11,/tags/Yata%20Misaki's%20Mother,c
Fujishima Kousuke/Eric Surt,22,/tags/Fujishima%20Kousuke*s*Eric%20Surt,r
Hirasaka Douhan/Yoshino Yayoi,1,/tags/Hirasaka%20Douhan*s*Yoshino%20Yayoi,r
Mishina Souta,0,/tags/Mishina%20Souta,c
Sarumi Fest 2017,5,/tags/Sarumi%20Fest%202017,f
Munakata Reishi & Harry Potter,2,/tags/Munakata%20Reishi%20*a*%20Harry%20Potter,r
Harry Potter & Totsuka Tatara,3,/tags/Harry%20Potter%20*a*%20Totsuka%20Tatara,r
Kusanagi Izumo/Suoh Mikoto/Yata Misaki,0,/tags/Kusanagi%20Izumo*s*Suoh%20Mikoto*s*Yata%20Misaki,r
Enomoto Tatsuya/Munakata Reishi,0,/tags/Enomoto%20Tatsuya*s*Munakata%20Reishi,r
Yata Misaki/Original Female Character(s),8,/tags/Yata%20Misaki*s*Original%20Female%20Character(s),r
Fushimi Saruhiko/Original Female Character(s),4,/tags/Fushimi%20Saruhiko*s*Original%20Female%20Character(s),r
Yata Misaki/Original Character(s),1,/tags/Yata%20Misaki*s*Original%20Character(s),r
Mikorei Week 2017,9,/tags/Mikorei%20Week%202017,f
Dick Grayson & Suoh Mikoto,0,/tags/Dick%20Grayson%20*a*%20Suoh%20Mikoto,r
Dick Grayson & Munakata Reishi,0,/tags/Dick%20Grayson%20*a*%20Munakata%20Reishi,r
Kusanagi Izumo & Kushina Anna & Totsuka Tatara,0,/tags/Kusanagi%20Izumo%20*a*%20Kushina%20Anna%20*a*%20Totsuka%20Tatara,r
Reisaru Week 2017,1,/tags/Reisaru%20Week%202017,f
MikoTotsu Week 2017,2,/tags/MikoTotsu%20Week%202017,f
Hisui Nagare/Suoh Mikoto,2,/tags/Hisui%20Nagare*s*Suoh%20Mikoto,r
Gojou Sukuna/Hisui Nagare,1,/tags/Gojou%20Sukuna*s*Hisui%20Nagare,r
Mishakuji Yukari & Yatogami Kurou,11,/tags/Mishakuji%20Yukari%20*a*%20Yatogami%20Kurou,r
References to K: Lost Small World,4,/tags/References%20to%20K:%20Lost%20Small%20World,f
Awashima Seri/Yoshino Yayoi,1,/tags/Awashima%20Seri*s*Yoshino%20Yayoi,r
Bandou Saburouta/Doumyouji Andy,1,/tags/Bandou%20Saburouta*s*Doumyouji%20Andy,r
Awashima Seri/Hidaka Akira,0,/tags/Awashima%20Seri*s*Hidaka%20Akira,r
Sawada Tsunayoshi & Suoh Mikoto,1,/tags/Sawada%20Tsunayoshi%20*a*%20Suoh%20Mikoto,r
Habari Jin/Munakata Reishi,0,/tags/Habari%20Jin*s*Munakata%20Reishi,r
Fushimi Saruhiko/Hisui Nagare/Mishakuji Yukari,0,/tags/Fushimi%20Saruhiko*s*Hisui%20Nagare*s*Mishakuji%20Yukari,r
References to K: Memory of Red,2,/tags/References%20to%20K:%20Memory%20of%20Red,f
Kusanagi Izumo & Suoh Mikoto,7,/tags/Kusanagi%20Izumo%20*a*%20Suoh%20Mikoto,r
Kusanagi Izumo/Munakata Reishi/Suoh Mikoto/Totsuka Tatara,0,/tags/Kusanagi%20Izumo*s*Munakata%20Reishi*s*Suoh%20Mikoto*s*Totsuka%20Tatara,r
Steve Rogers/Suoh Mikoto,1,/tags/Steve%20Rogers*s*Suoh%20Mikoto,r
Sarumi Fest 2018,13,/tags/Sarumi%20Fest%202018,f
Yatogami Kurou/Yukizome Kukuri,1,/tags/Yatogami%20Kurou*s*Yukizome%20Kukuri,r
Munakata Reishi/Harry Potter,0,/tags/Munakata%20Reishi*s*Harry%20Potter,r
Oogai Aya & Yata Misaki,1,/tags/Oogai%20Aya%20*a*%20Yata%20Misaki,r
Fushimi Saruhiko & Oogai Aya,3,/tags/Fushimi%20Saruhiko%20*a*%20Oogai%20Aya,r
Gotou Ren/Hidaka Akira,6,/tags/Gotou%20Ren*s*Hidaka%20Akira,r
Habari Jin/Zenjou Gouki,11,/tags/Habari%20Jin*s*Zenjou%20Gouki,r
Post-K: Lost Small World,2,/tags/Post-K:%20Lost%20Small%20World,f
Shion (No. 6)/Yatogami Kurou,0,/tags/Shion%20(No*d*%206)*s*Yatogami%20Kurou,r
Waver Velvet/Yatogami Kurou,0,/tags/Waver%20Velvet*s*Yatogami%20Kurou,r
Suoh Mikoto/Waver Velvet,0,/tags/Suoh%20Mikoto*s*Waver%20Velvet,r
"Horatio Magellan ""Cap'n"" Crunch/Yatogami Kurou",0,/tags/Horatio%20Magellan%20%22Cap'n%22%20Crunch*s*Yatogami%20Kurou,r
Hisui Nagare & Original Character(s),3,/tags/Hisui%20Nagare%20*a*%20Original%20Character(s),r
Kusanagi Izumo & Original Female Character(s),2,/tags/Kusanagi%20Izumo%20*a*%20Original%20Female%20Character(s),r
Totsuka Tatara & Original Female Character(s),3,/tags/Totsuka%20Tatara%20*a*%20Original%20Female%20Character(s),r
MikoTotsu Week 2018,1,/tags/MikoTotsu%20Week%202018,f
Fushimi Saruhiko/Eric Surt,0,/tags/Fushimi%20Saruhiko*s*Eric%20Surt,r
Akiyama Himori/Kusanagi Izumo,0,/tags/Akiyama%20Himori*s*Kusanagi%20Izumo,r
Inaba Sumika/Yukizome Kukuri,0,/tags/Inaba%20Sumika*s*Yukizome%20Kukuri,r
Fushimi Saruhiko/Munakata Reishi/Yata Misaki,1,/tags/Fushimi%20Saruhiko*s*Munakata%20Reishi*s*Yata%20Misaki,r
Habari Jin & Harry Potter,0,/tags/Habari%20Jin%20*a*%20Harry%20Potter,r
Kamamoto Rikio & Original Female Character(s),1,/tags/Kamamoto%20Rikio%20*a*%20Original%20Female%20Character(s),r
Akiyama Himori & Original Female Character(s),1,/tags/Akiyama%20Himori%20*a*%20Original%20Female%20Character(s),r
Munakata Reishi & Original Female Character(s),0,/tags/Munakata%20Reishi%20*a*%20Original%20Female%20Character(s),r
Munakata Reishi/Suoh Mikoto/Reader,0,/tags/Munakata%20Reishi*s*Suoh%20Mikoto*s*Reader,r
Fushimi Saruhiko/Yata Misaki/Original Character(s),0,/tags/Fushimi%20Saruhiko*s*Yata%20Misaki*s*Original%20Character(s),r
Yatogami Kurou & Original Female Character(s),2,/tags/Yatogami%20Kurou%20*a*%20Original%20Female%20Character(s),r
K Project Rarepair Week 2019,0,/tags/K%20Project%20Rarepair%20Week%202019,f
Minor Fushimi Saruhiko/Yata Misaki,5,/tags/Minor%20Fushimi%20Saruhiko*s*Yata%20Misaki,f
Minor Suoh Mikoto/Totsuka Tatara,0,/tags/Minor%20Suoh%20Mikoto*s*Totsuka%20Tatara,f
Bottom Suoh Mikoto,31,/tags/Bottom%20Suoh%20Mikoto,f
Top Totsuka Tatara,0,/tags/Top%20Totsuka%20Tatara,f
Fuse Daiki/Reader,1,/tags/Fuse%20Daiki*s*Reader,r
Fujieric Week,1,/tags/Fujieric%20Week,f
Hisui Nagare & Mishakuji Yukari,2,/tags/Hisui%20Nagare%20*a*%20Mishakuji%20Yukari,r
K Project Rarepair Week,2,/tags/K%20Project%20Rarepair%20Week,f
Bottom Yata Misaki,8,/tags/Bottom%20Yata%20Misaki,f
Female Fushimi Saruhiko,2,/tags/Female%20Fushimi%20Saruhiko,f
Minor Munakata Reishi/Suoh Mikoto,2,/tags/Minor%20Munakata%20Reishi*s*Suoh%20Mikoto,f
Female Yata Misaki,2,/tags/Female%20Yata%20Misaki,f
Kushina Anna/Yata Misaki,1,/tags/Kushina%20Anna*s*Yata%20Misaki,r
Miwa Ichigen & Yatogami Kurou,3,/tags/Miwa%20Ichigen%20*a*%20Yatogami%20Kurou,r
Akiyama Himori/Awashima Seri,2,/tags/Akiyama%20Himori*s*Awashima%20Seri,r
Kokujouji Daikaku & Miwa Ichigen,3,/tags/Kokujouji%20Daikaku%20*a*%20Miwa%20Ichigen,r
Top Munakata Reishi,9,/tags/Top%20Munakata%20Reishi,f
Sarumi Fest 2019,6,/tags/Sarumi%20Fest%202019,f
Hieda Tooru/Yatogami Kurou,0,/tags/Hieda%20Tooru*s*Yatogami%20Kurou,r
Fushimi Saruhiko & Original Character(s),7,/tags/Fushimi%20Saruhiko%20*a*%20Original%20Character(s),r
Kusanagi Izumo & Yata Misaki,7,/tags/Kusanagi%20Izumo%20*a*%20Yata%20Misaki,r
Fushimi Saruhiko & Kusanagi Izumo,4,/tags/Fushimi%20Saruhiko%20*a*%20Kusanagi%20Izumo,r
Top Yata Misaki,0,/tags/Top%20Yata%20Misaki,f
Female Totsuka Tatara,3,/tags/Female%20Totsuka%20Tatara,f
Suoh Mikoto Lives,13,/tags/Suoh%20Mikoto%20Lives,f
Benzai Yuujirou/Munakata Reishi,1,/tags/Benzai%20Yuujirou*s*Munakata%20Reishi,r
Kurayama Mitsuha,1,/tags/Kurayama%20Mitsuha,c
Fushimi Niki/Fushimi Saruhiko,3,/tags/Fushimi%20Niki*s*Fushimi%20Saruhiko,r
Kushina Anna & Munakata Reishi,1,/tags/Kushina%20Anna%20*a*%20Munakata%20Reishi,r
Awashima Seri & Fushimi Saruhiko & Munakata Reishi,2,/tags/Awashima%20Seri%20*a*%20Fushimi%20Saruhiko%20*a*%20Munakata%20Reishi,r
Suoh Mikoto/Other(s),0,/tags/Suoh%20Mikoto*s*Other(s),r
Akiyama Himori & Fushimi Saruhiko,1,/tags/Akiyama%20Himori%20*a*%20Fushimi%20Saruhiko,r
Munakata Reishi & Original Character(s),2,/tags/Munakata%20Reishi%20*a*%20Original%20Character(s),r
Suoh Mikoto & Original Character(s),1,/tags/Suoh%20Mikoto%20*a*%20Original%20Character(s),r
Yoshino Yayoi & Zenjou Gouki,0,/tags/Yoshino%20Yayoi%20*a*%20Zenjou%20Gouki,r
Doumyouji Andy & Fushimi Saruhiko,2,/tags/Doumyouji%20Andy%20*a*%20Fushimi%20Saruhiko,r
Totsuka Tatara Lives,10,/tags/Totsuka%20Tatara%20Lives,f
Red King Yata Misaki,4,/tags/Red%20King%20Yata%20Misaki,f
Blue King Fushimi Saruhiko,2,/tags/Blue%20King%20Fushimi%20Saruhiko,f
Kirishima Eijirou/Suoh Mikoto,0,/tags/Kirishima%20Eijirou*s*Suoh%20Mikoto,r
Fushimi Saruhiko/Zenjou Gouki,1,/tags/Fushimi%20Saruhiko*s*Zenjou%20Gouki,r
Fushimi Saruhiko/Munakata Reishi/Zenjou Gouki,1,/tags/Fushimi%20Saruhiko*s*Munakata%20Reishi*s*Zenjou%20Gouki,r
Bottom Munakata Reishi,8,/tags/Bottom%20Munakata%20Reishi,f
Bottom Fushimi Saruhiko,2,/tags/Bottom%20Fushimi%20Saruhiko,f
Top Fushimi Saruhiko,8,/tags/Top%20Fushimi%20Saruhiko,f
Fushimi Saruhiko Is Bad at Feelings,18,/tags/Fushimi%20Saruhiko%20Is%20Bad%20at%20Feelings,f
Midoriya Izuku & Munakata Reishi,0,/tags/Midoriya%20Izuku%20*a*%20Munakata%20Reishi,r
Hirasaka Douhan & Original Character(s),2,/tags/Hirasaka%20Douhan%20*a*%20Original%20Character(s),r
Akiyama Himori/Benzai Yuujirou/Fujishima Kousuke/Eric Surt,2,/tags/Akiyama%20Himori*s*Benzai%20Yuujirou*s*Fujishima%20Kousuke*s*Eric%20Surt,r
Akiyama Himori/Eric Surt,2,/tags/Akiyama%20Himori*s*Eric%20Surt,r
Benzai Yuujirou/Fujishima Kousuke,2,/tags/Benzai%20Yuujirou*s*Fujishima%20Kousuke,r
Benzai Yuujirou/Eric Surt,2,/tags/Benzai%20Yuujirou*s*Eric%20Surt,r
Akiyama Himori/Fujishima Kousuke,2,/tags/Akiyama%20Himori*s*Fujishima%20Kousuke,r
Post-K: Return of Kings,3,/tags/Post-K:%20Return%20of%20Kings,f
Colorless King/Totsuka Tatara,0,/tags/Colorless%20King*s*Totsuka%20Tatara,r
Fushimi Kisa & Totsuka Tatara,1,/tags/Fushimi%20Kisa%20*a*%20Totsuka%20Tatara,r
Doumyouji Andy & Kamo Ryuuhou,2,/tags/Doumyouji%20Andy%20*a*%20Kamo%20Ryuuhou,r
Fushimi Saruhiko & Hisui Nagare,1,/tags/Fushimi%20Saruhiko%20*a*%20Hisui%20Nagare,r
Fushimi Saruhiko & Mishakuji Yukari,1,/tags/Fushimi%20Saruhiko%20*a*%20Mishakuji%20Yukari,r
Omega Yata Misaki,2,/tags/Omega%20Yata%20Misaki,f
Alpha Suoh Mikoto,9,/tags/Alpha%20Suoh%20Mikoto,f
Clarisse La Rue & Yata Misaki,0,/tags/Clarisse%20La%20Rue%20*a*%20Yata%20Misaki,r
Fushimi Saruhiko Is So Done,3,/tags/Fushimi%20Saruhiko%20Is%20So%20Done,f
One-Sided Fushimi Saruhiko/Yata Misaki,1,/tags/One-Sided%20Fushimi%20Saruhiko*s*Yata%20Misaki,f
Scepter 4 | Blue Clan Ensemble (K),35,/tags/Scepter%204%20%7C%20Blue%20Clan%20Ensemble%20(K),c
Neko | Ameno Miyabi,29,/tags/Neko%20%7C%20Ameno%20Miyabi,c
Nunohashi Ayumi,0,/tags/Nunohashi%20Ayumi,c
Colorless King (K),6,/tags/Colorless%20King%20(K),c
HOMRA | Red Clan Ensemble (K),53,/tags/HOMRA%20%7C%20Red%20Clan%20Ensemble%20(K),c
Usagi | Gold Clan Ensemble (K),2,/tags/Usagi%20%7C%20Gold%20Clan%20Ensemble%20(K),c
Colorless Clan Ensemble (K),0,/tags/Colorless%20Clan%20Ensemble%20(K),c
Jungle | Green Clan Ensemble (K),12,/tags/Jungle%20%7C%20Green%20Clan%20Ensemble%20(K),c
Prime Minister Samukawa (K),0,/tags/Prime%20Minister%20Samukawa%20(K),c
Fushimi Saruhiko & Scepter 4 | Blue Clan Ensemble,2,/tags/Fushimi%20Saruhiko%20*a*%20Scepter%204%20%7C%20Blue%20Clan%20Ensemble,r
Hieda Tooru/Neko | Ameno Miyabi,0,/tags/Hieda%20Tooru*s*Neko%20%7C%20Ameno%20Miyabi,r
Higurashi Kagome/Suoh Mikoto,0,/tags/Higurashi%20Kagome*s*Suoh%20Mikoto,r
HOMRA | Red Clan Ensemble (K) & Original Female Character(s),3,/tags/HOMRA%20%7C%20Red%20Clan%20Ensemble%20(K)%20*a*%20Original%20Female%20Character(s),r
Scepter 4 | Blue Clan Ensemble/Scepter 4 | Blue Clan Ensemble (K),0,/tags/Scepter%204%20%7C%20Blue%20Clan%20Ensemble*s*Scepter%204%20%7C%20Blue%20Clan%20Ensemble%20(K),r
Jungle | Green Clan Ensemble (K) & Original Character(s),2,/tags/Jungle%20%7C%20Green%20Clan%20Ensemble%20(K)%20*a*%20Original%20Character(s),r
Kamamoto Rikio/Nunohashi Ayumi,0,/tags/Kamamoto%20Rikio*s*Nunohashi%20Ayumi,r
Kushina Anna & Neko | Ameno Miyabi,0,/tags/Kushina%20Anna%20*a*%20Neko%20%7C%20Ameno%20Miyabi,r
Hisui Nagare & Original Female Character(s),1,/tags/Hisui%20Nagare%20*a*%20Original%20Female%20Character(s),r
Hisui Nagare/Original Character(s),1,/tags/Hisui%20Nagare*s*Original%20Character(s),r
Hisui Nagare/Original Female Character(s),1,/tags/Hisui%20Nagare*s*Original%20Female%20Character(s),r
Colorless King & Suoh Mikoto,0,/tags/Colorless%20King%20*a*%20Suoh%20Mikoto,r
Totsuka Tatara/Original Female Character(s),0,/tags/Totsuka%20Tatara*s*Original%20Female%20Character(s),r
Neko | Ameno Miyabi & Yatogami Kurou,1,/tags/Neko%20%7C%20Ameno%20Miyabi%20*a*%20Yatogami%20Kurou,r
Oliver Queen/Totsuka Tatara,0,/tags/Oliver%20Queen*s*Totsuka%20Tatara,r
Drunk Yata Misaki,0,/tags/Drunk%20Yata%20Misaki,f
Episode: s01e12 Adolf K. Weismann,0,/tags/Episode:%20s01e12%20Adolf%20K*d*%20Weismann,f
POV Fushimi Saruhiko,6,/tags/POV%20Fushimi%20Saruhiko,f
HOMRA | Red Clan (K),34,/tags/HOMRA%20%7C%20Red%20Clan%20(K),f
Hurt Fushimi Saruhiko,4,/tags/Hurt%20Fushimi%20Saruhiko,f
POV Yata Misaki,2,/tags/POV%20Yata%20Misaki,f
Scepter 4 | Blue Clan (K),23,/tags/Scepter%204%20%7C%20Blue%20Clan%20(K),f
Fushimi Saruhiko-centric,3,/tags/Fushimi%20Saruhiko-centric,f
Project K Kink Meme,0,/tags/Project%20K%20Kink%20Meme,f
K Project Rarepair Week 2017,0,/tags/K%20Project%20Rarepair%20Week%202017,f
K Project Rarepair Week 2018,0,/tags/K%20Project%20Rarepair%20Week%202018,f
K Holiday Exchange,0,/tags/K%20Holiday%20Exchange,f
Kusuhara Takeru Week,0,/tags/Kusuhara%20Takeru%20Week,f
Mikorei Week,3,/tags/Mikorei%20Week,f
Mikorei Week 2018,0,/tags/Mikorei%20Week%202018,f
Our Small World: A Sarumi Anthology,0,/tags/Our%20Small%20World:%20A%20Sarumi%20Anthology,f
Strains (K),3,/tags/Strains%20(K),f
HOMRA | Red Clan Ensemble & Neko | Ameno Miyabi,0,/tags/HOMRA%20%7C%20Red%20Clan%20Ensemble%20*a*%20Neko%20%7C%20Ameno%20Miyabi,r
Neko | Ameno Miyabi/Reader,0,/tags/Neko%20%7C%20Ameno%20Miyabi*s*Reader,r
Kushina Anna/Neko | Ameno Miyabi,0,/tags/Kushina%20Anna*s*Neko%20%7C%20Ameno%20Miyabi,r
Munakata Reishi/Neko | Ameno Miyabi,0,/tags/Munakata%20Reishi*s*Neko%20%7C%20Ameno%20Miyabi,r
Neko | Ameno Miyabi/Suoh Mikoto,0,/tags/Neko%20%7C%20Ameno%20Miyabi*s*Suoh%20Mikoto,r
Neko | Ameno Miyabi/Yatogami Kurou,0,/tags/Neko%20%7C%20Ameno%20Miyabi*s*Yatogami%20Kurou,r
Neko | Ameno Miyabi/Yukizome Kukuri,2,/tags/Neko%20%7C%20Ameno%20Miyabi*s*Yukizome%20Kukuri,r
Kushina Anna/Neko | Ameno Miyabi/Reader,0,/tags/Kushina%20Anna*s*Neko%20%7C%20Ameno%20Miyabi*s*Reader,r
Neko | Ameno Miyabi/Safu (No. 6),0,/tags/Neko%20%7C%20Ameno%20Miyabi*s*Safu%20(No*d*%206),r
Scepter 4 | Blue Clan Ensemble (K) & Original Female Character(s),1,/tags/Scepter%204%20%7C%20Blue%20Clan%20Ensemble%20(K)%20*a*%20Original%20Female%20Character(s),r
HOMRA | Red Clan Ensemble & Suoh Mikoto,2,/tags/HOMRA%20%7C%20Red%20Clan%20Ensemble%20*a*%20Suoh%20Mikoto,r
HOMRA | Red Clan Ensemble & Yata Misaki,1,/tags/HOMRA%20%7C%20Red%20Clan%20Ensemble%20*a*%20Yata%20Misaki,r
Red King (K),2,/tags/Red%20King%20(K),f
Silver King (K),1,/tags/Silver%20King%20(K),f
Fushimi Saruhiko's Birthday,0,/tags/Fushimi%20Saruhiko's%20Birthday,f
K: Return of Kings,1,/tags/K:%20Return%20of%20Kings,f
Post-K: Missing Kings,0,/tags/Post-K:%20Missing%20Kings,f
Episode: s02e01 Knave,0,/tags/Episode:%20s02e01%20Knave,f
K: Lost Small World,0,/tags/K:%20Lost%20Small%20World,f
K: Missing Kings,0,/tags/K:%20Missing%20Kings,f
Post-K (Anime) Season/Series 01,0,/tags/Post-K%20(Anime)%20Season*s*Series%2001,f
Spoilers for K (Anime),0,/tags/Spoilers%20for%20K%20(Anime),f
References to K (Anime),5,/tags/References%20to%20K%20(Anime),f
Spoilers for K: Lost Small World,0,/tags/Spoilers%20for%20K:%20Lost%20Small%20World,f
Alternate K: Return of Kings,1,/tags/Alternate%20K:%20Return%20of%20Kings,f
Yata Misaki Swears,2,/tags/Yata%20Misaki%20Swears,f
Mentioned Fushimi Niki,1,/tags/Mentioned%20Fushimi%20Niki,f
Possessive Fushimi Saruhiko,0,/tags/Possessive%20Fushimi%20Saruhiko,f
Out of Character Fushimi Saruhiko,0,/tags/Out%20of%20Character%20Fushimi%20Saruhiko,f
Scepter 4 | Blue Clan Yata Misaki,0,/tags/Scepter%204%20%7C%20Blue%20Clan%20Yata%20Misaki,f
Top Suoh Mikoto,9,/tags/Top%20Suoh%20Mikoto,f
Trans Male Yata Misaki,3,/tags/Trans%20Male%20Yata%20Misaki,f
Adorable Yata Misaki,1,/tags/Adorable%20Yata%20Misaki,f
Totsuka Tatara Dies,4,/tags/Totsuka%20Tatara%20Dies,f
Child Fushimi Saruhiko,1,/tags/Child%20Fushimi%20Saruhiko,f
Child Yata Misaki,2,/tags/Child%20Yata%20Misaki,f
Miwa Ichigen & Original Character(s),1,/tags/Miwa%20Ichigen%20*a*%20Original%20Character(s),r
Hakumai-tou | Silver Clan Ensemble (K),4,/tags/Hakumai-tou%20%7C%20Silver%20Clan%20Ensemble%20(K),c
Iwafune Tenkei | Ootori Seigo,32,/tags/Iwafune%20Tenkei%20%7C%20Ootori%20Seigo,c
Hisui Nagare & Iwafune Tenkei | Ootori Seigo,4,/tags/Hisui%20Nagare%20*a*%20Iwafune%20Tenkei%20%7C%20Ootori%20Seigo,r
Hisui Nagare/Iwafune Tenkei | Ootori Seigo,0,/tags/Hisui%20Nagare*s*Iwafune%20Tenkei%20%7C%20Ootori%20Seigo,r
Iwafune Tenkei | Ootori Seigo/Munakata Reishi,0,/tags/Iwafune%20Tenkei%20%7C%20Ootori%20Seigo*s*Munakata%20Reishi,r
Hakumai-tou | Silver Clan Ensemble & Original Character(s),1,/tags/Hakumai-tou%20%7C%20Silver%20Clan%20Ensemble%20*a*%20Original%20Character(s),r
Alternate Universe - K (Anime) Fusion,2,/tags/Alternate%20Universe%20-%20K%20(Anime)%20Fusion,f
References to K: Side Red,0,/tags/References%20to%20K:%20Side%20Red,f
Isana Yashiro | Adolf K. Weismann,65,/tags/Isana%20Yashiro%20%7C%20Adolf%20K*d*%20Weismann,c
Isana Yashiro | Adolf K. Weismann & Neko | Ameno Miyabi,1,/tags/Isana%20Yashiro%20%7C%20Adolf%20K*d*%20Weismann%20*a*%20Neko%20%7C%20Ameno%20Miyabi,r
Isana Yashiro | Adolf K. Weismann/Mishakuji Yukari,0,/tags/Isana%20Yashiro%20%7C%20Adolf%20K*d*%20Weismann*s*Mishakuji%20Yukari,r
Isana Yashiro | Adolf K. Weismann & Klaudia Weismann,0,/tags/Isana%20Yashiro%20%7C%20Adolf%20K*d*%20Weismann%20*a*%20Klaudia%20Weismann,r
Isana Yashiro | Adolf K. Weismann & Original Character(s),0,/tags/Isana%20Yashiro%20%7C%20Adolf%20K*d*%20Weismann%20*a*%20Original%20Character(s),r
Isana Yashiro | Adolf K. Weismann & Original Female Character(s),1,/tags/Isana%20Yashiro%20%7C%20Adolf%20K*d*%20Weismann%20*a*%20Original%20Female%20Character(s),r
Isana Yashiro | Adolf K. Weismann/Original Character(s),1,/tags/Isana%20Yashiro%20%7C%20Adolf%20K*d*%20Weismann*s*Original%20Character(s),r
Isana Yashiro | Adolf K. Weismann/Reader,2,/tags/Isana%20Yashiro%20%7C%20Adolf%20K*d*%20Weismann*s*Reader,r
Isana Yashiro | Adolf K. Weismann/Yatogami Kurou,20,/tags/Isana%20Yashiro%20%7C%20Adolf%20K*d*%20Weismann*s*Yatogami%20Kurou,r
Isana Yashiro | Adolf K. Weismann & Seijuurou Akashi,0,/tags/Isana%20Yashiro%20%7C%20Adolf%20K*d*%20Weismann%20*a*%20Seijuurou%20Akashi,r
Chitose You/Isana Yashiro | Adolf K. Weismann,0,/tags/Chitose%20You*s*Isana%20Yashiro%20%7C%20Adolf%20K*d*%20Weismann,r
Colorless King/Isana Yashiro | Adolf K. Weismann,0,/tags/Colorless%20King*s*Isana%20Yashiro%20%7C%20Adolf%20K*d*%20Weismann,r
Hieda Tooru/Isana Yashiro | Adolf K. Weismann,0,/tags/Hieda%20Tooru*s*Isana%20Yashiro%20%7C%20Adolf%20K*d*%20Weismann,r
Hisui Nagare/Isana Yashiro | Adolf K. Weismann,2,/tags/Hisui%20Nagare*s*Isana%20Yashiro%20%7C%20Adolf%20K*d*%20Weismann,r
Isana Yashiro | Adolf K. Weismann & Kushina Anna,0,/tags/Isana%20Yashiro%20%7C%20Adolf%20K*d*%20Weismann%20*a*%20Kushina%20Anna,r
Isana Yashiro | Adolf K. Weismann & Munakata Reishi,0,/tags/Isana%20Yashiro%20%7C%20Adolf%20K*d*%20Weismann%20*a*%20Munakata%20Reishi,r
Isana Yashiro | Adolf K. Weismann & Yata Misaki,0,/tags/Isana%20Yashiro%20%7C%20Adolf%20K*d*%20Weismann%20*a*%20Yata%20Misaki,r
Isana Yashiro | Adolf K. Weismann/Eric Surt,0,/tags/Isana%20Yashiro%20%7C%20Adolf%20K*d*%20Weismann*s*Eric%20Surt,r
Isana Yashiro | Adolf K. Weismann/Mishakuji Yukari/Yatogami Kurou,0,/tags/Isana%20Yashiro%20%7C%20Adolf%20K*d*%20Weismann*s*Mishakuji%20Yukari*s*Yatogami%20Kurou,r
Isana Yashiro | Adolf K. Weismann/Nezumi (No. 6),0,/tags/Isana%20Yashiro%20%7C%20Adolf%20K*d*%20Weismann*s*Nezumi%20(No*d*%206),r
Isana Yashiro | Adolf K. Weismann/Suoh Mikoto,0,/tags/Isana%20Yashiro%20%7C%20Adolf%20K*d*%20Weismann*s*Suoh%20Mikoto,r
Isana Yashiro | Adolf K. Weismann/Totsuka Tatara,0,/tags/Isana%20Yashiro%20%7C%20Adolf%20K*d*%20Weismann*s*Totsuka%20Tatara,r
Isana Yashiro | Adolf K. Weismann/Waver Velvet,0,/tags/Isana%20Yashiro%20%7C%20Adolf%20K*d*%20Weismann*s*Waver%20Velvet,r
Isana Yashiro | Adolf K. Weismann/Yata Misaki,0,/tags/Isana%20Yashiro%20%7C%20Adolf%20K*d*%20Weismann*s*Yata%20Misaki,r
Isana Yashiro | Adolf K. Weismann/Yatogami Kurou/Reader,1,/tags/Isana%20Yashiro%20%7C%20Adolf%20K*d*%20Weismann*s*Yatogami%20Kurou*s*Reader,r
Isana Yashiro | Adolf K. Weismann/Yukizome Kukuri,0,/tags/Isana%20Yashiro%20%7C%20Adolf%20K*d*%20Weismann*s*Yukizome%20Kukuri,r
Isana Yashiro | Adolf K. Weismann/Munakata Reishi,0,/tags/Isana%20Yashiro%20%7C%20Adolf%20K*d*%20Weismann*s*Munakata%20Reishi,r
Isana Yashiro | Adolf K. Weismann & Kokujouji Daikaku,1,/tags/Isana%20Yashiro%20%7C%20Adolf%20K*d*%20Weismann%20*a*%20Kokujouji%20Daikaku,r
Isana Yashiro | Adolf K. Weismann & Kokujouji Daikaku & Klaudia Weismann,0,/tags/Isana%20Yashiro%20%7C%20Adolf%20K*d*%20Weismann%20*a*%20Kokujouji%20Daikaku%20*a*%20Klaudia%20Weismann,r
Isana Yashiro | Adolf K. Weismann/Kokujouji Daikaku,1,/tags/Isana%20Yashiro%20%7C%20Adolf%20K*d*%20Weismann*s*Kokujouji%20Daikaku,r
HOMRA | Red Clan Ensemble & Isana Yashiro | Adolf K. Weismann,0,/tags/HOMRA%20%7C%20Red%20Clan%20Ensemble%20*a*%20Isana%20Yashiro%20%7C%20Adolf%20K*d*%20Weismann,r
Isana Yashiro | Adolf K. Weismann & Yatogami Kurou,2,/tags/Isana%20Yashiro%20%7C%20Adolf%20K*d*%20Weismann%20*a*%20Yatogami%20Kurou,r
Isana Yashiro | Adolf K. Weismann & Jungle | Green Clan Ensemble,0,/tags/Isana%20Yashiro%20%7C%20Adolf%20K*d*%20Weismann%20*a*%20Jungle%20%7C%20Green%20Clan%20Ensemble,r
Isana Yashiro | Adolf K. Weismann & Neko | Ameno Miyabi & Yatogami Kurou,2,/tags/Isana%20Yashiro%20%7C%20Adolf%20K*d*%20Weismann%20*a*%20Neko%20%7C%20Ameno%20Miyabi%20*a*%20Yatogami%20Kurou,r
Isana Yashiro | Adolf K. Weismann & Scepter 4 | Blue Clan Ensemble,0,/tags/Isana%20Yashiro%20%7C%20Adolf%20K*d*%20Weismann%20*a*%20Scepter%204%20%7C%20Blue%20Clan%20Ensemble,r
Hakumai-tou | Silver Clan Ensemble & Isana Yashiro | Adolf K. Weismann,2,/tags/Hakumai-tou%20%7C%20Silver%20Clan%20Ensemble%20*a*%20Isana%20Yashiro%20%7C%20Adolf%20K*d*%20Weismann,r
Isana Yashiro | Adolf K. Weismann/Neko | Ameno Miyabi,0,/tags/Isana%20Yashiro%20%7C%20Adolf%20K*d*%20Weismann*s*Neko%20%7C%20Ameno%20Miyabi,r
Isana Yashiro | Adolf K. Weismann/Neko | Ameno Miyabi/Yatogami Kurou,0,/tags/Isana%20Yashiro%20%7C%20Adolf%20K*d*%20Weismann*s*Neko%20%7C%20Ameno%20Miyabi*s*Yatogami%20Kurou,r
Isana Yashiro | Adolf K. Weismann/Munakata Reishi/Yatogami Kurou,0,/tags/Isana%20Yashiro%20%7C%20Adolf%20K*d*%20Weismann*s*Munakata%20Reishi*s*Yatogami%20Kurou,r
Isana Yashiro | Adolf K. Weismann & Usagi | Gold Clan Ensemble,0,/tags/Isana%20Yashiro%20%7C%20Adolf%20K*d*%20Weismann%20*a*%20Usagi%20%7C%20Gold%20Clan%20Ensemble,r
Fushimi Saruhiko & Isana Yashiro | Adolf K. Weismann,2,/tags/Fushimi%20Saruhiko%20*a*%20Isana%20Yashiro%20%7C%20Adolf%20K*d*%20Weismann,r
Blue King (K),2,/tags/Blue%20King%20(K),f
Hakumai-tou | Silver Clan (K),2,/tags/Hakumai-tou%20%7C%20Silver%20Clan%20(K),f
Mentioned Munakata Reishi,0,/tags/Mentioned%20Munakata%20Reishi,f
Minor Isana Yashiro | Adolf K. Weismann/Yatogami Kurou,0,/tags/Minor%20Isana%20Yashiro%20%7C%20Adolf%20K*d*%20Weismann*s*Yatogami%20Kurou,f
K: Seven Stories,1,/tags/K:%20Seven%20Stories,f
Kokujouji Daikaku/Reader,1,/tags/Kokujouji%20Daikaku*s*Reader,r
Shiotsu Gen & Reader,1,/tags/Shiotsu%20Gen%20*a*%20Reader,r
Iwafune Tenkei | Ootori Seigo & Reader,1,/tags/Iwafune%20Tenkei%20%7C%20Ootori%20Seigo%20*a*%20Reader,r
Iwafune Tenkei | Ootori Seigo/Original Character(s),0,/tags/Iwafune%20Tenkei%20%7C%20Ootori%20Seigo*s*Original%20Character(s),r
Iwafune Tenkei | Ootori Seigo/Original Female Character(s),0,/tags/Iwafune%20Tenkei%20%7C%20Ootori%20Seigo*s*Original%20Female%20Character(s),r
Mishakuji Yukari/Original Female Character(s),0,/tags/Mishakuji%20Yukari*s*Original%20Female%20Character(s),r
Jungle | Green Clan (K),4,/tags/Jungle%20%7C%20Green%20Clan%20(K),f
Fushimi Saruhiko & Yata Minoru,1,/tags/Fushimi%20Saruhiko%20*a*%20Yata%20Minoru,r
Fushimi Saruhiko & Yata Megumi,1,/tags/Fushimi%20Saruhiko%20*a*%20Yata%20Megumi,r
Fushimi Saruhiko/Fushimi Saruhiko,0,/tags/Fushimi%20Saruhiko*s*Fushimi%20Saruhiko,r
Habari Jin/Fushimi Saruhiko,0,/tags/Habari%20Jin*s*Fushimi%20Saruhiko,r
Isana Yashiro | Adolf K. Weismann/Noelle (Genshin Impact),0,/tags/Isana%20Yashiro%20%7C%20Adolf%20K*d*%20Weismann*s*Noelle%20(Genshin%20Impact),r
Bar HOMRA (K),14,/tags/Bar%20HOMRA%20(K),f
Chitose You/Original Female Character(s),1,/tags/Chitose%20You*s*Original%20Female%20Character(s),r
Enomoto Tatsuya/Yoshino Yayoi,0,/tags/Enomoto%20Tatsuya*s*Yoshino%20Yayoi,r
Fushimi Saruhiko & Kusanagi Izumo & Kushina Anna,0,/tags/Fushimi%20Saruhiko%20*a*%20Kusanagi%20Izumo%20*a*%20Kushina%20Anna,r
Shiotsu Gen & Zenjou Gouki,1,/tags/Shiotsu%20Gen%20*a*%20Zenjou%20Gouki,r
Habari Jin & Shiotsu Gen & Zenjou Gouki,0,/tags/Habari%20Jin%20*a*%20Shiotsu%20Gen%20*a*%20Zenjou%20Gouki,r
Hidaka Akira/Kamamoto Rikio,0,/tags/Hidaka%20Akira*s*Kamamoto%20Rikio,r
Habari Jin & Zenjou Gouki,2,/tags/Habari%20Jin%20*a*%20Zenjou%20Gouki,r
Munakata Reishi & Suoh Mikoto & Totsuka Tatara,1,/tags/Munakata%20Reishi%20*a*%20Suoh%20Mikoto%20*a*%20Totsuka%20Tatara,r
Bandou Saburouta/Original Female Character(s),3,/tags/Bandou%20Saburouta*s*Original%20Female%20Character(s),r
Yukizome Kukuri & Original Female Character(s),0,/tags/Yukizome%20Kukuri%20*a*%20Original%20Female%20Character(s),r
Awashima Seri & Original Female Character(s),0,/tags/Awashima%20Seri%20*a*%20Original%20Female%20Character(s),r
Fushimi Kisa/Fushimi Niki,3,/tags/Fushimi%20Kisa*s*Fushimi%20Niki,r
Fushimi Saruhiko & Original Female Character(s),0,/tags/Fushimi%20Saruhiko%20*a*%20Original%20Female%20Character(s),r
Fushimi Saruhiko & Yata Misaki & Original Female Character(s),0,/tags/Fushimi%20Saruhiko%20*a*%20Yata%20Misaki%20*a*%20Original%20Female%20Character(s),r
Mishina Souta/Yukizome Kukuri,0,/tags/Mishina%20Souta*s*Yukizome%20Kukuri,r
Iwafune Tenkei | Ootori Seigo & Original Female Character(s),0,/tags/Iwafune%20Tenkei%20%7C%20Ootori%20Seigo%20*a*%20Original%20Female%20Character(s),r
Munakata Reishi/Original Female Character(s),0,/tags/Munakata%20Reishi*s*Original%20Female%20Character(s),r
Oogai Aya & Original Female Character(s),0,/tags/Oogai%20Aya%20*a*%20Original%20Female%20Character(s),r
Gojou Sukuna & Original Female Chatacter(s),0,/tags/Gojou%20Sukuna%20*a*%20Original%20Female%20Chatacter(s),r
Jungle | Green Clan Ensemble & Scepter 4 | Blue Clan Ensemble (K),0,/tags/Jungle%20%7C%20Green%20Clan%20Ensemble%20*a*%20Scepter%204%20%7C%20Blue%20Clan%20Ensemble%20(K),r
Iwafune Tenkei | Ootori Seigo/Miwa Ichigen,0,/tags/Iwafune%20Tenkei%20%7C%20Ootori%20Seigo*s*Miwa%20Ichigen,r
Dresden Slate (K),3,/tags/Dresden%20Slate%20(K),f
Saruhiko Fushimi B-Day Exchange,0,/tags/Saruhiko%20Fushimi%20B-Day%20Exchange,f
Blue and Red Clan Swap (K),0,/tags/Blue%20and%20Red%20Clan%20Swap%20(K),f
Kyan Reki & Yata Misaki,1,/tags/Kyan%20Reki%20*a*%20Yata%20Misaki,r
Chitose You/Dewa Masaomi/Original Female Character(s),0,/tags/Chitose%20You*s*Dewa%20Masaomi*s*Original%20Female%20Character(s),r
Episode: s01e08 Kindling (K),0,/tags/Episode:%20s01e08%20Kindling%20(K),f
Akagi Shouhei/Original Female Character(s),3,/tags/Akagi%20Shouhei*s*Original%20Female%20Character(s),r
Fushimi Kisa & Fushimi Niki & Fushimi Saruhiko,0,/tags/Fushimi%20Kisa%20*a*%20Fushimi%20Niki%20*a*%20Fushimi%20Saruhiko,r
Scepter 4 | Blue Clan Ensemble (K) & Original Character(s),0,/tags/Scepter%204%20%7C%20Blue%20Clan%20Ensemble%20(K)%20*a*%20Original%20Character(s),r
CC-1010 | Fox/Munakata Reishi,0,/tags/CC-1010%20%7C%20Fox*s*Munakata%20Reishi,r
MikoTotsu Week 2022,1,/tags/MikoTotsu%20Week%202022,f
Munakata Reishi & Yata Misaki,0,/tags/Munakata%20Reishi%20*a*%20Yata%20Misaki,r
Nakahara Chuuya (Bungou Stray Dogs)/Oogai Aya,0,/tags/Nakahara%20Chuuya%20(Bungou%20Stray%20Dogs)*s*Oogai%20Aya,r
Yatogami Kurou/Everyone,0,/tags/Yatogami%20Kurou*s*Everyone,r
Fushimi Saruhiko/Yatogami Kurou,0,/tags/Fushimi%20Saruhiko*s*Yatogami%20Kurou,r
Hurt Yata Misaki,1,/tags/Hurt%20Yata%20Misaki,f
Protective Suoh Mikoto,2,/tags/Protective%20Suoh%20Mikoto,f
Akiyama Himori/Sawada Tsunayoshi,1,/tags/Akiyama%20Himori*s*Sawada%20Tsunayoshi,r
Kyan Reki & Okumura Rin & Yata Misaki,0,/tags/Kyan%20Reki%20*a*%20Okumura%20Rin%20*a*%20Yata%20Misaki,r
Bandou Saburouta & Doumyouji Andy,1,/tags/Bandou%20Saburouta%20*a*%20Doumyouji%20Andy,r
Mishakuji Yukari/Yata Misaki,0,/tags/Mishakuji%20Yukari*s*Yata%20Misaki,r
Mishakuji Yakari/Yata Misaki,0,/tags/Mishakuji%20Yakari*s*Yata%20Misaki,r
K (Anime) Ensemble/Original Female Character(s),0,/tags/K%20(Anime)%20Ensemble*s*Original%20Female%20Character(s),r
K (Anime) Ensemble/Reader,0,/tags/K%20(Anime)%20Ensemble*s*Reader,r
Mishakuji Yukari & Miwa Ichigen,1,/tags/Mishakuji%20Yukari%20*a*%20Miwa%20Ichigen,r
Hidaka Akira/Munakata Reishi,1,/tags/Hidaka%20Akira*s*Munakata%20Reishi,r
Uwaharu (K),0,/tags/Uwaharu%20(K),c
Chitose You & Kushina Anna,0,/tags/Chitose%20You%20*a*%20Kushina%20Anna,r
HOMRA | Red Clan Ensemble (K) & Kushina Anna,0,/tags/HOMRA%20%7C%20Red%20Clan%20Ensemble%20(K)%20*a*%20Kushina%20Anna,r
Pre-K: Return of Kings,0,/tags/Pre-K:%20Return%20of%20Kings,f
Mishakuji Yukari/Miwa Ichigen,0,/tags/Mishakuji%20Yukari*s*Miwa%20Ichigen,r
Habari Jin/Original Male Character(s),0,/tags/Habari%20Jin*s*Original%20Male%20Character(s),r
Kokujouji Daikaku/Miwa Ichigen,0,/tags/Kokujouji%20Daikaku*s*Miwa%20Ichigen,r
Kokujouji Daikaku/Yatogami Kurou,1,/tags/Kokujouji%20Daikaku*s*Yatogami%20Kurou,r
MikoTotsu Week 2023,6,/tags/MikoTotsu%20Week%202023,f
Dazai Osamu (Bungou Stray Dogs) & Fushimi Saruhiko,0,/tags/Dazai%20Osamu%20(Bungou%20Stray%20Dogs)%20*a*%20Fushimi%20Saruhiko,r
Habari Jin & Original Character(s),0,/tags/Habari%20Jin%20*a*%20Original%20Character(s),r
Kagutsu Genji & Original Character(s),0,/tags/Kagutsu%20Genji%20*a*%20Original%20Character(s),r
Suoh Mikoto & Totsuku Tatara,0,/tags/Suoh%20Mikoto%20*a*%20Totsuku%20Tatara,r
Trans Totsuka Tatara,1,/tags/Trans%20Totsuka%20Tatara,f
Misaki Yata-centric,0,/tags/Misaki%20Yata-centric,f
Fushimi Saruhiko Has Issues,0,/tags/Fushimi%20Saruhiko%20Has%20Issues,f
