tag,count,href,category
Judd (Splatoon),62,/tags/Judd%20(Splatoon),c
Marie (Splatoon),1761,/tags/Marie%20(Splatoon),c
Callie (Splatoon),1624,/tags/Callie%20(Splatoon),c
Agent 3 (Splatoon),1931,/tags/Agent%203%20(Splatoon),c
Annie (Splatoon),23,/tags/Annie%20(Splatoon),c
Spyke (Splatoon),58,/tags/Spyke%20(Splatoon),c
Judd (Splatoon)/Nyabby | Litten,0,/tags/Judd%20(Splatoon)*s*Nyabby%20%7C%20Litten,r
Marie (Splatoon)/Original Character(s),15,/tags/Marie%20(Splatoon)*s*Original%20Character(s),r
Moe (Splatoon),17,/tags/Moe%20(Splatoon),c
Spyke (Splatoon)/Original Character(s),8,/tags/Spyke%20(Splatoon)*s*Original%20Character(s),r
Callie (Splatoon)/Reader,8,/tags/Callie%20(Splatoon)*s*Reader,r
Marie (Splatoon)/Reader,9,/tags/Marie%20(Splatoon)*s*Reader,r
Sheldon (Splatoon),174,/tags/Sheldon%20(Splatoon),c
Squidbeak Splatoon,73,/tags/Squidbeak%20Splatoon,f
Pearl (Splatoon),1545,/tags/Pearl%20(Splatoon),c
Marina (Splatoon),1591,/tags/Marina%20(Splatoon),c
Murch (Splatoon),21,/tags/Murch%20(Splatoon),c
Agent 4 (Splatoon),1444,/tags/Agent%204%20(Splatoon),c
Inkling(s) (Splatoon),597,/tags/Inkling(s)%20(Splatoon),c
Octoling(s) (Splatoon),555,/tags/Octoling(s)%20(Splatoon),c
Annie/Spyke (Splatoon),3,/tags/Annie*s*Spyke%20(Splatoon),r
Callie/Marie (Splatoon),84,/tags/Callie*s*Marie%20(Splatoon),r
Marina/Pearl (Splatoon),1060,/tags/Marina*s*Pearl%20(Splatoon),r
Callie/Marie (Splatoon)/Reader,1,/tags/Callie*s*Marie%20(Splatoon)*s*Reader,r
Callie (Splatoon)/Original Character(s),12,/tags/Callie%20(Splatoon)*s*Original%20Character(s),r
Agent 3/Agent 4 (Splatoon),104,/tags/Agent%203*s*Agent%204%20(Splatoon),r
Inkling(s)/Inkling(s) (Splatoon),41,/tags/Inkling(s)*s*Inkling(s)%20(Splatoon),r
Marina & Pearl (Splatoon),207,/tags/Marina%20*a*%20Pearl%20(Splatoon),r
Inkling(s)/Octoling(s) (Splatoon),135,/tags/Inkling(s)*s*Octoling(s)%20(Splatoon),r
Agent 4/Marie (Splatoon),271,/tags/Agent%204*s*Marie%20(Splatoon),r
Mr. Grizz (Splatoon),137,/tags/Mr*d*%20Grizz%20(Splatoon),c
Marina (Splatoon)/Reader,4,/tags/Marina%20(Splatoon)*s*Reader,r
Agent 3/Callie (Splatoon),23,/tags/Agent%203*s*Callie%20(Splatoon),r
Pearl (Splatoon)/Reader,3,/tags/Pearl%20(Splatoon)*s*Reader,r
Inkling(s) (Splatoon)/Pit (Kid Icarus),1,/tags/Inkling(s)%20(Splatoon)*s*Pit%20(Kid%20Icarus),r
Rider (Splatoon),397,/tags/Rider%20(Splatoon),c
Bamboo (Splatoon),47,/tags/Bamboo%20(Splatoon),c
Gloves (Splatoon),131,/tags/Gloves%20(Splatoon),c
Stealth (Splatoon),56,/tags/Stealth%20(Splatoon),c
Jelonzo (Splatoon),6,/tags/Jelonzo%20(Splatoon),c
Uniform (Splatoon),9,/tags/Uniform%20(Splatoon),c
Pearl (Splatoon)/Other(s),1,/tags/Pearl%20(Splatoon)*s*Other(s),r
Bamboo/Uniform (Splatoon),9,/tags/Bamboo*s*Uniform%20(Splatoon),r
Flow (Splatoon),5,/tags/Flow%20(Splatoon),c
Agent 4/Callie (Splatoon),26,/tags/Agent%204*s*Callie%20(Splatoon),r
Agent 4/Inkling(s) (Splatoon),5,/tags/Agent%204*s*Inkling(s)%20(Splatoon),r
Blue Team (Splatoon),32,/tags/Blue%20Team%20(Splatoon),c
Headphones (Splatoon),140,/tags/Headphones%20(Splatoon),c
Bobble (Splatoon),138,/tags/Bobble%20(Splatoon),c
Agent 3/Agent 8 (Splatoon),1001,/tags/Agent%203*s*Agent%208%20(Splatoon),r
Agent 8 (Splatoon),1760,/tags/Agent%208%20(Splatoon),c
Agent 4/Agent 8 (Splatoon),96,/tags/Agent%204*s*Agent%208%20(Splatoon),r
Army/Rider (Splatoon),5,/tags/Army*s*Rider%20(Splatoon),r
Army (Splatoon),374,/tags/Army%20(Splatoon),c
Goggles/Rider (Splatoon),131,/tags/Goggles*s*Rider%20(Splatoon),r
Goggles (Splatoon),306,/tags/Goggles%20(Splatoon),c
Aloha (Splatoon),507,/tags/Aloha%20(Splatoon),c
Off the Hook (Splatoon),55,/tags/Off%20the%20Hook%20(Splatoon),c
Emperor (Splatoon),236,/tags/Emperor%20(Splatoon),c
Emperor/Gloves (Splatoon),62,/tags/Emperor*s*Gloves%20(Splatoon),r
Inkling(s)/Jellyfish (Splatoon),1,/tags/Inkling(s)*s*Jellyfish%20(Splatoon),r
Agent 4 (Splatoon)/Original Character(s),22,/tags/Agent%204%20(Splatoon)*s*Original%20Character(s),r
Aloha/Army (Splatoon),106,/tags/Aloha*s*Army%20(Splatoon),r
Bobble/Headphones (Splatoon),12,/tags/Bobble*s*Headphones%20(Splatoon),r
Marie/Pearl (Splatoon),1,/tags/Marie*s*Pearl%20(Splatoon),r
Agent 4/Marina (Splatoon),3,/tags/Agent%204*s*Marina%20(Splatoon),r
Marie & Pearl (Splatoon),6,/tags/Marie%20*a*%20Pearl%20(Splatoon),r
Goggles/Rider/Spyke (Splatoon),0,/tags/Goggles*s*Rider*s*Spyke%20(Splatoon),r
Salmon Run (Splatoon),92,/tags/Salmon%20Run%20(Splatoon),f
Splatfest (Splatoon),89,/tags/Splatfest%20(Splatoon),f
Callie/DJ Octavio (Splatoon),3,/tags/Callie*s*DJ%20Octavio%20(Splatoon),r
Agent 8/Marina (Splatoon),12,/tags/Agent%208*s*Marina%20(Splatoon),r
Dedf1sh (Splatoon),157,/tags/Dedf1sh%20(Splatoon),c
Mask (Splatoon),381,/tags/Mask%20(Splatoon),c
Inkling(s)/Salmonid(s) (Splatoon),26,/tags/Inkling(s)*s*Salmonid(s)%20(Splatoon),r
Chara (Undertale) & Inkling(s) (Splatoon),0,/tags/Chara%20(Undertale)%20*a*%20Inkling(s)%20(Splatoon),r
Marty McFly & Sheldon (Splatoon),0,/tags/Marty%20McFly%20*a*%20Sheldon%20(Splatoon),r
Inkling(s) (Splatoon) & Marty McFly,0,/tags/Inkling(s)%20(Splatoon)%20*a*%20Marty%20McFly,r
Iso Padre,41,/tags/Iso%20Padre,c
Toni Kensa,3,/tags/Toni%20Kensa,c
Agent 4 (Splatoon)/Sonic the Hedgehog,1,/tags/Agent%204%20(Splatoon)*s*Sonic%20the%20Hedgehog,r
C. Q. Cumber,80,/tags/C*d*%20Q*d*%20Cumber,c
Inklings(s)/Inkling(s) (Splatoon),20,/tags/Inklings(s)*s*Inkling(s)%20(Splatoon),r
Agent 3 & Agent 4 (Splatoon),123,/tags/Agent%203%20*a*%20Agent%204%20(Splatoon),r
Agent 4 & Agent 8 (Splatoon),113,/tags/Agent%204%20*a*%20Agent%208%20(Splatoon),r
Annie & Spyke (Splatoon),2,/tags/Annie%20*a*%20Spyke%20(Splatoon),r
Callie/Dedf1sh (Splatoon),69,/tags/Callie*s*Dedf1sh%20(Splatoon),r
Pre-Splatoon 2,52,/tags/Pre-Splatoon%202,f
Octo Expansion DLC,96,/tags/Octo%20Expansion%20DLC,f
Octo Expansion DLC Spoilers,99,/tags/Octo%20Expansion%20DLC%20Spoilers,f
Post-Octo Expansion DLC,211,/tags/Post-Octo%20Expansion%20DLC,f
Agent 3/Agent 4/Agent 8 (Splatoon),42,/tags/Agent%203*s*Agent%204*s*Agent%208%20(Splatoon),r
Callie & Marie (Splatoon),187,/tags/Callie%20*a*%20Marie%20(Splatoon),r
Callie/Inkling(s) (Splatoon),1,/tags/Callie*s*Inkling(s)%20(Splatoon),r
C. Q. Cumber/Original Character(s),0,/tags/C*d*%20Q*d*%20Cumber*s*Original%20Character(s),r
Salmonid(s) (Splatoon),145,/tags/Salmonid(s)%20(Splatoon),c
Flow/Inkling(s) (Splatoon),0,/tags/Flow*s*Inkling(s)%20(Splatoon),r
Marina (Splatoon)/Original Character(s),7,/tags/Marina%20(Splatoon)*s*Original%20Character(s),r
Octoling(s) (Splatoon)/Reader,1,/tags/Octoling(s)%20(Splatoon)*s*Reader,r
Splatoon (Manga),59,/tags/Splatoon%20(Manga),f
Post-Splatoon 2,111,/tags/Post-Splatoon%202,f
Marina (Splatoon) & Original Character(s),1,/tags/Marina%20(Splatoon)%20*a*%20Original%20Character(s),r
Hero Mode (Splatoon),108,/tags/Hero%20Mode%20(Splatoon),f
Jelfonzo (Splatoon),4,/tags/Jelfonzo%20(Splatoon),c
Straw (Splatoon),42,/tags/Straw%20(Splatoon),c
Steelhead(s) (Splatoon),1,/tags/Steelhead(s)%20(Splatoon),c
Octoglasses (Splatoon),42,/tags/Octoglasses%20(Splatoon),c
Snorkel (Splatoon),72,/tags/Snorkel%20(Splatoon),c
Skull (Splatoon),360,/tags/Skull%20(Splatoon),c
Crusty Sean (Splatoon),25,/tags/Crusty%20Sean%20(Splatoon),c
Male Inkling(s) (Splatoon),117,/tags/Male%20Inkling(s)%20(Splatoon),c
Female Inkling(s) (Splatoon),135,/tags/Female%20Inkling(s)%20(Splatoon),c
Inkling(s)/Other(s) (Splatoon),0,/tags/Inkling(s)*s*Other(s)%20(Splatoon),r
Jellyfish (Splatoon),9,/tags/Jellyfish%20(Splatoon),c
Aloha/Mask (Splatoon),50,/tags/Aloha*s*Mask%20(Splatoon),r
Bobble/Mask (Splatoon),17,/tags/Bobble*s*Mask%20(Splatoon),r
Gloves/Half-Rim (Splatoon),12,/tags/Gloves*s*Half-Rim%20(Splatoon),r
Half-Rim (Splatoon),37,/tags/Half-Rim%20(Splatoon),c
Octarian(s) (Splatoon),65,/tags/Octarian(s)%20(Splatoon),c
Octoling(s) (Splatoon)/Other(s),3,/tags/Octoling(s)%20(Splatoon)*s*Other(s),r
Established Marina/Pearl (Splatoon),20,/tags/Established%20Marina*s*Pearl%20(Splatoon),f
Minor Marina/Pearl (Splatoon),22,/tags/Minor%20Marina*s*Pearl%20(Splatoon),f
Lesbian Cephalopods (Splatoon),197,/tags/Lesbian%20Cephalopods%20(Splatoon),f
Alternate Universe - Sanitized Characters (Splatoon),22,/tags/Alternate%20Universe%20-%20Sanitized%20Characters%20(Splatoon),f
Pearl (Splatoon) Swears,19,/tags/Pearl%20(Splatoon)%20Swears,f
Agent 3 & Agent 8 (Splatoon),283,/tags/Agent%203%20*a*%20Agent%208%20(Splatoon),r
Rainmaker (Splatoon),2,/tags/Rainmaker%20(Splatoon),f
Turf War (Splatoon),30,/tags/Turf%20War%20(Splatoon),f
Jersey (Splatoon),25,/tags/Jersey%20(Splatoon),c
Bobble/Glasses/Headphones (Splatoon),0,/tags/Bobble*s*Glasses*s*Headphones%20(Splatoon),r
DJ Octavio (Splatoon),248,/tags/DJ%20Octavio%20(Splatoon),c
Headphones/N-Pacer (Splatoon),9,/tags/Headphones*s*N-Pacer%20(Splatoon),r
Li'l Judd (Splatoon),31,/tags/Li'l%20Judd%20(Splatoon),c
Prince (Splatoon),117,/tags/Prince%20(Splatoon),c
N-Pacer (Splatoon),58,/tags/N-Pacer%20(Splatoon),c
Aloha/Straw (Splatoon),0,/tags/Aloha*s*Straw%20(Splatoon),r
Aloha/Octoglasses (Splatoon),0,/tags/Aloha*s*Octoglasses%20(Splatoon),r
Aloha/Snorkel (Splatoon),16,/tags/Aloha*s*Snorkel%20(Splatoon),r
Agent 3/Callie/Marie (Splatoon),0,/tags/Agent%203*s*Callie*s*Marie%20(Splatoon),r
Aviators (Splatoon),96,/tags/Aviators%20(Splatoon),c
Squid Sisters (Splatoon),92,/tags/Squid%20Sisters%20(Splatoon),c
Headphones & Skull (Splatoon),4,/tags/Headphones%20*a*%20Skull%20(Splatoon),r
Forge Octarian Jacket (Splatoon),39,/tags/Forge%20Octarian%20Jacket%20(Splatoon),c
Designer Headphones (Splatoon),34,/tags/Designer%20Headphones%20(Splatoon),c
Straps (Splatoon),13,/tags/Straps%20(Splatoon),c
Commander Tartar (Splatoon),173,/tags/Commander%20Tartar%20(Splatoon),c
Safari Hat (Splatoon),13,/tags/Safari%20Hat%20(Splatoon),c
Aloha/Safari Hat (Splatoon),2,/tags/Aloha*s*Safari%20Hat%20(Splatoon),r
Tetrox Gorgonzola/Arnick Stilton,14,/tags/Tetrox%20Gorgonzola*s*Arnick%20Stilton,r
Tetrox Gorgonzola,27,/tags/Tetrox%20Gorgonzola,c
Arnick Stilton,27,/tags/Arnick%20Stilton,c
Olive (Splatoon),1,/tags/Olive%20(Splatoon),c
Inkling(s) (Splatoon) & Pikachu (Pokemon),0,/tags/Inkling(s)%20(Splatoon)%20*a*%20Pikachu%20(Pokemon),r
Inkfall (Splatoon),10,/tags/Inkfall%20(Splatoon),c
Agent 8/Sea Angel (Splatoon),2,/tags/Agent%208*s*Sea%20Angel%20(Splatoon),r
Elite Octoling(s) (Splatoon),67,/tags/Elite%20Octoling(s)%20(Splatoon),c
Inkling(s) (Splatoon)/Ridley (Metroid),0,/tags/Inkling(s)%20(Splatoon)*s*Ridley%20(Metroid),r
Backwards (Splatoon),11,/tags/Backwards%20(Splatoon),c
Female Inkling(s) (Splatoon)/Link (Legend of Zelda),4,/tags/Female%20Inkling(s)%20(Splatoon)*s*Link%20(Legend%20of%20Zelda),r
Aloha/Rider (Splatoon),23,/tags/Aloha*s*Rider%20(Splatoon),r
Dark Pit (Kid Icarus) & Inkling(s) (Splatoon) & Shizue | Isabelle,1,/tags/Dark%20Pit%20(Kid%20Icarus)%20*a*%20Inkling(s)%20(Splatoon)%20*a*%20Shizue%20%7C%20Isabelle,r
Mask/Skull (Splatoon),19,/tags/Mask*s*Skull%20(Splatoon),r
Full Moon Glasses (Splatoon),44,/tags/Full%20Moon%20Glasses%20(Splatoon),c
Emperor/Rider (Splatoon),25,/tags/Emperor*s*Rider%20(Splatoon),r
Agent 8/Pearl (Splatoon),3,/tags/Agent%208*s*Pearl%20(Splatoon),r
Team Inkfall (Splatoon),6,/tags/Team%20Inkfall%20(Splatoon),c
Knit Hat (Splatoon),4,/tags/Knit%20Hat%20(Splatoon),c
Backwards/Snorkel (Splatoon),1,/tags/Backwards*s*Snorkel%20(Splatoon),r
W-Sailor (Splatoon),23,/tags/W-Sailor%20(Splatoon),c
Piranha Facemask (Splatoon),1,/tags/Piranha%20Facemask%20(Splatoon),c
Sea Angel(s) (Splatoon),1,/tags/Sea%20Angel(s)%20(Splatoon),c
Paisley (Splatoon),22,/tags/Paisley%20(Splatoon),c
Inkling(s) (Splatoon)/Nana (Ice Climber),4,/tags/Inkling(s)%20(Splatoon)*s*Nana%20(Ice%20Climber),r
Goggles/Prince (Splatoon),2,/tags/Goggles*s*Prince%20(Splatoon),r
Inkling(s) & Inkling(s) (Splatoon),8,/tags/Inkling(s)%20*a*%20Inkling(s)%20(Splatoon),r
Grizzco Industries,13,/tags/Grizzco%20Industries,c
Inkling(s) (Splatoon)/Ken Masters,0,/tags/Inkling(s)%20(Splatoon)*s*Ken%20Masters,r
Agent 8/Marie (Splatoon),0,/tags/Agent%208*s*Marie%20(Splatoon),r
Eging Jr. | Squidkid Jr.,55,/tags/Eging%20Jr*d*%20%7C%20Squidkid%20Jr*d*,c
Aloha/Eging Jr. | Squidkid Jr.,1,/tags/Aloha*s*Eging%20Jr*d*%20%7C%20Squidkid%20Jr*d*,r
Eging Jr. | Squidkid Jr./Emperor,8,/tags/Eging%20Jr*d*%20%7C%20Squidkid%20Jr*d**s*Emperor,r
Aloha/Goggles (Splatoon),1,/tags/Aloha*s*Goggles%20(Splatoon),r
Army/Skull (Splatoon),12,/tags/Army*s*Skull%20(Splatoon),r
Agent 8/Marina/Pearl (Splatoon),1,/tags/Agent%208*s*Marina*s*Pearl%20(Splatoon),r
Vintage (Splatoon),104,/tags/Vintage%20(Splatoon),c
Omega (Splatoon),65,/tags/Omega%20(Splatoon),c
Cleats (Splatoon),1,/tags/Cleats%20(Splatoon),c
Kirby (Kirby) & Inkling(s) (Splatoon),2,/tags/Kirby%20(Kirby)%20*a*%20Inkling(s)%20(Splatoon),r
B-Sailor (Splatoon),22,/tags/B-Sailor%20(Splatoon),c
School Asymmetry (Splatoon),10,/tags/School%20Asymmetry%20(Splatoon),c
Squid Stitch | Stitch,19,/tags/Squid%20Stitch%20%7C%20Stitch,c
Gloves/Prince (Splatoon),2,/tags/Gloves*s*Prince%20(Splatoon),r
Octostomp (Splatoon),2,/tags/Octostomp%20(Splatoon),c
Agent 4 & Marie (Splatoon),123,/tags/Agent%204%20*a*%20Marie%20(Splatoon),r
Octoglasses/Straw (Splatoon),4,/tags/Octoglasses*s*Straw%20(Splatoon),r
Snorkel & W-Sailor (Splatoon),1,/tags/Snorkel%20*a*%20W-Sailor%20(Splatoon),r
Inkling(s) (Splatoon) & Villager (Animal Crossing),0,/tags/Inkling(s)%20(Splatoon)%20*a*%20Villager%20(Animal%20Crossing),r
Inkling(s) (Splatoon) & Mayor (Animal Crossing),0,/tags/Inkling(s)%20(Splatoon)%20*a*%20Mayor%20(Animal%20Crossing),r
Gas Mask (Splatoon),1,/tags/Gas%20Mask%20(Splatoon),c
Beanie (Splatoon),0,/tags/Beanie%20(Splatoon),c
B-Sailor & W-Sailor (Splatoon),3,/tags/B-Sailor%20*a*%20W-Sailor%20(Splatoon),r
Cyanthia Laguiole,11,/tags/Cyanthia%20Laguiole,c
Agent 3/Marie (Splatoon),17,/tags/Agent%203*s*Marie%20(Splatoon),r
Original Splatoon Character(s),652,/tags/Original%20Splatoon%20Character(s),c
Vader (Splatoon),5,/tags/Vader%20(Splatoon),c
Wet Floor (Splatoon),7,/tags/Wet%20Floor%20(Splatoon),c
Agent 8/Commander Tartar (Splatoon),3,/tags/Agent%208*s*Commander%20Tartar%20(Splatoon),r
Laceless (Splatoon),23,/tags/Laceless%20(Splatoon),c
Double Egg (Splatoon),47,/tags/Double%20Egg%20(Splatoon),c
Red Sole (Splatoon),39,/tags/Red%20Sole%20(Splatoon),c
Marian Camembert,11,/tags/Marian%20Camembert,c
Vadelma Lappi,8,/tags/Vadelma%20Lappi,c
Skull/Vintage (Splatoon),21,/tags/Skull*s*Vintage%20(Splatoon),r
Aviators/Skull (Splatoon),31,/tags/Aviators*s*Skull%20(Splatoon),r
Clip-ons (Splatoon),9,/tags/Clip-ons%20(Splatoon),c
Octobomber (Splatoon),0,/tags/Octobomber%20(Splatoon),c
Aviators/Snorkel (Splatoon),8,/tags/Aviators*s*Snorkel%20(Splatoon),r
Mask & Omega (Splatoon),2,/tags/Mask%20*a*%20Omega%20(Splatoon),r
Aloha/Skull (Splatoon),7,/tags/Aloha*s*Skull%20(Splatoon),r
Emperor/Glasses | Specs (Splatoon),5,/tags/Emperor*s*Glasses%20%7C%20Specs%20(Splatoon),r
Agent 4/Callie/Marie (Splatoon),1,/tags/Agent%204*s*Callie*s*Marie%20(Splatoon),r
Male Octoling(s) (Splatoon),17,/tags/Male%20Octoling(s)%20(Splatoon),c
Belladonna Saltbush,16,/tags/Belladonna%20Saltbush,c
Headphones/Skull (Splatoon),11,/tags/Headphones*s*Skull%20(Splatoon),r
Marian Camembert/Belladonna Saltbush,2,/tags/Marian%20Camembert*s*Belladonna%20Saltbush,r
Paintball Mask (Splatoon),0,/tags/Paintball%20Mask%20(Splatoon),c
Agent 3 & Agent 4 & Agent 8 (Splatoon),78,/tags/Agent%203%20*a*%20Agent%204%20*a*%20Agent%208%20(Splatoon),r
Headphones/Paisley (Splatoon),0,/tags/Headphones*s*Paisley%20(Splatoon),r
Trans Marina (Splatoon),15,/tags/Trans%20Marina%20(Splatoon),f
Cafe Cardamari Tales (Splatoon),0,/tags/Cafe%20Cardamari%20Tales%20(Splatoon),f
Squid Sisters (Splatoon)/Reader,0,/tags/Squid%20Sisters%20(Splatoon)*s*Reader,r
Taloupe Pecorino,2,/tags/Taloupe%20Pecorino,c
Kirsikka Lappi,1,/tags/Kirsikka%20Lappi,c
Goggles/Mask (Splatoon),1,/tags/Goggles*s*Mask%20(Splatoon),r
Army/Goggles (Splatoon),1,/tags/Army*s*Goggles%20(Splatoon),r
Goggles/Skull (Splatoon),1,/tags/Goggles*s*Skull%20(Splatoon),r
Bamboo/Stealth (Splatoon),10,/tags/Bamboo*s*Stealth%20(Splatoon),r
Aviators/Forge Octarian Jacket (Splatoon),0,/tags/Aviators*s*Forge%20Octarian%20Jacket%20(Splatoon),r
School Bun | School Dango,1,/tags/School%20Bun%20%7C%20School%20Dango,c
Backwards/Safari Hat (Splatoon),2,/tags/Backwards*s*Safari%20Hat%20(Splatoon),r
Hachi | Eight (Splatoon),49,/tags/Hachi%20%7C%20Eight%20(Splatoon),c
Nana | Seven (Splatoon),12,/tags/Nana%20%7C%20Seven%20(Splatoon),c
Agent 3 (Splatoon)/Bakugou Katsuki,0,/tags/Agent%203%20(Splatoon)*s*Bakugou%20Katsuki,r
Agent 4 & Callie (Splatoon),50,/tags/Agent%204%20*a*%20Callie%20(Splatoon),r
Agent 3/Agent 8/Callie (Splatoon),0,/tags/Agent%203*s*Agent%208*s*Callie%20(Splatoon),r
Takoroka | Tako (Splatoon),1,/tags/Takoroka%20%7C%20Tako%20(Splatoon),c
Team X-Blood (Splatoon),10,/tags/Team%20X-Blood%20(Splatoon),c
Team Yellow (Splatoon),0,/tags/Team%20Yellow%20(Splatoon),c
Aloha/Emperor (Splatoon),2,/tags/Aloha*s*Emperor%20(Splatoon),r
Aloha/Army/Mask/Skull (Splatoon),43,/tags/Aloha*s*Army*s*Mask*s*Skull%20(Splatoon),r
Emperor (Splatoon)/Original Character(s),5,/tags/Emperor%20(Splatoon)*s*Original%20Character(s),r
Goggles/Hachi | Eight/Rider (Splatoon),4,/tags/Goggles*s*Hachi%20%7C%20Eight*s*Rider%20(Splatoon),r
Army/Mask (Splatoon),7,/tags/Army*s*Mask%20(Splatoon),r
Goggles (Splatoon)/Undisclosed,0,/tags/Goggles%20(Splatoon)*s*Undisclosed,r
Agent 3 (Splatoon)/Original Character(s),13,/tags/Agent%203%20(Splatoon)*s*Original%20Character(s),r
Glasses | Specs/Goggles (Splatoon),10,/tags/Glasses%20%7C%20Specs*s*Goggles%20(Splatoon),r
Glasses | Specs/Goggles/Rider (Splatoon),2,/tags/Glasses%20%7C%20Specs*s*Goggles*s*Rider%20(Splatoon),r
Agent 8/Toni Kensa (Splatoon),0,/tags/Agent%208*s*Toni%20Kensa%20(Splatoon),r
Aviators/Glasses | Specs/Half-Rim (Splatoon),1,/tags/Aviators*s*Glasses%20%7C%20Specs*s*Half-Rim%20(Splatoon),r
Designer Headphones/Mask (Splatoon),2,/tags/Designer%20Headphones*s*Mask%20(Splatoon),r
Female Inkling(s) (Splatoon) & Toon Link,0,/tags/Female%20Inkling(s)%20(Splatoon)%20*a*%20Toon%20Link,r
Agent 3/DJ Octavio (Splatoon),0,/tags/Agent%203*s*DJ%20Octavio%20(Splatoon),r
Agent 4 (Splatoon) & Original Character(s),17,/tags/Agent%204%20(Splatoon)%20*a*%20Original%20Character(s),r
Agent 4 & DJ Octavio (Splatoon),8,/tags/Agent%204%20*a*%20DJ%20Octavio%20(Splatoon),r
Agent 4 (Splatoon)/Undisclosed,0,/tags/Agent%204%20(Splatoon)*s*Undisclosed,r
Agent 8 & Iso Padre (Splatoon),5,/tags/Agent%208%20*a*%20Iso%20Padre%20(Splatoon),r
Agent 8 & Marina (Splatoon),24,/tags/Agent%208%20*a*%20Marina%20(Splatoon),r
Agent 8 (Splatoon) & Original Character(s),14,/tags/Agent%208%20(Splatoon)%20*a*%20Original%20Character(s),r
Agent 4 (Splatoon)/Original Female Character(s),3,/tags/Agent%204%20(Splatoon)*s*Original%20Female%20Character(s),r
Agent 8 & Pearl (Splatoon),15,/tags/Agent%208%20*a*%20Pearl%20(Splatoon),r
Agent 8/Dedf1hs (Splatoon),2,/tags/Agent%208*s*Dedf1hs%20(Splatoon),r
Agent 3/Agent 8 (Splatoon)/Original Character(s),0,/tags/Agent%203*s*Agent%208%20(Splatoon)*s*Original%20Character(s),r
Aloha & Snorkel (Splatoon),0,/tags/Aloha%20*a*%20Snorkel%20(Splatoon),r
Aloha/Glasses | Specs (Splatoon),0,/tags/Aloha*s*Glasses%20%7C%20Specs%20(Splatoon),r
Aloha/Aloha (Splatoon),0,/tags/Aloha*s*Aloha%20(Splatoon),r
Aloha/Army/Snorkel (Splatoon),0,/tags/Aloha*s*Army*s*Snorkel%20(Splatoon),r
Army/Forge Octarian Jacket (Splatoon),0,/tags/Army*s*Forge%20Octarian%20Jacket%20(Splatoon),r
Army/Glasses | Specs,4,/tags/Army*s*Glasses%20%7C%20Specs,r
Aloha & Aviators (Splatoon),0,/tags/Aloha%20*a*%20Aviators%20(Splatoon),r
Aviators & Paisley (Splatoon),1,/tags/Aviators%20*a*%20Paisley%20(Splatoon),r
Aviators/Designer Headphones (Splatoon),0,/tags/Aviators*s*Designer%20Headphones%20(Splatoon),r
Aviators/Octoglasses (Splatoon),0,/tags/Aviators*s*Octoglasses%20(Splatoon),r
Agent 3 & Pearl (Splatoon),5,/tags/Agent%203%20*a*%20Pearl%20(Splatoon),r
Sanitized Octoling(s) (Splatoon),19,/tags/Sanitized%20Octoling(s)%20(Splatoon),c
Callie/Marina (Splatoon),6,/tags/Callie*s*Marina%20(Splatoon),r
Commander Tartar (Splatoon)/Original Character(s),3,/tags/Commander%20Tartar%20(Splatoon)*s*Original%20Character(s),r
Emperor/N-Pacer (Splatoon),4,/tags/Emperor*s*N-Pacer%20(Splatoon),r
Inkling(s) & Octoling(s) (Splatoon),24,/tags/Inkling(s)%20*a*%20Octoling(s)%20(Splatoon),r
Army (Splatoon)/Reader,2,/tags/Army%20(Splatoon)*s*Reader,r
Emperor/Goggles (Splatoon),3,/tags/Emperor*s*Goggles%20(Splatoon),r
Designer Headphones/Snorkel (Splatoon),0,/tags/Designer%20Headphones*s*Snorkel%20(Splatoon),r
N-Pacer (Splatoon)/Original Character(s),1,/tags/N-Pacer%20(Splatoon)*s*Original%20Character(s),r
Aloha/Designer Headphones (Splatoon),0,/tags/Aloha*s*Designer%20Headphones%20(Splatoon),r
Agent 3/Octoling(s) (Splatoon),7,/tags/Agent%203*s*Octoling(s)%20(Splatoon),r
Aviators & Skull (Splatoon),4,/tags/Aviators%20*a*%20Skull%20(Splatoon),r
B-Sailor & Octoglasses (Splatoon),0,/tags/B-Sailor%20*a*%20Octoglasses%20(Splatoon),r
Emperor/Skull (Splatoon),0,/tags/Emperor*s*Skull%20(Splatoon),r
Arrow (Splatoon),4,/tags/Arrow%20(Splatoon),c
Amamiya Ren (Persona Series)/Inkling(s) (Splatoon),0,/tags/Amamiya%20Ren%20(Persona%20Series)*s*Inkling(s)%20(Splatoon),r
Ponytail (Splatoon),7,/tags/Ponytail%20(Splatoon),c
Marina (Splatoon)/Original Male Character(s),0,/tags/Marina%20(Splatoon)*s*Original%20Male%20Character(s),r
Marina (Splatoon)/Vian Treston,1,/tags/Marina%20(Splatoon)*s*Vian%20Treston,r
Callie & Pearl (Splatoon),5,/tags/Callie%20*a*%20Pearl%20(Splatoon),r
Goggles/Hachi | Eight (Splatoon),6,/tags/Goggles*s*Hachi%20%7C%20Eight%20(Splatoon),r
Inkling(s) (Splatoon) & Nana (Ice Climber) & Villager (Animal Crossing),0,/tags/Inkling(s)%20(Splatoon)%20*a*%20Nana%20(Ice%20Climber)%20*a*%20Villager%20(Animal%20Crossing),r
Richter Belmont/Female Inkling(s) (Splatoon),0,/tags/Richter%20Belmont*s*Female%20Inkling(s)%20(Splatoon),r
Pearlina Week (Splatoon),28,/tags/Pearlina%20Week%20(Splatoon),f
Aloha/Vintage (Splatoon),0,/tags/Aloha*s*Vintage%20(Splatoon),r
Mask/Vintage (Splatoon),0,/tags/Mask*s*Vintage%20(Splatoon),r
Skull & Vintage (Splatoon),9,/tags/Skull%20*a*%20Vintage%20(Splatoon),r
Forge Octarian Jacket/W-Sailor (Splatoon),3,/tags/Forge%20Octarian%20Jacket*s*W-Sailor%20(Splatoon),r
Jersey/Squid Stitch | Stitch,0,/tags/Jersey*s*Squid%20Stitch%20%7C%20Stitch,r
Paisley/Squid Stitch | Stitch,5,/tags/Paisley*s*Squid%20Stitch%20%7C%20Stitch,r
Glasses | Specs/Skull (Splatoon),1,/tags/Glasses%20%7C%20Specs*s*Skull%20(Splatoon),r
Aloha & Skull (Splatoon),4,/tags/Aloha%20*a*%20Skull%20(Splatoon),r
Rider/Stealth (Splatoon),9,/tags/Rider*s*Stealth%20(Splatoon),r
Prince/Rider (Splatoon),0,/tags/Prince*s*Rider%20(Splatoon),r
Bamboo/Rider (Splatoon),1,/tags/Bamboo*s*Rider%20(Splatoon),r
Aviators/Rider (Splatoon),0,/tags/Aviators*s*Rider%20(Splatoon),r
Cyanthia Laguiole/Belladonna Saltbush,0,/tags/Cyanthia%20Laguiole*s*Belladonna%20Saltbush,r
Tentakook (Splatoon),0,/tags/Tentakook%20(Splatoon),c
Octotrooper (Splatoon),3,/tags/Octotrooper%20(Splatoon),c
Denizens of the Deep (Splatoon),5,/tags/Denizens%20of%20the%20Deep%20(Splatoon),c
Diss-Pair (Splatoon),29,/tags/Diss-Pair%20(Splatoon),c
Marian Camembert/Vadelma Lappi,2,/tags/Marian%20Camembert*s*Vadelma%20Lappi,r
Inkling(s) (Splatoon)/Lucas (Mother 3),3,/tags/Inkling(s)%20(Splatoon)*s*Lucas%20(Mother%203),r
Mask (Splatoon)/Original Character(s),0,/tags/Mask%20(Splatoon)*s*Original%20Character(s),r
Female Inkling(s) (Splatoon)/Nana (Ice Climber),0,/tags/Female%20Inkling(s)%20(Splatoon)*s*Nana%20(Ice%20Climber),r
Inkling(s) (Splatoon)/Popo (Ice Climber),0,/tags/Inkling(s)%20(Splatoon)*s*Popo%20(Ice%20Climber),r
Male Inkling(s) (Splatoon)/Popo (Ice Climber),0,/tags/Male%20Inkling(s)%20(Splatoon)*s*Popo%20(Ice%20Climber),r
Emperor & Skull (Splatoon),0,/tags/Emperor%20*a*%20Skull%20(Splatoon),r
Mizole/Ryan (Splatoon),0,/tags/Mizole*s*Ryan%20(Splatoon),r
Rider/School Asymmetry (Splatoon),4,/tags/Rider*s*School%20Asymmetry%20(Splatoon),r
Rider & Stealth (Splatoon),1,/tags/Rider%20*a*%20Stealth%20(Splatoon),r
Emperor & Rider (Splatoon),1,/tags/Emperor%20*a*%20Rider%20(Splatoon),r
Army & Rider (Splatoon),2,/tags/Army%20*a*%20Rider%20(Splatoon),r
Aloha (Splatoon)/Reader,5,/tags/Aloha%20(Splatoon)*s*Reader,r
Laceless/Prince (Splatoon),10,/tags/Laceless*s*Prince%20(Splatoon),r
Emperor & Prince (Splatoon),9,/tags/Emperor%20*a*%20Prince%20(Splatoon),r
Hachi | Eight/Prince (Splatoon),0,/tags/Hachi%20%7C%20Eight*s*Prince%20(Splatoon),r
Full Moon Glasses (Splatoon)/Paisley (Splatoon),0,/tags/Full%20Moon%20Glasses%20(Splatoon)*s*Paisley%20(Splatoon),r
Marian Camembert & Vadelma Lappi,0,/tags/Marian%20Camembert%20*a*%20Vadelma%20Lappi,r
Cosmo Morcella,2,/tags/Cosmo%20Morcella,c
Cosmo Morcella/Taloupe Pecorino,1,/tags/Cosmo%20Morcella*s*Taloupe%20Pecorino,r
Agent 8 (Splatoon)/Original Character(s),5,/tags/Agent%208%20(Splatoon)*s*Original%20Character(s),r
Omega/Red Sole (Splatoon),8,/tags/Omega*s*Red%20Sole%20(Splatoon),r
Burns (Splatoon),2,/tags/Burns%20(Splatoon),c
Burns/Nana | Seven/Ponytail (Splatoon),0,/tags/Burns*s*Nana%20%7C%20Seven*s*Ponytail%20(Splatoon),r
Aloha & Army & Mask & Skull (Splatoon),17,/tags/Aloha%20*a*%20Army%20*a*%20Mask%20*a*%20Skull%20(Splatoon),r
Agent 4 & Marina (Splatoon),1,/tags/Agent%204%20*a*%20Marina%20(Splatoon),r
Agent 3 & Marina (Splatoon),3,/tags/Agent%203%20*a*%20Marina%20(Splatoon),r
Agent 4/Dedf1sh/Marie (Splatoon),0,/tags/Agent%204*s*Dedf1sh*s*Marie%20(Splatoon),r
Agent 3 & Marie (Splatoon),26,/tags/Agent%203%20*a*%20Marie%20(Splatoon),r
Goggles/Headphones (Splatoon),1,/tags/Goggles*s*Headphones%20(Splatoon),r
Goggles/Vintage (Splatoon),0,/tags/Goggles*s*Vintage%20(Splatoon),r
Goggles/Half-Rim (Splatoon),0,/tags/Goggles*s*Half-Rim%20(Splatoon),r
Gloves/Goggles (Splatoon),0,/tags/Gloves*s*Goggles%20(Splatoon),r
Eging Jr. | Squidkid Jr./Goggles,0,/tags/Eging%20Jr*d*%20%7C%20Squidkid%20Jr*d**s*Goggles,r
Goggles & Rider (Splatoon),13,/tags/Goggles%20*a*%20Rider%20(Splatoon),r
Inkling(s) (Splatoon)/Other(s),0,/tags/Inkling(s)%20(Splatoon)*s*Other(s),r
Emperor & Goggles (Splatoon),0,/tags/Emperor%20*a*%20Goggles%20(Splatoon),r
Gloves/Straw (Splatoon),0,/tags/Gloves*s*Straw%20(Splatoon),r
Aloha/Gloves (Splatoon),0,/tags/Aloha*s*Gloves%20(Splatoon),r
Full Moon Glasses/Jersey (Splatoon),2,/tags/Full%20Moon%20Glasses*s*Jersey%20(Splatoon),r
Aviators/Full Moon Glasses (Splatoon),0,/tags/Aviators*s*Full%20Moon%20Glasses%20(Splatoon),r
Full Moon Glasses & Mask (Splatoon),1,/tags/Full%20Moon%20Glasses%20*a*%20Mask%20(Splatoon),r
B-Sailor & Forge Octarian Jacket (Splatoon),1,/tags/B-Sailor%20*a*%20Forge%20Octarian%20Jacket%20(Splatoon),r
Army & Forge Octarian Jacket (Splatoon),2,/tags/Army%20*a*%20Forge%20Octarian%20Jacket%20(Splatoon),r
Crusty Sean/Flow (Splatoon),0,/tags/Crusty%20Sean*s*Flow%20(Splatoon),r
Emperor/Vintage (Splatoon),8,/tags/Emperor*s*Vintage%20(Splatoon),r
Emperor/Prince (Splatoon),1,/tags/Emperor*s*Prince%20(Splatoon),r
Eging Jr. | Squidkid Jr./Rider,0,/tags/Eging%20Jr*d*%20%7C%20Squidkid%20Jr*d**s*Rider,r
Eging Jr. | Squidkid Jr./Prince,4,/tags/Eging%20Jr*d*%20%7C%20Squidkid%20Jr*d**s*Prince,r
Eging Jr. | Squidkid Jr. & N-Pacer,1,/tags/Eging%20Jr*d*%20%7C%20Squidkid%20Jr*d*%20*a*%20N-Pacer,r
Double Egg/Vintage (Splatoon),10,/tags/Double%20Egg*s*Vintage%20(Splatoon),r
Forge Octarian Jacket/Snorkel (Splatoon),0,/tags/Forge%20Octarian%20Jacket*s*Snorkel%20(Splatoon),r
Aviators/Designer Headphones/Snorkel (Splatoon),2,/tags/Aviators*s*Designer%20Headphones*s*Snorkel%20(Splatoon),r
Clip-ons/Octoglasses/Straps (Splatoon),0,/tags/Clip-ons*s*Octoglasses*s*Straps%20(Splatoon),r
Callie & Commander Tartar (Splatoon),0,/tags/Callie%20*a*%20Commander%20Tartar%20(Splatoon),r
Callie & Marie & Marina & Pearl (Splatoon),10,/tags/Callie%20*a*%20Marie%20*a*%20Marina%20*a*%20Pearl%20(Splatoon),r
Backwards/Rider (Splatoon),0,/tags/Backwards*s*Rider%20(Splatoon),r
Inkling(s) (Splatoon)/Reader,1,/tags/Inkling(s)%20(Splatoon)*s*Reader,r
Aloha/Half-Rim (Splatoon),0,/tags/Aloha*s*Half-Rim%20(Splatoon),r
Aloha & Rider (Splatoon),4,/tags/Aloha%20*a*%20Rider%20(Splatoon),r
Bottom Agent 3 (Splatoon),0,/tags/Bottom%20Agent%203%20(Splatoon),f
Female Agent 3 (Splatoon),176,/tags/Female%20Agent%203%20(Splatoon),f
Female Agent 4 (Splatoon),158,/tags/Female%20Agent%204%20(Splatoon),f
Female Agent 8 (Splatoon),175,/tags/Female%20Agent%208%20(Splatoon),f
Male Agent 3 (Splatoon),59,/tags/Male%20Agent%203%20(Splatoon),f
Male Agent 4 (Splatoon),44,/tags/Male%20Agent%204%20(Splatoon),f
Male Agent 8 (Splatoon),61,/tags/Male%20Agent%208%20(Splatoon),f
Minor Agent 3/Agent 8 (Splatoon),10,/tags/Minor%20Agent%203*s*Agent%208%20(Splatoon),f
Sad Aloha (Splatoon),0,/tags/Sad%20Aloha%20(Splatoon),f
Nonbinary Dedf1sh (Splatoon),0,/tags/Nonbinary%20Dedf1sh%20(Splatoon),f
Frost Bytes Zine,0,/tags/Frost%20Bytes%20Zine,f
POV Marina (Splatoon),3,/tags/POV%20Marina%20(Splatoon),f
Marie (Splatoon)/Original Female Character(s),1,/tags/Marie%20(Splatoon)*s*Original%20Female%20Character(s),r
Agent 3 & Callie (Splatoon),26,/tags/Agent%203%20*a*%20Callie%20(Splatoon),r
Army & Gloves (Splatoon),0,/tags/Army%20*a*%20Gloves%20(Splatoon),r
Splatoon References,9,/tags/Splatoon%20References,f
Bamboo/Stealth/Uniform (Splatoon),2,/tags/Bamboo*s*Stealth*s*Uniform%20(Splatoon),r
Inkfall/Mask (Splatoon),0,/tags/Inkfall*s*Mask%20(Splatoon),r
Aloha/Bobble (Splatoon),0,/tags/Aloha*s*Bobble%20(Splatoon),r
Marina (Splatoon)/Other(s),0,/tags/Marina%20(Splatoon)*s*Other(s),r
Agent 3 & Callie & Marie (Splatoon),51,/tags/Agent%203%20*a*%20Callie%20*a*%20Marie%20(Splatoon),r
B-Sailor/W-Sailor (Splatoon),2,/tags/B-Sailor*s*W-Sailor%20(Splatoon),r
Agent 8 & Marina & Pearl (Splatoon),49,/tags/Agent%208%20*a*%20Marina%20*a*%20Pearl%20(Splatoon),r
Glasses | Specs/Hachi | Eight (Splatoon),0,/tags/Glasses%20%7C%20Specs*s*Hachi%20%7C%20Eight%20(Splatoon),r
Double Egg/Omega (Splatoon),10,/tags/Double%20Egg*s*Omega%20(Splatoon),r
Aloha & Army (Splatoon),2,/tags/Aloha%20*a*%20Army%20(Splatoon),r
School Short (Splatoon),3,/tags/School%20Short%20(Splatoon),c
School Short/Stealth (Splatoon),0,/tags/School%20Short*s*Stealth%20(Splatoon),r
Agent 8 (Splatoon) & Benson (Kipo and the Age of Wonderbeasts),0,/tags/Agent%208%20(Splatoon)%20*a*%20Benson%20(Kipo%20and%20the%20Age%20of%20Wonderbeasts),r
Agent 8 (Splatoon) & Kipo Oak,0,/tags/Agent%208%20(Splatoon)%20*a*%20Kipo%20Oak,r
Agent 8 (Splatoon) & Wolf (Kipo and the Age of Wonderbeasts),0,/tags/Agent%208%20(Splatoon)%20*a*%20Wolf%20(Kipo%20and%20the%20Age%20of%20Wonderbeasts),r
Agent 8 & Dedf1sh (Splatoon),3,/tags/Agent%208%20*a*%20Dedf1sh%20(Splatoon),r
Judd & Pearl (Splatoon),0,/tags/Judd%20*a*%20Pearl%20(Splatoon),r
Mask & Rider (Splatoon),3,/tags/Mask%20*a*%20Rider%20(Splatoon),r
Rider & Skull (Splatoon),2,/tags/Rider%20*a*%20Skull%20(Splatoon),r
School Asymmetry/School Short (Splatoon),0,/tags/School%20Asymmetry*s*School%20Short%20(Splatoon),r
Agent 4/Pearl (Splatoon),1,/tags/Agent%204*s*Pearl%20(Splatoon),r
Half-Rim/Straps (Splatoon),1,/tags/Half-Rim*s*Straps%20(Splatoon),r
Full Moon Glasses/Mask (Splatoon),1,/tags/Full%20Moon%20Glasses*s*Mask%20(Splatoon),r
Octoling(s) (Splatoon)/Octoling(s) (Splatoon),33,/tags/Octoling(s)%20(Splatoon)*s*Octoling(s)%20(Splatoon),r
Bobble/Nana | Seven/Ponytail (Splatoon),1,/tags/Bobble*s*Nana%20%7C%20Seven*s*Ponytail%20(Splatoon),r
Chirpy Chips (Splatoon),9,/tags/Chirpy%20Chips%20(Splatoon),c
Bottom Feeders (Splatoon),2,/tags/Bottom%20Feeders%20(Splatoon),c
Ink Theory (Splatoon),7,/tags/Ink%20Theory%20(Splatoon),c
SashiMori (Splatoon),6,/tags/SashiMori%20(Splatoon),c
Murasaki (Splatoon),17,/tags/Murasaki%20(Splatoon),c
Kitamura (Splatoon),0,/tags/Kitamura%20(Splatoon),c
Double Egg/Eging Jr. | Squidkid Jr,0,/tags/Double%20Egg*s*Eging%20Jr*d*%20%7C%20Squidkid%20Jr,r
Squid Squad (Splatoon),25,/tags/Squid%20Squad%20(Splatoon),c
Hightide Era (Splatoon),11,/tags/Hightide%20Era%20(Splatoon),c
Female Inkling(s) (Splatoon)/Ness (Mother 2),1,/tags/Female%20Inkling(s)%20(Splatoon)*s*Ness%20(Mother%202),r
Aloha/Rider/School Asymmetry (Splatoon),0,/tags/Aloha*s*Rider*s*School%20Asymmetry%20(Splatoon),r
Laceless & Prince (Splatoon),0,/tags/Laceless%20*a*%20Prince%20(Splatoon),r
Mask & Skull (Splatoon),1,/tags/Mask%20*a*%20Skull%20(Splatoon),r
Double Egg/Red Sole (Splatoon),0,/tags/Double%20Egg*s*Red%20Sole%20(Splatoon),r
Aloha/Double Egg/Eging Jr. | Squidkid Jr.,3,/tags/Aloha*s*Double%20Egg*s*Eging%20Jr*d*%20%7C%20Squidkid%20Jr*d*,r
Army & Skull (Splatoon),2,/tags/Army%20*a*%20Skull%20(Splatoon),r
Army & Mask (Splatoon),0,/tags/Army%20*a*%20Mask%20(Splatoon),r
Aloha & Mask (Splatoon),5,/tags/Aloha%20*a*%20Mask%20(Splatoon),r
Agent 8 & Callie (Splatoon),7,/tags/Agent%208%20*a*%20Callie%20(Splatoon),r
Agent 8 & C. Q. Cumber,1,/tags/Agent%208%20*a*%20C*d*%20Q*d*%20Cumber,r
Agent 4 & Dedf1sh (Splatoon),0,/tags/Agent%204%20*a*%20Dedf1sh%20(Splatoon),r
Akechi Goro/Pearl (Splatoon),1,/tags/Akechi%20Goro*s*Pearl%20(Splatoon),r
Eye of Justice (Splatoon),2,/tags/Eye%20of%20Justice%20(Splatoon),c
They/Them Pronouns for Dedf1sh (Splatoon),7,/tags/They*s*Them%20Pronouns%20for%20Dedf1sh%20(Splatoon),f
Double Egg & Vintage (Splatoon),1,/tags/Double%20Egg%20*a*%20Vintage%20(Splatoon),r
Omega & Vintage (Splatoon),3,/tags/Omega%20*a*%20Vintage%20(Splatoon),r
Red Sole & Vintage (Splatoon),1,/tags/Red%20Sole%20*a*%20Vintage%20(Splatoon),r
Hivemind (Splatoon),20,/tags/Hivemind%20(Splatoon),c
Rider (Splatoon)/Reader,2,/tags/Rider%20(Splatoon)*s*Reader,r
Mask (Splatoon)/Reader,3,/tags/Mask%20(Splatoon)*s*Reader,r
Gloves (Splatoon)/Reader,1,/tags/Gloves%20(Splatoon)*s*Reader,r
Chrom (Fire Emblem)/Inkling(s) (Splatoon),0,/tags/Chrom%20(Fire%20Emblem)*s*Inkling(s)%20(Splatoon),r
S4 (Splatoon),10,/tags/S4%20(Splatoon),c
Squidbeak Splatoon (Splatoon),9,/tags/Squidbeak%20Splatoon%20(Splatoon),c
Gloves & Half-Rim (Splatoon),1,/tags/Gloves%20*a*%20Half-Rim%20(Splatoon),r
Emperor & Pearl (Splatoon),2,/tags/Emperor%20*a*%20Pearl%20(Splatoon),r
Agent 4/Octoling(s) (Splatoon),5,/tags/Agent%204*s*Octoling(s)%20(Splatoon),r
Elma (Xenoblade Chronicles X) & Octoling(s) (Splatoon),1,/tags/Elma%20(Xenoblade%20Chronicles%20X)%20*a*%20Octoling(s)%20(Splatoon),r
Hachi | Eight & Rider (Splatoon),1,/tags/Hachi%20%7C%20Eight%20*a*%20Rider%20(Splatoon),r
Emperor/Hivemind (Splatoon),2,/tags/Emperor*s*Hivemind%20(Splatoon),r
Emperor (Splatoon)/Reader,2,/tags/Emperor%20(Splatoon)*s*Reader,r
Bisk (Splatoon),2,/tags/Bisk%20(Splatoon),c
Army & Prince (Splatoon),2,/tags/Army%20*a*%20Prince%20(Splatoon),r
Gloves & Rider (Splatoon),2,/tags/Gloves%20*a*%20Rider%20(Splatoon),r
Gloves & Prince (Splatoon),2,/tags/Gloves%20*a*%20Prince%20(Splatoon),r
Army & Emperor (Splatoon),1,/tags/Army%20*a*%20Emperor%20(Splatoon),r
Ammoses Shellendorf/Original Character(s),1,/tags/Ammoses%20Shellendorf*s*Original%20Character(s),r
Ammoses Shellendorf,15,/tags/Ammoses%20Shellendorf,c
Gloves/Rider (Splatoon),4,/tags/Gloves*s*Rider%20(Splatoon),r
Mayer (Arknights)/Skull (Splatoon),0,/tags/Mayer%20(Arknights)*s*Skull%20(Splatoon),r
Headphones/Octoglasses (Splatoon),1,/tags/Headphones*s*Octoglasses%20(Splatoon),r
Callie/Pearl (Splatoon),6,/tags/Callie*s*Pearl%20(Splatoon),r
Ichiya (Splatoon),27,/tags/Ichiya%20(Splatoon),c
Alternate Universe - Splatoon Fusion,4,/tags/Alternate%20Universe%20-%20Splatoon%20Fusion,f
Marie/Marina (Splatoon),6,/tags/Marie*s*Marina%20(Splatoon),r
Carmelita Fox/Jewel (Rio)/Ryan (Splatoon),0,/tags/Carmelita%20Fox*s*Jewel%20(Rio)*s*Ryan%20(Splatoon),r
Shadow Goggles (Splatoon),3,/tags/Shadow%20Goggles%20(Splatoon),c
Garyuu Kyouya | Klavier Gavin & Pearl (Splatoon),0,/tags/Garyuu%20Kyouya%20%7C%20Klavier%20Gavin%20*a*%20Pearl%20(Splatoon),r
Pre-Octo Expansion DLC,6,/tags/Pre-Octo%20Expansion%20DLC,f
Sanitization (Splatoon),44,/tags/Sanitization%20(Splatoon),f
Half-Rim/Headphones (Splatoon),1,/tags/Half-Rim*s*Headphones%20(Splatoon),r
Agent 4 & Marina & Pearl (Splatoon),3,/tags/Agent%204%20*a*%20Marina%20*a*%20Pearl%20(Splatoon),r
Traumatized Agent 8 (Splatoon),8,/tags/Traumatized%20Agent%208%20(Splatoon),f
Inkling(s) (Splatoon)/Palutena (Kid Icarus),0,/tags/Inkling(s)%20(Splatoon)*s*Palutena%20(Kid%20Icarus),r
Pre-Splatoon 3,84,/tags/Pre-Splatoon%203,f
Inkling(s) (Splatoon)/Falco Lombardi,0,/tags/Inkling(s)%20(Splatoon)*s*Falco%20Lombardi,r
Agent 4 & Callie & Marie (Splatoon),30,/tags/Agent%204%20*a*%20Callie%20*a*%20Marie%20(Splatoon),r
Emperor & Vintage (Splatoon),1,/tags/Emperor%20*a*%20Vintage%20(Splatoon),r
Rider & Vintage (Splatoon),1,/tags/Rider%20*a*%20Vintage%20(Splatoon),r
Emperor & Rider & Vintage (Splatoon),1,/tags/Emperor%20*a*%20Rider%20*a*%20Vintage%20(Splatoon),r
Agent 4/Dedf1sh (Splatoon),2,/tags/Agent%204*s*Dedf1sh%20(Splatoon),r
Agent 8 & Marie (Splatoon),4,/tags/Agent%208%20*a*%20Marie%20(Splatoon),r
Inkling(s) (Splatoon)/Zelda (Legend of Zelda),0,/tags/Inkling(s)%20(Splatoon)*s*Zelda%20(Legend%20of%20Zelda),r
Moxxie (Helluva Boss) & Sheldon (Splatoon),1,/tags/Moxxie%20(Helluva%20Boss)%20*a*%20Sheldon%20(Splatoon),r
Commander Tartar (Splatoon)/Reader,2,/tags/Commander%20Tartar%20(Splatoon)*s*Reader,r
The Professor (Splatoon),3,/tags/The%20Professor%20(Splatoon),c
Aviators/Vintage (Splatoon),1,/tags/Aviators*s*Vintage%20(Splatoon),r
Mentioned Callie (Splatoon),21,/tags/Mentioned%20Callie%20(Splatoon),f
Mentioned Agent 4 (Splatoon),8,/tags/Mentioned%20Agent%204%20(Splatoon),f
Inkling(s) (Splatoon)/My Unit | Byleth,0,/tags/Inkling(s)%20(Splatoon)*s*My%20Unit%20%7C%20Byleth,r
Mentioned Pearl (Splatoon),7,/tags/Mentioned%20Pearl%20(Splatoon),f
Mentioned Marina (Splatoon),10,/tags/Mentioned%20Marina%20(Splatoon),f
Team Orange (Splatoon),6,/tags/Team%20Orange%20(Splatoon),c
Team Yellow-Green (Splatoon),8,/tags/Team%20Yellow-Green%20(Splatoon),c
Team Pink (Splatoon),6,/tags/Team%20Pink%20(Splatoon),c
Team Cyan (Splatoon),3,/tags/Team%20Cyan%20(Splatoon),c
Team Purple (Splatoon),4,/tags/Team%20Purple%20(Splatoon),c
Team Green (Splatoon),1,/tags/Team%20Green%20(Splatoon),c
Team Eight (Splatoon),1,/tags/Team%20Eight%20(Splatoon),c
Omega/Vintage (Splatoon),1,/tags/Omega*s*Vintage%20(Splatoon),r
Bike Helmet (Splatoon),0,/tags/Bike%20Helmet%20(Splatoon),c
Trans Aloha (Splatoon),1,/tags/Trans%20Aloha%20(Splatoon),f
Loona (Helluva Boss)/Male Inkling(s) (Splatoon),1,/tags/Loona%20(Helluva%20Boss)*s*Male%20Inkling(s)%20(Splatoon),r
Octoling(s) & Octoling(s) (Splatoon),4,/tags/Octoling(s)%20*a*%20Octoling(s)%20(Splatoon),r
Chris Kratt/Marina (Splatoon),0,/tags/Chris%20Kratt*s*Marina%20(Splatoon),r
Callie (Splatoon)/Martin Kratt,0,/tags/Callie%20(Splatoon)*s*Martin%20Kratt,r
Agent 3 & Dedf1sh (Splatoon),1,/tags/Agent%203%20*a*%20Dedf1sh%20(Splatoon),r
Dark Pit (Kid Icarus) & Inkling(s) (Splatoon),0,/tags/Dark%20Pit%20(Kid%20Icarus)%20*a*%20Inkling(s)%20(Splatoon),r
Inkling(s) (Splatoon)/Mii Fighter (Super Smash Brothers),0,/tags/Inkling(s)%20(Splatoon)*s*Mii%20Fighter%20(Super%20Smash%20Brothers),r
Female Octoling(s) (Splatoon),33,/tags/Female%20Octoling(s)%20(Splatoon),c
Octavia Goetia/Loona (Helluva Boss)/Male Inkling(s) (Splatoon),1,/tags/Octavia%20Goetia*s*Loona%20(Helluva%20Boss)*s*Male%20Inkling(s)%20(Splatoon),r
Agent 3 (Splatoon) & Midoriya Izuku,0,/tags/Agent%203%20(Splatoon)%20*a*%20Midoriya%20Izuku,r
Agent 8 (Splatoon) & Midoriya Izuku,0,/tags/Agent%208%20(Splatoon)%20*a*%20Midoriya%20Izuku,r
Agent 8 (Splatoon) & Kaminari Denki,0,/tags/Agent%208%20(Splatoon)%20*a*%20Kaminari%20Denki,r
Agent 3 (Splatoon)/Reader,5,/tags/Agent%203%20(Splatoon)*s*Reader,r
Agent 8 (Splatoon)/Reader,3,/tags/Agent%208%20(Splatoon)*s*Reader,r
Agent 4 (Splatoon)/Reader,2,/tags/Agent%204%20(Splatoon)*s*Reader,r
Spyke (Splatoon)/Reader,6,/tags/Spyke%20(Splatoon)*s*Reader,r
Trans Agent 4 (Splatoon),7,/tags/Trans%20Agent%204%20(Splatoon),f
Suimo | Swim Goggles (Splatoon),1,/tags/Suimo%20%7C%20Swim%20Goggles%20(Splatoon),c
Stripes (Splatoon),0,/tags/Stripes%20(Splatoon),c
DJ Octavio/Pearl (Splatoon),0,/tags/DJ%20Octavio*s*Pearl%20(Splatoon),r
Agent 3 (Splatoon) & Original Character(s),10,/tags/Agent%203%20(Splatoon)%20*a*%20Original%20Character(s),r
Nonbinary Agent 8 (Splatoon),13,/tags/Nonbinary%20Agent%208%20(Splatoon),f
Nonbinary Agent 3 (Splatoon),60,/tags/Nonbinary%20Agent%203%20(Splatoon),f
Agent 4 & Sheldon (Splatoon),2,/tags/Agent%204%20*a*%20Sheldon%20(Splatoon),r
Ikkan & Pearl (Splatoon),2,/tags/Ikkan%20*a*%20Pearl%20(Splatoon),r
Ryū-Chang (Splatoon),2,/tags/Ry%C5%AB-Chang%20(Splatoon),c
Agent 4 (Splatoon) & Mark | Marx,0,/tags/Agent%204%20(Splatoon)%20*a*%20Mark%20%7C%20Marx,r
Big Man (Splatoon),518,/tags/Big%20Man%20(Splatoon),c
Mr. Coco/Gnarly Eddy (Splatoon),1,/tags/Mr*d*%20Coco*s*Gnarly%20Eddy%20(Splatoon),r
Gnarly Eddy (Splatoon),16,/tags/Gnarly%20Eddy%20(Splatoon),c
Mr. Coco (Splatoon),9,/tags/Mr*d*%20Coco%20(Splatoon),c
VeronIKA (Splatoon),18,/tags/VeronIKA%20(Splatoon),c
Shiver (Splatoon),733,/tags/Shiver%20(Splatoon),c
Frye (Splatoon),677,/tags/Frye%20(Splatoon),c
Deep Cut (Splatoon),66,/tags/Deep%20Cut%20(Splatoon),c
Nonbinary Shiver (Splatoon),31,/tags/Nonbinary%20Shiver%20(Splatoon),f
AnemoneNo1 (Splatoon),14,/tags/AnemoneNo1%20(Splatoon),c
Hirooooo (Splatoon),24,/tags/Hirooooo%20(Splatoon),c
Written Before Splatoon 3,4,/tags/Written%20Before%20Splatoon%203,f
Callie & Shiver (Splatoon),2,/tags/Callie%20*a*%20Shiver%20(Splatoon),r
Pearl (Splatoon)/Original Character(s),2,/tags/Pearl%20(Splatoon)*s*Original%20Character(s),r
New Agent 3/Agent 4 (Splatoon),3,/tags/New%20Agent%203*s*Agent%204%20(Splatoon),r
Frye/Inkling(s) (Splatoon),1,/tags/Frye*s*Inkling(s)%20(Splatoon),r
Hivemind/Rider (Splatoon),1,/tags/Hivemind*s*Rider%20(Splatoon),r
Agent 8 & Sheldon (Splatoon),2,/tags/Agent%208%20*a*%20Sheldon%20(Splatoon),r
Commander Tartar (Splatoon) & Original Character(s),0,/tags/Commander%20Tartar%20(Splatoon)%20*a*%20Original%20Character(s),r
Callie & DJ Octavio (Splatoon),10,/tags/Callie%20*a*%20DJ%20Octavio%20(Splatoon),r
Harmony (Splatoon),44,/tags/Harmony%20(Splatoon),c
Deepsea Metro (Splatoon),17,/tags/Deepsea%20Metro%20(Splatoon),f
Frye/Shiver (Splatoon),317,/tags/Frye*s*Shiver%20(Splatoon),r
Agent 3/Marina (Splatoon),0,/tags/Agent%203*s*Marina%20(Splatoon),r
Kamabo Corporation (Splatoon),6,/tags/Kamabo%20Corporation%20(Splatoon),f
Agent 8/C. Q. Cumber,0,/tags/Agent%208*s*C*d*%20Q*d*%20Cumber,r
Inkling(s) (Splatoon)/Princess Rosalina (Nintendo),0,/tags/Inkling(s)%20(Splatoon)*s*Princess%20Rosalina%20(Nintendo),r
Agent 3 & Shiver (Splatoon),1,/tags/Agent%203%20*a*%20Shiver%20(Splatoon),r
Staff (Splatoon),2,/tags/Staff%20(Splatoon),c
The Great Turf War (Splatoon),15,/tags/The%20Great%20Turf%20War%20(Splatoon),f
Agent 3 & New Agent 3 (Splatoon),52,/tags/Agent%203%20*a*%20New%20Agent%203%20(Splatoon),r
Marina/Shiver (Splatoon),4,/tags/Marina*s*Shiver%20(Splatoon),r
Reader Is Agent 4 (Splatoon),1,/tags/Reader%20Is%20Agent%204%20(Splatoon),f
Octoling Agent 3 (Splatoon),1,/tags/Octoling%20Agent%203%20(Splatoon),f
Nails (Splatoon),7,/tags/Nails%20(Splatoon),c
Jel La Fleur (Splatoon),4,/tags/Jel%20La%20Fleur%20(Splatoon),c
Shiver (Splatoon)/Reader,11,/tags/Shiver%20(Splatoon)*s*Reader,r
DJ Octavio & Sheldon (Splatoon),1,/tags/DJ%20Octavio%20*a*%20Sheldon%20(Splatoon),r
New Agent 3/Callie (Splatoon),5,/tags/New%20Agent%203*s*Callie%20(Splatoon),r
They/Them Pronouns for Shiver (Splatoon),68,/tags/They*s*Them%20Pronouns%20for%20Shiver%20(Splatoon),f
She/Her and They/Them Pronouns for Agent 3 (Splatoon),7,/tags/She*s*Her%20and%20They*s*Them%20Pronouns%20for%20Agent%203%20(Splatoon),f
They/Them Pronouns for Agent 3 (Splatoon),53,/tags/They*s*Them%20Pronouns%20for%20Agent%203%20(Splatoon),f
Agent 4/Shiver (Splatoon),6,/tags/Agent%204*s*Shiver%20(Splatoon),r
Marie Misses Callie (Splatoon),6,/tags/Marie%20Misses%20Callie%20(Splatoon),f
Nonbinary New Agent 3 (Splatoon),22,/tags/Nonbinary%20New%20Agent%203%20(Splatoon),f
Big Run (Splatoon),22,/tags/Big%20Run%20(Splatoon),f
Zapfish (Splatoon) - Character,1,/tags/Zapfish%20(Splatoon)%20-%20Character,c
Prince (Splatoon)/Reader,1,/tags/Prince%20(Splatoon)*s*Reader,r
Big Man & Frye & Shiver (Splatoon),62,/tags/Big%20Man%20*a*%20Frye%20*a*%20Shiver%20(Splatoon),r
Splatoon 3 Hero Mode Spoilers,50,/tags/Splatoon%203%20Hero%20Mode%20Spoilers,f
Marigold (Splatoon),3,/tags/Marigold%20(Splatoon),c
Skull (Splatoon)/Reader,2,/tags/Skull%20(Splatoon)*s*Reader,r
Mute Agent 4 (Splatoon),4,/tags/Mute%20Agent%204%20(Splatoon),f
Big Man (Splatoon)/Original Male Character(s),1,/tags/Big%20Man%20(Splatoon)*s*Original%20Male%20Character(s),r
Marina & Shiver (Splatoon),3,/tags/Marina%20*a*%20Shiver%20(Splatoon),r
Agent 8 & Shiver (Splatoon),5,/tags/Agent%208%20*a*%20Shiver%20(Splatoon),r
Frye & Shiver (Splatoon),22,/tags/Frye%20*a*%20Shiver%20(Splatoon),r
O.R.C.A. (Splatoon),22,/tags/O*d*R*d*C*d*A*d*%20(Splatoon),c
Frye/Harmony (Splatoon),2,/tags/Frye*s*Harmony%20(Splatoon),r
New Agent 3 & Agent 4 (Splatoon),13,/tags/New%20Agent%203%20*a*%20Agent%204%20(Splatoon),r
Master Mega (Splatoon),15,/tags/Master%20Mega%20(Splatoon),c
Big Man & Frye (Splatoon),15,/tags/Big%20Man%20*a*%20Frye%20(Splatoon),r
Big Man & Shiver (Splatoon),16,/tags/Big%20Man%20*a*%20Shiver%20(Splatoon),r
Paul (Splatoon),2,/tags/Paul%20(Splatoon),c
Kuze (Splatoon),3,/tags/Kuze%20(Splatoon),c
Underpass Bass Drum (Splatoon),1,/tags/Underpass%20Bass%20Drum%20(Splatoon),c
C-Side (Splatoon),7,/tags/C-Side%20(Splatoon),c
Turquoise October (Splatoon),4,/tags/Turquoise%20October%20(Splatoon),c
Callie & Turquoise October (Splatoon),2,/tags/Callie%20*a*%20Turquoise%20October%20(Splatoon),r
C. Q. Cumber/Reader,1,/tags/C*d*%20Q*d*%20Cumber*s*Reader,r
Mute Agent 3 (Splatoon),1,/tags/Mute%20Agent%203%20(Splatoon),f
Autistic Agent 3 (Splatoon),4,/tags/Autistic%20Agent%203%20(Splatoon),f
Nonbinary Agent 4 (Splatoon),17,/tags/Nonbinary%20Agent%204%20(Splatoon),f
Mr. Grizz (Splatoon) & Original Character(s),3,/tags/Mr*d*%20Grizz%20(Splatoon)%20*a*%20Original%20Character(s),r
Onaga Clan (Splatoon),3,/tags/Onaga%20Clan%20(Splatoon),c
Vintage (Splatoon)/Reader,2,/tags/Vintage%20(Splatoon)*s*Reader,r
Frye & Pearl (Splatoon),1,/tags/Frye%20*a*%20Pearl%20(Splatoon),r
Marie/Sheldon (Splatoon),1,/tags/Marie*s*Sheldon%20(Splatoon),r
Marie & Sheldon (Splatoon),2,/tags/Marie%20*a*%20Sheldon%20(Splatoon),r
New Agent 3 & Agent 8 (Splatoon),12,/tags/New%20Agent%203%20*a*%20Agent%208%20(Splatoon),r
Midoriya Izuku/Pearl (Splatoon),0,/tags/Midoriya%20Izuku*s*Pearl%20(Splatoon),r
New Agent 3 (Splatoon)/Original Female Character(s),1,/tags/New%20Agent%203%20(Splatoon)*s*Original%20Female%20Character(s),r
Callie & Dedf1sh (Splatoon),2,/tags/Callie%20*a*%20Dedf1sh%20(Splatoon),r
Callie/Shiver (Splatoon),14,/tags/Callie*s*Shiver%20(Splatoon),r
Shy-Ho-Shy (Splatoon),5,/tags/Shy-Ho-Shy%20(Splatoon),c
Big Man/Frye/Shiver (Splatoon),24,/tags/Big%20Man*s*Frye*s*Shiver%20(Splatoon),r
Bobble (Splatoon)/Reader,1,/tags/Bobble%20(Splatoon)*s*Reader,r
Headphones (Splatoon)/Reader,1,/tags/Headphones%20(Splatoon)*s*Reader,r
Frye (Splatoon)/Reader,2,/tags/Frye%20(Splatoon)*s*Reader,r
Splatfest: Retro vs. Modern (Splatoon),0,/tags/Splatfest:%20Retro%20vs*d*%20Modern%20(Splatoon),f
Splatfest: Trick vs. Treat 2018 (Splatoon),0,/tags/Splatfest:%20Trick%20vs*d*%20Treat%202018%20(Splatoon),f
Splatfest: Callie vs. Marie (Splatoon),5,/tags/Splatfest:%20Callie%20vs*d*%20Marie%20(Splatoon),f
Game: Splatoon 3,22,/tags/Game:%20Splatoon%203,f
Agent 8 Needs a Hug (Splatoon),8,/tags/Agent%208%20Needs%20a%20Hug%20(Splatoon),f
Autistic Marina (Splatoon),17,/tags/Autistic%20Marina%20(Splatoon),f
She/Her Pronouns for Agent 8 (Splatoon),36,/tags/She*s*Her%20Pronouns%20for%20Agent%208%20(Splatoon),f
Agent 8-centric (Splatoon),6,/tags/Agent%208-centric%20(Splatoon),f
Song: Calamari Inkantation (Splatoon),3,/tags/Song:%20Calamari%20Inkantation%20(Splatoon),f
Inkopolis (Splatoon),29,/tags/Inkopolis%20(Splatoon),f
Mentioned Big Man (Splatoon),0,/tags/Mentioned%20Big%20Man%20(Splatoon),f
Mentioned Agent 8 (Splatoon),14,/tags/Mentioned%20Agent%208%20(Splatoon),f
Mentioned Cap'n Craig Cuttlefish (Splatoon),11,/tags/Mentioned%20Cap'n%20Craig%20Cuttlefish%20(Splatoon),f
She/Her Pronouns for Frye (Splatoon),9,/tags/She*s*Her%20Pronouns%20for%20Frye%20(Splatoon),f
Splatsville (Splatoon),23,/tags/Splatsville%20(Splatoon),f
Splatoween (Splatoon),1,/tags/Splatoween%20(Splatoon),f
Agent 4-centric (Splatoon),15,/tags/Agent%204-centric%20(Splatoon),f
Eye of Justice/Hivemind (Splatoon),0,/tags/Eye%20of%20Justice*s*Hivemind%20(Splatoon),r
Agent 8/DJ Octavio (Splatoon),0,/tags/Agent%208*s*DJ%20Octavio%20(Splatoon),r
DJ Octavio (Splatoon) & Original Character(s),1,/tags/DJ%20Octavio%20(Splatoon)%20*a*%20Original%20Character(s),r
DJ Octavio (Splatoon)/Wakana Rei,0,/tags/DJ%20Octavio%20(Splatoon)*s*Wakana%20Rei,r
Marina/DJ Octavio (Splatoon),0,/tags/Marina*s*DJ%20Octavio%20(Splatoon),r
Moe/DJ Octavio (Splatoon),0,/tags/Moe*s*DJ%20Octavio%20(Splatoon),r
Lucifer Magne & DJ Octavio (Splatoon),0,/tags/Lucifer%20Magne%20*a*%20DJ%20Octavio%20(Splatoon),r
Marie (Splatoon) & Meta Knight,0,/tags/Marie%20(Splatoon)%20*a*%20Meta%20Knight,r
Magolor (Kirby) & Marina (Splatoon) & Susie | Susanna Patrya Haltmann,0,/tags/Magolor%20(Kirby)%20*a*%20Marina%20(Splatoon)%20*a*%20Susie%20%7C%20Susanna%20Patrya%20Haltmann,r
Callie (Splatoon) & King Dedede,0,/tags/Callie%20(Splatoon)%20*a*%20King%20Dedede,r
Mark | Marx & Pearl (Splatoon),0,/tags/Mark%20%7C%20Marx%20*a*%20Pearl%20(Splatoon),r
Marie (Splatoon) & Taranza (Kirby),0,/tags/Marie%20(Splatoon)%20*a*%20Taranza%20(Kirby),r
Dark Meta Knight & Pearl (Splatoon),0,/tags/Dark%20Meta%20Knight%20*a*%20Pearl%20(Splatoon),r
Agent 8 (Splatoon) & Elfilin (Kirby),0,/tags/Agent%208%20(Splatoon)%20*a*%20Elfilin%20(Kirby),r
Yōko (Splatoon),3,/tags/Y%C5%8Dko%20(Splatoon),c
Bibi/Marina (Splatoon),0,/tags/Bibi*s*Marina%20(Splatoon),r
Agent 3 & Marina & Pearl (Splatoon),1,/tags/Agent%203%20*a*%20Marina%20*a*%20Pearl%20(Splatoon),r
Tetrox Gorgonzola & Original Female Character(s),0,/tags/Tetrox%20Gorgonzola%20*a*%20Original%20Female%20Character(s),r
Paisley (Splatoon)/Original Character(s),0,/tags/Paisley%20(Splatoon)*s*Original%20Character(s),r
Marina/Yōko (Splatoon),0,/tags/Marina*s*Y%C5%8Dko%20(Splatoon),r
Prince (Splatoon)/Original Female Character(s),0,/tags/Prince%20(Splatoon)*s*Original%20Female%20Character(s),r
Backwards (Splatoon)/Reader,0,/tags/Backwards%20(Splatoon)*s*Reader,r
Fin Bottom & Tangle Bottom (Splatoon),0,/tags/Fin%20Bottom%20*a*%20Tangle%20Bottom%20(Splatoon),r
New Squidbeak Splatoon (Splatoon),23,/tags/New%20Squidbeak%20Splatoon%20(Splatoon),c
Great Zapfish (Splatoon),4,/tags/Great%20Zapfish%20(Splatoon),c
POV Agent 8 (Splatoon),8,/tags/POV%20Agent%208%20(Splatoon),f
Cap'n Craig Cuttlefish,313,/tags/Cap'n%20Craig%20Cuttlefish,c
Alterna (Splatoon),10,/tags/Alterna%20(Splatoon),f
Agent 3 & Cap'n Craig Cuttlefish,9,/tags/Agent%203%20*a*%20Cap'n%20Craig%20Cuttlefish,r
Agent 8 & Cap'n Craig Cuttlefish,3,/tags/Agent%208%20*a*%20Cap'n%20Craig%20Cuttlefish,r
Callie & Cap'n Craig Cuttlefish & Marie,6,/tags/Callie%20*a*%20Cap'n%20Craig%20Cuttlefish%20*a*%20Marie,r
Dedf1sh & Commander Tartar (Splatoon),1,/tags/Dedf1sh%20*a*%20Commander%20Tartar%20(Splatoon),r
Cap'n Craig Cuttlefish & DJ Octavio,18,/tags/Cap'n%20Craig%20Cuttlefish%20*a*%20DJ%20Octavio,r
Cap'n Craig Cuttlefish & Everyone,0,/tags/Cap'n%20Craig%20Cuttlefish%20*a*%20Everyone,r
Cap'n Craig Cuttlefish & Marina,0,/tags/Cap'n%20Craig%20Cuttlefish%20*a*%20Marina,r
Cap'n Craig Cuttlefish/DJ Octavio,83,/tags/Cap'n%20Craig%20Cuttlefish*s*DJ%20Octavio,r
Cap'n Craig Cuttlefish/Original Character(s),2,/tags/Cap'n%20Craig%20Cuttlefish*s*Original%20Character(s),r
Cap'n Craig Cuttlefish/Reader,0,/tags/Cap'n%20Craig%20Cuttlefish*s*Reader,r
Agent 4 & Cap'n Craig Cuttlefish,1,/tags/Agent%204%20*a*%20Cap'n%20Craig%20Cuttlefish,r
Cap'n Craig Cuttlefish & Ammoses Shellendorf,3,/tags/Cap'n%20Craig%20Cuttlefish%20*a*%20Ammoses%20Shellendorf,r
Cap'n Craig Cuttlefish & Pearl,0,/tags/Cap'n%20Craig%20Cuttlefish%20*a*%20Pearl,r
Cap'n Craig Cuttlefish & Original Character(s),1,/tags/Cap'n%20Craig%20Cuttlefish%20*a*%20Original%20Character(s),r
Callie & Marie & DJ Octavio (Splatoon),1,/tags/Callie%20*a*%20Marie%20*a*%20DJ%20Octavio%20(Splatoon),r
Agent 8 & DJ Octavio (Splatoon),4,/tags/Agent%208%20*a*%20DJ%20Octavio%20(Splatoon),r
Mr. Grizz/Commander Tartar (Splatoon),7,/tags/Mr*d*%20Grizz*s*Commander%20Tartar%20(Splatoon),r
Cap'n Craig Cuttlefish/Ammoses Shellendorf,1,/tags/Cap'n%20Craig%20Cuttlefish*s*Ammoses%20Shellendorf,r
Mr. Grizz (Splatoon) & Reader,0,/tags/Mr*d*%20Grizz%20(Splatoon)%20*a*%20Reader,r
Mr. Grizz (Splatoon)/Original Character(s),1,/tags/Mr*d*%20Grizz%20(Splatoon)*s*Original%20Character(s),r
DJ Octavio (Splatoon)/Original Character(s),0,/tags/DJ%20Octavio%20(Splatoon)*s*Original%20Character(s),r
Mr. Grizz & Commander Tartar (Splatoon),2,/tags/Mr*d*%20Grizz%20*a*%20Commander%20Tartar%20(Splatoon),r
School Uniform | Blazer/Snorkel (Splatoon),0,/tags/School%20Uniform%20%7C%20Blazer*s*Snorkel%20(Splatoon),r
Army/B-Sailor (Splatoon),1,/tags/Army*s*B-Sailor%20(Splatoon),r
Aviators & Omega (Splatoon),0,/tags/Aviators%20*a*%20Omega%20(Splatoon),r
Goggles & Headphones (Splatoon),2,/tags/Goggles%20*a*%20Headphones%20(Splatoon),r
Octoglasses/Snorkel (Splatoon),0,/tags/Octoglasses*s*Snorkel%20(Splatoon),r
Glasses | Specs/Rider (Splatoon),0,/tags/Glasses%20%7C%20Specs*s*Rider%20(Splatoon),r
Marina/Pearl (Splatoon)/Reader,0,/tags/Marina*s*Pearl%20(Splatoon)*s*Reader,r
Bobble & Goggles (Splatoon),3,/tags/Bobble%20*a*%20Goggles%20(Splatoon),r
Sanitized Octarian(s) (Splatoon),5,/tags/Sanitized%20Octarian(s)%20(Splatoon),c
Glasses | Specs/Headphones (Splatoon),0,/tags/Glasses%20%7C%20Specs*s*Headphones%20(Splatoon),r
Designer Headphones/Rider (Splatoon),0,/tags/Designer%20Headphones*s*Rider%20(Splatoon),r
Aviators & Full Moon Glasses & Glasses | Specs & Half-Rim (Splatoon),1,/tags/Aviators%20*a*%20Full%20Moon%20Glasses%20*a*%20Glasses%20%7C%20Specs%20*a*%20Half-Rim%20(Splatoon),r
Glasses | Specs & Goggles (Splatoon),0,/tags/Glasses%20%7C%20Specs%20*a*%20Goggles%20(Splatoon),r
Bobble & Glasses | Specs & Goggles & Headphones (Splatoon),4,/tags/Bobble%20*a*%20Glasses%20%7C%20Specs%20*a*%20Goggles%20*a*%20Headphones%20(Splatoon),r
Agent 3 & Agent 4 & Agent 8 & Callie & Marie (Splatoon),3,/tags/Agent%203%20*a*%20Agent%204%20*a*%20Agent%208%20*a*%20Callie%20*a*%20Marie%20(Splatoon),r
Hachi | Eight (Splatoon)/Reader,1,/tags/Hachi%20%7C%20Eight%20(Splatoon)*s*Reader,r
Glasses | Specs/Inkfall (Splatoon),0,/tags/Glasses%20%7C%20Specs*s*Inkfall%20(Splatoon),r
Bamboo/Rider/School Uniform | Blazer/Stealth (Splatoon),0,/tags/Bamboo*s*Rider*s*School%20Uniform%20%7C%20Blazer*s*Stealth%20(Splatoon),r
Rider & School Uniform | Blazer (Splatoon),0,/tags/Rider%20*a*%20School%20Uniform%20%7C%20Blazer%20(Splatoon),r
Mask (Splatoon)/Other(s),0,/tags/Mask%20(Splatoon)*s*Other(s),r
Bamboo & Rider (Splatoon),0,/tags/Bamboo%20*a*%20Rider%20(Splatoon),r
Omega & Rider (Splatoon),0,/tags/Omega%20*a*%20Rider%20(Splatoon),r
Prince & Rider (Splatoon),0,/tags/Prince%20*a*%20Rider%20(Splatoon),r
Rider & Team Yellow-Green (Splatoon),0,/tags/Rider%20*a*%20Team%20Yellow-Green%20(Splatoon),r
Bobble/Goggles (Splatoon),1,/tags/Bobble*s*Goggles%20(Splatoon),r
Bobble/Red Sole (Splatoon),0,/tags/Bobble*s*Red%20Sole%20(Splatoon),r
Goggles (Splatoon)/Other(s),0,/tags/Goggles%20(Splatoon)*s*Other(s),r
Headphones/N-Pacer/Omega/Red Sole (Splatoon),0,/tags/Headphones*s*N-Pacer*s*Omega*s*Red%20Sole%20(Splatoon),r
Mask/Red Sole (Splatoon),0,/tags/Mask*s*Red%20Sole%20(Splatoon),r
Bobble/Full Moon Glasses (Splatoon),1,/tags/Bobble*s*Full%20Moon%20Glasses%20(Splatoon),r
Double Egg/Glasses | Specs (Splatoon),0,/tags/Double%20Egg*s*Glasses%20%7C%20Specs%20(Splatoon),r
Arrow/Inkfall/Knit Hat/Vader (Splatoon),1,/tags/Arrow*s*Inkfall*s*Knit%20Hat*s*Vader%20(Splatoon),r
Glasses | Specs/Mask (Splatoon),0,/tags/Glasses%20%7C%20Specs*s*Mask%20(Splatoon),r
Eye of Justice/Glasses | Specs/Mask (Splatoon),0,/tags/Eye%20of%20Justice*s*Glasses%20%7C%20Specs*s*Mask%20(Splatoon),r
Judd & Li'l Judd (Splatoon),0,/tags/Judd%20*a*%20Li'l%20Judd%20(Splatoon),r
Deep Cut & Marie (Splatoon),3,/tags/Deep%20Cut%20*a*%20Marie%20(Splatoon),r
Eye of Justice & Fierce Fishskull & Jetflame Crest (Splatoon),0,/tags/Eye%20of%20Justice%20*a*%20Fierce%20Fishskull%20*a*%20Jetflame%20Crest%20(Splatoon),r
Eye of Justice/Fierce Fishskull (Splatoon),0,/tags/Eye%20of%20Justice*s*Fierce%20Fishskull%20(Splatoon),r
Callie & Marie & Marina (Splatoon),1,/tags/Callie%20*a*%20Marie%20*a*%20Marina%20(Splatoon),r
Agent 8/Inkling(s) (Splatoon),2,/tags/Agent%208*s*Inkling(s)%20(Splatoon),r
Fierce Fishskull (Splatoon)/Reader,0,/tags/Fierce%20Fishskull%20(Splatoon)*s*Reader,r
Trans Shiver (Splatoon),8,/tags/Trans%20Shiver%20(Splatoon),f
Dom Frye (Splatoon),2,/tags/Dom%20Frye%20(Splatoon),f
Frye Has ADHD (Splatoon),6,/tags/Frye%20Has%20ADHD%20(Splatoon),f
Octoling(s) & Salmonid(s) (Splatoon),3,/tags/Octoling(s)%20*a*%20Salmonid(s)%20(Splatoon),r
He/Him Pronouns For Big Man (Splatoon),4,/tags/He*s*Him%20Pronouns%20For%20Big%20Man%20(Splatoon),f
Pearlina Week 2020 (Splatoon),0,/tags/Pearlina%20Week%202020%20(Splatoon),f
Pearlina Week 2019 (Splatoon),0,/tags/Pearlina%20Week%202019%20(Splatoon),f
Splatfest: Chaos vs. Order | Final Fest (Splatoon),10,/tags/Splatfest:%20Chaos%20vs*d*%20Order%20%7C%20Final%20Fest%20(Splatoon),f
Game: Splatoon (2015),3,/tags/Game:%20Splatoon%20(2015),f
Agent 4 & Shiver (Splatoon),1,/tags/Agent%204%20*a*%20Shiver%20(Splatoon),r
Callie/Frye (Splatoon),20,/tags/Callie*s*Frye%20(Splatoon),r
Parents Marina/Pearl (Splatoon),2,/tags/Parents%20Marina*s*Pearl%20(Splatoon),f
Shiver Needs a Hug (Splatoon),7,/tags/Shiver%20Needs%20a%20Hug%20(Splatoon),f
Minor Agent 4/Marie (Splatoon),2,/tags/Minor%20Agent%204*s*Marie%20(Splatoon),f
Agent 4 & Pearl (Splatoon),2,/tags/Agent%204%20*a*%20Pearl%20(Splatoon),r
Mentioned DJ Octavio (Splatoon),8,/tags/Mentioned%20DJ%20Octavio%20(Splatoon),f
Agent 47 (Hitman) & Sheldon (Splatoon),0,/tags/Agent%2047%20(Hitman)%20*a*%20Sheldon%20(Splatoon),r
Male New Agent 3 (Splatoon),11,/tags/Male%20New%20Agent%203%20(Splatoon),f
New Agent 3 & Callie (Splatoon),7,/tags/New%20Agent%203%20*a*%20Callie%20(Splatoon),r
New Agent 3 & Marie (Splatoon),8,/tags/New%20Agent%203%20*a*%20Marie%20(Splatoon),r
New Agent 3 (Splatoon)/Original Character(s),5,/tags/New%20Agent%203%20(Splatoon)*s*Original%20Character(s),r
Autistic Callie (Splatoon),6,/tags/Autistic%20Callie%20(Splatoon),f
Pearlina Week 2022 (Splatoon),6,/tags/Pearlina%20Week%202022%20(Splatoon),f
Mentioned Agent 3 (Splatoon) - Freeform,9,/tags/Mentioned%20Agent%203%20(Splatoon)%20-%20Freeform,f
Agent 3/New Agent 3 (Splatoon),9,/tags/Agent%203*s*New%20Agent%203%20(Splatoon),r
Ichiya & Warabi (Splatoon),4,/tags/Ichiya%20*a*%20Warabi%20(Splatoon),r
Front Roe (Splatoon),10,/tags/Front%20Roe%20(Splatoon),c
Ocho (Splatoon),16,/tags/Ocho%20(Splatoon),c
ω-3 (Splatoon),2,/tags/%CF%89-3%20(Splatoon),c
Cohozuna (Splatoon),4,/tags/Cohozuna%20(Splatoon),c
Squidmas (Splatoon),4,/tags/Squidmas%20(Splatoon),f
Sub Shiver (Splatoon),1,/tags/Sub%20Shiver%20(Splatoon),f
They/Them Pronouns for Agent 8 (Splatoon),9,/tags/They*s*Them%20Pronouns%20for%20Agent%208%20(Splatoon),f
Cohozuna (Splatoon)/Reader,0,/tags/Cohozuna%20(Splatoon)*s*Reader,r
Cohozuna (Splatoon)/Original Character(s),0,/tags/Cohozuna%20(Splatoon)*s*Original%20Character(s),r
Deep Cut & Smallfry | Little Buddy (Splatoon),0,/tags/Deep%20Cut%20*a*%20Smallfry%20%7C%20Little%20Buddy%20(Splatoon),r
DJ Octavio Being An Asshole (Splatoon),5,/tags/DJ%20Octavio%20Being%20An%20Asshole%20(Splatoon),f
Octoling(s)/Salmonid(s) (Splatoon),28,/tags/Octoling(s)*s*Salmonid(s)%20(Splatoon),r
Braids (Splatoon),7,/tags/Braids%20(Splatoon),c
Dedf1sh (Splatoon) & Dedusmuln (Hylics),0,/tags/Dedf1sh%20(Splatoon)%20*a*%20Dedusmuln%20(Hylics),r
Marie/Octoling(s) (Splatoon),3,/tags/Marie*s*Octoling(s)%20(Splatoon),r
Callie/Octoling(s) (Splatoon),3,/tags/Callie*s*Octoling(s)%20(Splatoon),r
Agent 4 & Mr. Grizz (Splatoon),1,/tags/Agent%204%20*a*%20Mr*d*%20Grizz%20(Splatoon),r
Big Man (Splatoon) & Reader,0,/tags/Big%20Man%20(Splatoon)%20*a*%20Reader,r
Frye/Marie (Splatoon),7,/tags/Frye*s*Marie%20(Splatoon),r
Big Man/Frye/Marie (Splatoon),0,/tags/Big%20Man*s*Frye*s*Marie%20(Splatoon),r
Trans Agent 8 (Splatoon),8,/tags/Trans%20Agent%208%20(Splatoon),f
Trans Marie (Splatoon),2,/tags/Trans%20Marie%20(Splatoon),f
He/Him and She/Her and They/Them Pronouns for Shiver (Splatoon),1,/tags/He*s*Him%20and%20She*s*Her%20and%20They*s*Them%20Pronouns%20for%20Shiver%20(Splatoon),f
Bayonetta | Cereza (Bayonetta) & Inkling(s) (Splatoon),0,/tags/Bayonetta%20%7C%20Cereza%20(Bayonetta)%20*a*%20Inkling(s)%20(Splatoon),r
Agent 3 & Smallfry | Little Buddy (Splatoon),1,/tags/Agent%203%20*a*%20Smallfry%20%7C%20Little%20Buddy%20(Splatoon),r
Agent 3 (Splatoon) & Everyone,0,/tags/Agent%203%20(Splatoon)%20*a*%20Everyone,r
Agent 3/Shiver (Splatoon),1,/tags/Agent%203*s*Shiver%20(Splatoon),r
Agent 3 & New Agent 3 & Agent 4 & Agent 8 (Splatoon),12,/tags/Agent%203%20*a*%20New%20Agent%203%20*a*%20Agent%204%20*a*%20Agent%208%20(Splatoon),r
New Agent 3 & Smallfry | Little Buddy (Splatoon),35,/tags/New%20Agent%203%20*a*%20Smallfry%20%7C%20Little%20Buddy%20(Splatoon),r
New Agent 3/Shiver (Splatoon),2,/tags/New%20Agent%203*s*Shiver%20(Splatoon),r
Agent 3 & DJ Octavio (Splatoon),4,/tags/Agent%203%20*a*%20DJ%20Octavio%20(Splatoon),r
Agent 3/New Agent 3/Agent 4 (Splatoon),0,/tags/Agent%203*s*New%20Agent%203*s*Agent%204%20(Splatoon),r
New Agent 3 & DJ Octavio (Splatoon),5,/tags/New%20Agent%203%20*a*%20DJ%20Octavio%20(Splatoon),r
New Agent 3 (Splatoon) & Everyone,2,/tags/New%20Agent%203%20(Splatoon)%20*a*%20Everyone,r
New Agent 3 & Cap'n Craig Cuttlefish,1,/tags/New%20Agent%203%20*a*%20Cap'n%20Craig%20Cuttlefish,r
Agent 3 & O.R.C.A. (Splatoon),0,/tags/Agent%203%20*a*%20O*d*R*d*C*d*A*d*%20(Splatoon),r
New Agent 3 & Deep Cut (Splatoon),4,/tags/New%20Agent%203%20*a*%20Deep%20Cut%20(Splatoon),r
Marie & Marina (Splatoon),1,/tags/Marie%20*a*%20Marina%20(Splatoon),r
Marie/Marina/Pearl (Splatoon),0,/tags/Marie*s*Marina*s*Pearl%20(Splatoon),r
New Agent 3 & O.R.C.A. (Splatoon),1,/tags/New%20Agent%203%20*a*%20O*d*R*d*C*d*A*d*%20(Splatoon),r
New Agent 3 (Splatoon) & Original Character(s),2,/tags/New%20Agent%203%20(Splatoon)%20*a*%20Original%20Character(s),r
Murch & Spyke (Splatoon),2,/tags/Murch%20*a*%20Spyke%20(Splatoon),r
New Agent 3 & Mr. Grizz (Splatoon),0,/tags/New%20Agent%203%20*a*%20Mr*d*%20Grizz%20(Splatoon),r
Paul & Ryū-Chang (Splatoon),0,/tags/Paul%20*a*%20Ry%C5%AB-Chang%20(Splatoon),r
New Agent 3 & Paul (Splatoon),0,/tags/New%20Agent%203%20*a*%20Paul%20(Splatoon),r
Forge Octarian Jacket (Splatoon)/Original Character(s),0,/tags/Forge%20Octarian%20Jacket%20(Splatoon)*s*Original%20Character(s),r
Agent 3 (Splatoon) & Original Male Character(s),0,/tags/Agent%203%20(Splatoon)%20*a*%20Original%20Male%20Character(s),r
Eye of Justice/Fierce Fishskull/Hivemind (Splatoon),0,/tags/Eye%20of%20Justice*s*Fierce%20Fishskull*s*Hivemind%20(Splatoon),r
Agent 3 (Splatoon)/Malroth (Dragon Quest Builders),0,/tags/Agent%203%20(Splatoon)*s*Malroth%20(Dragon%20Quest%20Builders),r
Marina & DJ Octavio (Splatoon),0,/tags/Marina%20*a*%20DJ%20Octavio%20(Splatoon),r
Annie/Harmony (Splatoon),0,/tags/Annie*s*Harmony%20(Splatoon),r
Big Man/Marie (Splatoon),2,/tags/Big%20Man*s*Marie%20(Splatoon),r
Callie/Smallfry | Little Buddy (Splatoon),0,/tags/Callie*s*Smallfry%20%7C%20Little%20Buddy%20(Splatoon),r
C4L4M4R (Splatoon),11,/tags/C4L4M4R%20(Splatoon),c
Stephanie (Splatoon),10,/tags/Stephanie%20(Splatoon),c
TakoTruck (Splatoon),10,/tags/TakoTruck%20(Splatoon),c
YARRwhal (Splatoon),7,/tags/YARRwhal%20(Splatoon),c
AnemoneNo1/Hirooooo (Splatoon),1,/tags/AnemoneNo1*s*Hirooooo%20(Splatoon),r
AnemoneNo1/Hirooooo/VeronIKA (Splatoon),1,/tags/AnemoneNo1*s*Hirooooo*s*VeronIKA%20(Splatoon),r
AnemoneNo1 & Hirooooo & VeronIKA (Splatoon),0,/tags/AnemoneNo1%20*a*%20Hirooooo%20*a*%20VeronIKA%20(Splatoon),r
Hirooooo/VeronIKA (Splatoon),9,/tags/Hirooooo*s*VeronIKA%20(Splatoon),r
Big Man/Inkling(s) (Splatoon),0,/tags/Big%20Man*s*Inkling(s)%20(Splatoon),r
Big Man/Octoling(s) (Splatoon),0,/tags/Big%20Man*s*Octoling(s)%20(Splatoon),r
Inkling(s)/Shiver (Splatoon),0,/tags/Inkling(s)*s*Shiver%20(Splatoon),r
Octoling(s)/Octoling(s) (Splatoon),2,/tags/Octoling(s)*s*Octoling(s)%20(Splatoon),r
New Agent 3 & Murch (Splatoon),0,/tags/New%20Agent%203%20*a*%20Murch%20(Splatoon),r
Marie (Splatoon)/X (Rockman Classic Universe),0,/tags/Marie%20(Splatoon)*s*X%20(Rockman%20Classic%20Universe),r
Big Man/Mr. Grizz (Splatoon),2,/tags/Big%20Man*s*Mr*d*%20Grizz%20(Splatoon),r
Agent 3 & Inkling(s) (Splatoon),1,/tags/Agent%203%20*a*%20Inkling(s)%20(Splatoon),r
New Agent 3 (Splatoon)/Reader,1,/tags/New%20Agent%203%20(Splatoon)*s*Reader,r
Agent 3 & Agent 8 & Cap'n Craig Cuttlefish & Marina & Pearl (Splatoon),2,/tags/Agent%203%20*a*%20Agent%208%20*a*%20Cap'n%20Craig%20Cuttlefish%20*a*%20Marina%20*a*%20Pearl%20(Splatoon),r
Agent 4 & Callie & Marie (Splatoon) & Original Character(s),2,/tags/Agent%204%20*a*%20Callie%20*a*%20Marie%20(Splatoon)%20*a*%20Original%20Character(s),r
Mr. Grizz/Inkling(s) (Splatoon),1,/tags/Mr*d*%20Grizz*s*Inkling(s)%20(Splatoon),r
Callie & Octarian(s) (Splatoon),2,/tags/Callie%20*a*%20Octarian(s)%20(Splatoon),r
Hachi | Eight/Nana | Seven (Splatoon),0,/tags/Hachi%20%7C%20Eight*s*Nana%20%7C%20Seven%20(Splatoon),r
Hirooooo/YARRwhal (Splatoon),0,/tags/Hirooooo*s*YARRwhal%20(Splatoon),r
Ichiya/Mizole (Splatoon),0,/tags/Ichiya*s*Mizole%20(Splatoon),r
Dedf1sh (Splatoon)/Ludwig von Koopa,0,/tags/Dedf1sh%20(Splatoon)*s*Ludwig%20von%20Koopa,r
Squee-G(s) (Splatoon),0,/tags/Squee-G(s)%20(Splatoon),c
Female Inkling(s)/Female Inkling(s) (Splatoon),1,/tags/Female%20Inkling(s)*s*Female%20Inkling(s)%20(Splatoon),r
Pearl (Splatoon) & Vian Treston,0,/tags/Pearl%20(Splatoon)%20*a*%20Vian%20Treston,r
Loona (Helluva Boss) & New Squidbeak Splatoon (Splatoon),0,/tags/Loona%20(Helluva%20Boss)%20*a*%20New%20Squidbeak%20Splatoon%20(Splatoon),r
Splatfest: Fancy Party vs. Costume Party (Splatoon),0,/tags/Splatfest:%20Fancy%20Party%20vs*d*%20Costume%20Party%20(Splatoon),f
Paul & Warabi | Mashup (Splatoon),0,/tags/Paul%20*a*%20Warabi%20%7C%20Mashup%20(Splatoon),r
Marina & Warabi | Mashup (Splatoon),1,/tags/Marina%20*a*%20Warabi%20%7C%20Mashup%20(Splatoon),r
Ikkan | Quinn/Warabi | Mashup (Splatoon),16,/tags/Ikkan%20%7C%20Quinn*s*Warabi%20%7C%20Mashup%20(Splatoon),r
Ikkan | Quinn & Warabi | Mashup (Splatoon),10,/tags/Ikkan%20%7C%20Quinn%20*a*%20Warabi%20%7C%20Mashup%20(Splatoon),r
Paisley & Skull (Splatoon),1,/tags/Paisley%20*a*%20Skull%20(Splatoon),r
Inkling(s) (Splatoon)/Princess Peach (Nintendo),0,/tags/Inkling(s)%20(Splatoon)*s*Princess%20Peach%20(Nintendo),r
kAyOSs (Splatoon),12,/tags/kAyOSs%20(Splatoon),c
New Agent 3 (Splatoon) & Reader,1,/tags/New%20Agent%203%20(Splatoon)%20*a*%20Reader,r
Ocho (Splatoon)/Reader,1,/tags/Ocho%20(Splatoon)*s*Reader,r
ω-3 DJ (Splatoon),1,/tags/%CF%89-3%20DJ%20(Splatoon),c
Marie Needs a Hug (Splatoon),4,/tags/Marie%20Needs%20a%20Hug%20(Splatoon),f
Marie (Splatoon) & Original Character(s),4,/tags/Marie%20(Splatoon)%20*a*%20Original%20Character(s),r
Callie (Splatoon) & Original Character(s),2,/tags/Callie%20(Splatoon)%20*a*%20Original%20Character(s),r
Hirooooo & kAyOSs (Splatoon),0,/tags/Hirooooo%20*a*%20kAyOSs%20(Splatoon),r
Mr. Coco/Nails (Splatoon),0,/tags/Mr*d*%20Coco*s*Nails%20(Splatoon),r
Hachi | Eight & Prince (Splatoon),1,/tags/Hachi%20%7C%20Eight%20*a*%20Prince%20(Splatoon),r
Disabled Shiver (Splatoon),2,/tags/Disabled%20Shiver%20(Splatoon),f
Callie (Splatoon)/Jesse Pinkman,0,/tags/Callie%20(Splatoon)*s*Jesse%20Pinkman,r
Frye/Marie/Shiver (Splatoon),6,/tags/Frye*s*Marie*s*Shiver%20(Splatoon),r
Ikkan | Quinn (Splatoon)/Reader,1,/tags/Ikkan%20%7C%20Quinn%20(Splatoon)*s*Reader,r
Agent 8 (Splatoon) & Bandana Waddle Dee,0,/tags/Agent%208%20(Splatoon)%20*a*%20Bandana%20Waddle%20Dee,r
Aloha/Army/Mask/Rider/Skull (Splatoon),28,/tags/Aloha*s*Army*s*Mask*s*Rider*s*Skull%20(Splatoon),r
Harmony & Shiver (Splatoon),1,/tags/Harmony%20*a*%20Shiver%20(Splatoon),r
New Agent 3 & Shiver (Splatoon),4,/tags/New%20Agent%203%20*a*%20Shiver%20(Splatoon),r
Gloves (Splatoon) & Original Character(s),0,/tags/Gloves%20(Splatoon)%20*a*%20Original%20Character(s),r
She/Her Pronouns for New Agent 3 (Splatoon),8,/tags/She*s*Her%20Pronouns%20for%20New%20Agent%203%20(Splatoon),f
They/Them Pronouns for Agent 4 (Splatoon),6,/tags/They*s*Them%20Pronouns%20for%20Agent%204%20(Splatoon),f
T4T Frye/Shiver (Splatoon),3,/tags/T4T%20Frye*s*Shiver%20(Splatoon),f
He/Him and They/Them Pronouns for Shiver (Splatoon),2,/tags/He*s*Him%20and%20They*s*Them%20Pronouns%20for%20Shiver%20(Splatoon),f
Trans Frye (Splatoon),11,/tags/Trans%20Frye%20(Splatoon),f
Traumatized New Agent 3 (Splatoon),3,/tags/Traumatized%20New%20Agent%203%20(Splatoon),f
She/Her and They/Them Pronouns for Agent 8 (Splatoon),2,/tags/She*s*Her%20and%20They*s*Them%20Pronouns%20for%20Agent%208%20(Splatoon),f
Splatfest: Delicious vs. Disgusting (Splatoon),0,/tags/Splatfest:%20Delicious%20vs*d*%20Disgusting%20(Splatoon),f
Sanitization Scars (Splatoon),19,/tags/Sanitization%20Scars%20(Splatoon),f
Callie-Centric (Splatoon),5,/tags/Callie-Centric%20(Splatoon),f
He/Him Pronouns for Shiver (Splatoon),1,/tags/He*s*Him%20Pronouns%20for%20Shiver%20(Splatoon),f
My First Splatoon Fic,6,/tags/My%20First%20Splatoon%20Fic,f
Song: Nasty Majesty (Splatoon),0,/tags/Song:%20Nasty%20Majesty%20(Splatoon),f
Shiver Being Cringefail (Splatoon),4,/tags/Shiver%20Being%20Cringefail%20(Splatoon),f
Fuzzy Ooze (Splatoon),13,/tags/Fuzzy%20Ooze%20(Splatoon),f
Inkling New Agent 3 (Splatoon),12,/tags/Inkling%20New%20Agent%203%20(Splatoon),f
Agent 3 is Called Captain (Splatoon),20,/tags/Agent%203%20is%20Called%20Captain%20(Splatoon),f
Agent 3 is Captain of New Squidbeak Splatoon,18,/tags/Agent%203%20is%20Captain%20of%20New%20Squidbeak%20Splatoon,f
Frye & Marie (Splatoon),5,/tags/Frye%20*a*%20Marie%20(Splatoon),r
Harmony (Splatoon) & Waluigi & Wario (Nintendo),0,/tags/Harmony%20(Splatoon)%20*a*%20Waluigi%20*a*%20Wario%20(Nintendo),r
Agent 3 (Splatoon)/Marino (Rockman X),0,/tags/Agent%203%20(Splatoon)*s*Marino%20(Rockman%20X),r
Master Mega & Shiver (Splatoon),1,/tags/Master%20Mega%20*a*%20Shiver%20(Splatoon),r
Aloha/Army/Mask (Splatoon),1,/tags/Aloha*s*Army*s*Mask%20(Splatoon),r
Shadow Goggles/Shadow Rider (Splatoon),0,/tags/Shadow%20Goggles*s*Shadow%20Rider%20(Splatoon),r
Shadow Rider (Splatoon),0,/tags/Shadow%20Rider%20(Splatoon),c
Shadow Goggles/Rider (Splatoon),0,/tags/Shadow%20Goggles*s*Rider%20(Splatoon),r
Gnarly Eddy/Nails (Splatoon),0,/tags/Gnarly%20Eddy*s*Nails%20(Splatoon),r
Itawasa (Splatoon),0,/tags/Itawasa%20(Splatoon),c
Goggles & Skull (Splatoon),1,/tags/Goggles%20*a*%20Skull%20(Splatoon),r
Callie/Shy-Ho-Shy (Splatoon),1,/tags/Callie*s*Shy-Ho-Shy%20(Splatoon),r
Marie/Shy-Ho-Shy (Splatoon),1,/tags/Marie*s*Shy-Ho-Shy%20(Splatoon),r
Karen (Splatoon),2,/tags/Karen%20(Splatoon),c
Barry C. (Splatoon),1,/tags/Barry%20C*d*%20(Splatoon),c
Gnarly Eddy & Nails (Splatoon),2,/tags/Gnarly%20Eddy%20*a*%20Nails%20(Splatoon),r
Dedf1sh/Harmony (Splatoon),6,/tags/Dedf1sh*s*Harmony%20(Splatoon),r
Marina & Commander Tartar (Splatoon),1,/tags/Marina%20*a*%20Commander%20Tartar%20(Splatoon),r
8-Bit (Splatoon),9,/tags/8-Bit%20(Splatoon),c
Triple Sunglasses (Splatoon),0,/tags/Triple%20Sunglasses%20(Splatoon),c
Splatfest: Dark Chocolate vs. Milk Chocolate vs. White Chocolate (Splatoon),2,/tags/Splatfest:%20Dark%20Chocolate%20vs*d*%20Milk%20Chocolate%20vs*d*%20White%20Chocolate%20(Splatoon),f
New Agent 3/Agent 8 (Splatoon),2,/tags/New%20Agent%203*s*Agent%208%20(Splatoon),r
8-Bit/Bobble (Splatoon),0,/tags/8-Bit*s*Bobble%20(Splatoon),r
Karen/Yōko (Splatoon),1,/tags/Karen*s*Y%C5%8Dko%20(Splatoon),r
Mr. Grizz/DJ Octavio (Splatoon),0,/tags/Mr*d*%20Grizz*s*DJ%20Octavio%20(Splatoon),r
Marie (Splatoon)/Everyone,0,/tags/Marie%20(Splatoon)*s*Everyone,r
Agent 3/New Agent 3/Agent 8 (Splatoon),1,/tags/Agent%203*s*New%20Agent%203*s*Agent%208%20(Splatoon),r
Mask/Rider (Splatoon),4,/tags/Mask*s*Rider%20(Splatoon),r
Marie & Shiver (Splatoon),4,/tags/Marie%20*a*%20Shiver%20(Splatoon),r
Horn Helmet (Splatoon),1,/tags/Horn%20Helmet%20(Splatoon),c
Noijī | Clash (Splatoon) & Raian | Orion (Splatoon),2,/tags/Noij%C4%AB%20%7C%20Clash%20(Splatoon)%20*a*%20Raian%20%7C%20Orion%20(Splatoon),r
Callie/Marina/Pearl (Splatoon),1,/tags/Callie*s*Marina*s*Pearl%20(Splatoon),r
Gnarly Eddy/Judd (Splatoon),0,/tags/Gnarly%20Eddy*s*Judd%20(Splatoon),r
New Agent 3 & Smallfry | Little Buddy & Original Character(s) (Splatoon),0,/tags/New%20Agent%203%20*a*%20Smallfry%20%7C%20Little%20Buddy%20*a*%20Original%20Character(s)%20(Splatoon),r
Li'l Judd/Shiver (Splatoon),0,/tags/Li'l%20Judd*s*Shiver%20(Splatoon),r
Omega/Skull/Vintage (Splatoon),0,/tags/Omega*s*Skull*s*Vintage%20(Splatoon),r
Mr. Grizz & Judd & Li'l Judd (Splatoon),1,/tags/Mr*d*%20Grizz%20*a*%20Judd%20*a*%20Li'l%20Judd%20(Splatoon),r
8-Bit/Shady (Splatoon),4,/tags/8-Bit*s*Shady%20(Splatoon),r
ω-3 Cellist (Splatoon),0,/tags/%CF%89-3%20Cellist%20(Splatoon),c
Big Man & DJ Octavio (Splatoon),0,/tags/Big%20Man%20*a*%20DJ%20Octavio%20(Splatoon),r
Horrorboros (Splatoon),8,/tags/Horrorboros%20(Splatoon),c
Agent 8 & Frye (Splatoon),0,/tags/Agent%208%20*a*%20Frye%20(Splatoon),r
Warabi | Mashup (Splatoon)/Reader,1,/tags/Warabi%20%7C%20Mashup%20(Splatoon)*s*Reader,r
Murasaki & Namida | Nami (Splatoon),0,/tags/Murasaki%20*a*%20Namida%20%7C%20Nami%20(Splatoon),r
New Agent 3 & Marina (Splatoon),1,/tags/New%20Agent%203%20*a*%20Marina%20(Splatoon),r
New Agent 3 & Callie & Marie (Splatoon),1,/tags/New%20Agent%203%20*a*%20Callie%20*a*%20Marie%20(Splatoon),r
Agent 3 & Agent 8 & Marie & Pearl (Splatoon),0,/tags/Agent%203%20*a*%20Agent%208%20*a*%20Marie%20*a*%20Pearl%20(Splatoon),r
Gloves/Vintage (Splatoon),6,/tags/Gloves*s*Vintage%20(Splatoon),r
Agent 3 & Agent 8 (Splatoon) & Original Character(s),0,/tags/Agent%203%20*a*%20Agent%208%20(Splatoon)%20*a*%20Original%20Character(s),r
Gnarly Eddy/Harmony (Splatoon),0,/tags/Gnarly%20Eddy*s*Harmony%20(Splatoon),r
Spyke/Warabi | Mashup (Splatoon)/Reader,0,/tags/Spyke*s*Warabi%20%7C%20Mashup%20(Splatoon)*s*Reader,r
Braids/Horn Helmet (Splatoon),0,/tags/Braids*s*Horn%20Helmet%20(Splatoon),r
Ichiya & Namida | Nami (Splatoon),0,/tags/Ichiya%20*a*%20Namida%20%7C%20Nami%20(Splatoon),r
Ichiya & Murasaki (Splatoon),0,/tags/Ichiya%20*a*%20Murasaki%20(Splatoon),r
Shelly (Splatoon),2,/tags/Shelly%20(Splatoon),c
Donny (Splatoon),2,/tags/Donny%20(Splatoon),c
Zine: New Squidbeak Splatoon Zine,0,/tags/Zine:%20New%20Squidbeak%20Splatoon%20Zine,f
She/Her and They/Them Pronouns for Agent 4 (Splatoon),3,/tags/She*s*Her%20and%20They*s*Them%20Pronouns%20for%20Agent%204%20(Splatoon),f
AFAB Shiver (Splatoon),3,/tags/AFAB%20Shiver%20(Splatoon),f
Fresh Season 2023 (Splatoon),0,/tags/Fresh%20Season%202023%20(Splatoon),f
Trans Callie (Splatoon),1,/tags/Trans%20Callie%20(Splatoon),f
Fred Crumbs (Splatoon)/Reader,1,/tags/Fred%20Crumbs%20(Splatoon)*s*Reader,r
Fred Crumbs (Splatoon),3,/tags/Fred%20Crumbs%20(Splatoon),c
8-Bit & Shady (Splatoon),2,/tags/8-Bit%20*a*%20Shady%20(Splatoon),r
Skull (Splatoon)/Original Character(s),1,/tags/Skull%20(Splatoon)*s*Original%20Character(s),r
Vintage (Splatoon)/Original Character(s),1,/tags/Vintage%20(Splatoon)*s*Original%20Character(s),r
Agent 3 (Splatoon) & Master Hand,1,/tags/Agent%203%20(Splatoon)%20*a*%20Master%20Hand,r
Aloha (Splatoon)/Original Female Character(s),1,/tags/Aloha%20(Splatoon)*s*Original%20Female%20Character(s),r
Murch/Spyke (Splatoon),3,/tags/Murch*s*Spyke%20(Splatoon),r
Harmony/Marie (Splatoon),0,/tags/Harmony*s*Marie%20(Splatoon),r
Emperor/Glasses | Specs/Goggles/Rider (Splatoon),0,/tags/Emperor*s*Glasses%20%7C%20Specs*s*Goggles*s*Rider%20(Splatoon),r
Aloha & Goggles (Splatoon),0,/tags/Aloha%20*a*%20Goggles%20(Splatoon),r
Rider/Skull (Splatoon),3,/tags/Rider*s*Skull%20(Splatoon),r
Cap'n Craig Cuttlefish & Marie,1,/tags/Cap'n%20Craig%20Cuttlefish%20*a*%20Marie,r
C4L4M4R/Hirooooo (Splatoon),2,/tags/C4L4M4R*s*Hirooooo%20(Splatoon),r
Callie & Octoling(s) (Splatoon),2,/tags/Callie%20*a*%20Octoling(s)%20(Splatoon),r
Ikkan | Quinn/Noijī | Clash/Warabi | Mashup (Splatoon),1,/tags/Ikkan%20%7C%20Quinn*s*Noij%C4%AB%20%7C%20Clash*s*Warabi%20%7C%20Mashup%20(Splatoon),r
Aviators/Double Egg (Splatoon),0,/tags/Aviators*s*Double%20Egg%20(Splatoon),r
Namida | Nami/Ryan | Ryley (Splatoon),0,/tags/Namida%20%7C%20Nami*s*Ryan%20%7C%20Ryley%20(Splatoon),r
AnemoneNo1/TakoTruck (Splatoon),2,/tags/AnemoneNo1*s*TakoTruck%20(Splatoon),r
Chinook (Splatoon),0,/tags/Chinook%20(Splatoon),c
Dedf1sh & Turquoise October (Splatoon),1,/tags/Dedf1sh%20*a*%20Turquoise%20October%20(Splatoon),r
AnemoneNo1/VeronIKA (Splatoon),1,/tags/AnemoneNo1*s*VeronIKA%20(Splatoon),r
Annie & Moe (Splatoon),2,/tags/Annie%20*a*%20Moe%20(Splatoon),r
Beika (Splatoon),12,/tags/Beika%20(Splatoon),c
Uotora (Splatoon),5,/tags/Uotora%20(Splatoon),c
Kikura (Splatoon),8,/tags/Kikura%20(Splatoon),c
Dedf1sh & Marie (Splatoon),1,/tags/Dedf1sh%20*a*%20Marie%20(Splatoon),r
Beika/Kikura (Splatoon),1,/tags/Beika*s*Kikura%20(Splatoon),r
Deep Cut (Splatoon)/Original Character(s),1,/tags/Deep%20Cut%20(Splatoon)*s*Original%20Character(s),r
Splatfest: Nessie vs. Aliens vs. Bigfoot (Splatoon),0,/tags/Splatfest:%20Nessie%20vs*d*%20Aliens%20vs*d*%20Bigfoot%20(Splatoon),f
Splatfest: Power vs. Wisdom vs. Courage (Splatoon & Legend of Zelda),0,/tags/Splatfest:%20Power%20vs*d*%20Wisdom%20vs*d*%20Courage%20(Splatoon%20*a*%20Legend%20of%20Zelda),f
Agent 4 & Octoling(s) (Splatoon),1,/tags/Agent%204%20*a*%20Octoling(s)%20(Splatoon),r
Aloha & Army & Mask & Skull & Rider (Splatoon),4,/tags/Aloha%20*a*%20Army%20*a*%20Mask%20*a*%20Skull%20*a*%20Rider%20(Splatoon),r
Big Man & Marina (Splatoon),1,/tags/Big%20Man%20*a*%20Marina%20(Splatoon),r
Big Man & Pearl (Splatoon),1,/tags/Big%20Man%20*a*%20Pearl%20(Splatoon),r
Big Man & Callie (Splatoon),1,/tags/Big%20Man%20*a*%20Callie%20(Splatoon),r
Big Man & Marie (Splatoon),1,/tags/Big%20Man%20*a*%20Marie%20(Splatoon),r
Big Man (Splatoon) & Original Character(s),1,/tags/Big%20Man%20(Splatoon)%20*a*%20Original%20Character(s),r
Bisk/Crusty Sean (Splatoon),0,/tags/Bisk*s*Crusty%20Sean%20(Splatoon),r
Callie/Frye/Shiver (Splatoon),3,/tags/Callie*s*Frye*s*Shiver%20(Splatoon),r
New Agent 3 & Frye (Splatoon),1,/tags/New%20Agent%203%20*a*%20Frye%20(Splatoon),r
Ikkan | Quinn/Noijī | Clash (Splatoon),0,/tags/Ikkan%20%7C%20Quinn*s*Noij%C4%AB%20%7C%20Clash%20(Splatoon),r
Harmony/Noijī | Clash (Splatoon),0,/tags/Harmony*s*Noij%C4%AB%20%7C%20Clash%20(Splatoon),r
Harmony/Namida | Nami (Splatoon),0,/tags/Harmony*s*Namida%20%7C%20Nami%20(Splatoon),r
Pearl & Warabi | Mashup (Splatoon),0,/tags/Pearl%20*a*%20Warabi%20%7C%20Mashup%20(Splatoon),r
Callie (Splatoon)/Zero (Rockman Classic Universe),0,/tags/Callie%20(Splatoon)*s*Zero%20(Rockman%20Classic%20Universe),r
New Agent 3/Agent 8 (Splatoon)/Reader,0,/tags/New%20Agent%203*s*Agent%208%20(Splatoon)*s*Reader,r
Warabi | Mashup (Splatoon) & Original Character(s),0,/tags/Warabi%20%7C%20Mashup%20(Splatoon)%20*a*%20Original%20Character(s),r
New Agent 3/Stephanie (Splatoon),0,/tags/New%20Agent%203*s*Stephanie%20(Splatoon),r
Hirooooo/kAyOss (Splatoon),0,/tags/Hirooooo*s*kAyOss%20(Splatoon),r
New Agent 3 & Hirooooo (Splatoon),0,/tags/New%20Agent%203%20*a*%20Hirooooo%20(Splatoon),r
Mask/Rider/Skull (Splatoon),0,/tags/Mask*s*Rider*s*Skull%20(Splatoon),r
Beika & Ichiya (Splatoon),0,/tags/Beika%20*a*%20Ichiya%20(Splatoon),r
Noijī | Clash/Raian | Orion (Splatoon),0,/tags/Noij%C4%AB%20%7C%20Clash*s*Raian%20%7C%20Orion%20(Splatoon),r
Braids/Rider (Splatoon),0,/tags/Braids*s*Rider%20(Splatoon),r
Braids/Ocho (Splatoon),1,/tags/Braids*s*Ocho%20(Splatoon),r
Hirooooo & VeronIKA (Splatoon),0,/tags/Hirooooo%20*a*%20VeronIKA%20(Splatoon),r
AnemoneNo1 & C4L4M4R & Hirooooo & VeronIKA (Splatoon),0,/tags/AnemoneNo1%20*a*%20C4L4M4R%20*a*%20Hirooooo%20*a*%20VeronIKA%20(Splatoon),r
Judd & Commander Tartar (Splatoon),0,/tags/Judd%20*a*%20Commander%20Tartar%20(Splatoon),r
Agent 4 Needs A Hug (Splatoon),3,/tags/Agent%204%20Needs%20A%20Hug%20(Splatoon),f
Autistic Agent 8 (Splatoon),0,/tags/Autistic%20Agent%208%20(Splatoon),f
Firefly Squid Aloha (Splatoon),0,/tags/Firefly%20Squid%20Aloha%20(Splatoon),f
Aloha/Hachi | Eight (Splatoon),1,/tags/Aloha*s*Hachi%20%7C%20Eight%20(Splatoon),r
Smallfry | Little Buddy (Splatoon) & Original Character(s),1,/tags/Smallfry%20%7C%20Little%20Buddy%20(Splatoon)%20*a*%20Original%20Character(s),r
004clm (Splatoon),4,/tags/004clm%20(Splatoon),c
Dedf1sh (Splatoon) & Original Character(s),1,/tags/Dedf1sh%20(Splatoon)%20*a*%20Original%20Character(s),r
Prince (Splatoon) & Original Female Character(s),1,/tags/Prince%20(Splatoon)%20*a*%20Original%20Female%20Character(s),r
Inkfall/Vader (Splatoon),2,/tags/Inkfall*s*Vader%20(Splatoon),r
Karla (Splatoon),1,/tags/Karla%20(Splatoon),c
Yanikasu-kun (たのしいサーモンラン | Happy Salmon Run),2,/tags/Yanikasu-kun%20(%E3%81%9F%E3%81%AE%E3%81%97%E3%81%84%E3%82%B5%E3%83%BC%E3%83%A2%E3%83%B3%E3%83%A9%E3%83%B3%20%7C%20Happy%20Salmon%20Run),c
Enadori-kun (たのしいサーモンラン | Happy Salmon Run),2,/tags/Enadori-kun%20(%E3%81%9F%E3%81%AE%E3%81%97%E3%81%84%E3%82%B5%E3%83%BC%E3%83%A2%E3%83%B3%E3%83%A9%E3%83%B3%20%7C%20Happy%20Salmon%20Run),c
Enadori-kun/Yanikasu-kun (たのしいサーモンラン | Happy Salmon Run),0,/tags/Enadori-kun*s*Yanikasu-kun%20(%E3%81%9F%E3%81%AE%E3%81%97%E3%81%84%E3%82%B5%E3%83%BC%E3%83%A2%E3%83%B3%E3%83%A9%E3%83%B3%20%7C%20Happy%20Salmon%20Run),r
Enadori-kun & Yanikasu-kun (たのしいサーモンラン | Happy Salmon Run),0,/tags/Enadori-kun%20*a*%20Yanikasu-kun%20(%E3%81%9F%E3%81%AE%E3%81%97%E3%81%84%E3%82%B5%E3%83%BC%E3%83%A2%E3%83%B3%E3%83%A9%E3%83%B3%20%7C%20Happy%20Salmon%20Run),r
Stephanie/TakoTruck (Splatoon),1,/tags/Stephanie*s*TakoTruck%20(Splatoon),r
Agent 4 & Big Man & Frye (Splatoon),1,/tags/Agent%204%20*a*%20Big%20Man%20*a*%20Frye%20(Splatoon),r
DJ Octavio/Ammoses Shellendorf,1,/tags/DJ%20Octavio*s*Ammoses%20Shellendorf,r
Army & B-Sailor (Splatoon),1,/tags/Army%20*a*%20B-Sailor%20(Splatoon),r
Army & W-Sailor (Splatoon),1,/tags/Army%20*a*%20W-Sailor%20(Splatoon),r
Pearl (Splatoon) & Original Character(s),1,/tags/Pearl%20(Splatoon)%20*a*%20Original%20Character(s),r
Tsumabushi | Neil (Splatoon),1,/tags/Tsumabushi%20%7C%20Neil%20(Splatoon),c
Kazami | Candi (Splatoon),1,/tags/Kazami%20%7C%20Candi%20(Splatoon),c
Kagi | Keaton (Splatoon),1,/tags/Kagi%20%7C%20Keaton%20(Splatoon),c
Braids & Ocho (Splatoon),1,/tags/Braids%20*a*%20Ocho%20(Splatoon),r
Marie (Splatoon)/Sooga (Legend of Zelda),2,/tags/Marie%20(Splatoon)*s*Sooga%20(Legend%20of%20Zelda),r
Ocho & Smallfry | Little Buddy (Splatoon),0,/tags/Ocho%20*a*%20Smallfry%20%7C%20Little%20Buddy%20(Splatoon),r
Aloha/Mask/Rider (Splatoon),0,/tags/Aloha*s*Mask*s*Rider%20(Splatoon),r
Emperor (Splatoon)/Other(s),0,/tags/Emperor%20(Splatoon)*s*Other(s),r
Arrow/Knit Hat (Splatoon),0,/tags/Arrow*s*Knit%20Hat%20(Splatoon),r
Sheldon/Spyke (Splatoon),0,/tags/Sheldon*s*Spyke%20(Splatoon),r
Vader (Splatoon)/Everyone,0,/tags/Vader%20(Splatoon)*s*Everyone,r
New Agent 3 & Harmony (Splatoon),0,/tags/New%20Agent%203%20*a*%20Harmony%20(Splatoon),r
"Sawaberu Taichi | Myron ""Ronnie"" Swamps",0,/tags/Sawaberu%20Taichi%20%7C%20Myron%20%22Ronnie%22%20Swamps,c
"Paul & Sawaberu Taichi | Myron ""Ronnie"" Swamps",0,/tags/Paul%20*a*%20Sawaberu%20Taichi%20%7C%20Myron%20%22Ronnie%22%20Swamps,r
Big Man & Frye & Shiver (Splatoon) & Original Character(s),1,/tags/Big%20Man%20*a*%20Frye%20*a*%20Shiver%20(Splatoon)%20*a*%20Original%20Character(s),r
004clm/Murasaki (Splatoon),0,/tags/004clm*s*Murasaki%20(Splatoon),r
004clm & Murasaki (Splatoon),0,/tags/004clm%20*a*%20Murasaki%20(Splatoon),r
Frye (Splatoon) & Rick Sanchez (Rick and Morty),0,/tags/Frye%20(Splatoon)%20*a*%20Rick%20Sanchez%20(Rick%20and%20Morty),r
Noijī | Clash/Warabi | Mashup (Splatoon),0,/tags/Noij%C4%AB%20%7C%20Clash*s*Warabi%20%7C%20Mashup%20(Splatoon),r
Bibi | Zuzu/Yōko (Splatoon),0,/tags/Bibi%20%7C%20Zuzu*s*Y%C5%8Dko%20(Splatoon),r
Paul & SashiMori (Splatoon),0,/tags/Paul%20*a*%20SashiMori%20(Splatoon),r
Agent 3 & Agent 4 & Agent 8 (Splatoon) & Original Character(s),0,/tags/Agent%203%20*a*%20Agent%204%20*a*%20Agent%208%20(Splatoon)%20*a*%20Original%20Character(s),r
8-Bit (Splatoon)/Original Character(s),0,/tags/8-Bit%20(Splatoon)*s*Original%20Character(s),r
New Agent 3/Big Man (Splatoon),0,/tags/New%20Agent%203*s*Big%20Man%20(Splatoon),r
Aloha/Mask/Skull (Splatoon),0,/tags/Aloha*s*Mask*s*Skull%20(Splatoon),r
New Agent 3/Hirooooo (Splatoon),0,/tags/New%20Agent%203*s*Hirooooo%20(Splatoon),r
Sheldon (Splatoon)/Reader,1,/tags/Sheldon%20(Splatoon)*s*Reader,r
New Agent 3/Commander Tartar (Splatoon),0,/tags/New%20Agent%203*s*Commander%20Tartar%20(Splatoon),r
Forge Octarian Jacket & W-Sailor (Splatoon),0,/tags/Forge%20Octarian%20Jacket%20*a*%20W-Sailor%20(Splatoon),r
Kazami | Candi & Tsumabushi | Neil (Splatoon),0,/tags/Kazami%20%7C%20Candi%20*a*%20Tsumabushi%20%7C%20Neil%20(Splatoon),r
DJ Octavio/Inkling(s) (Splatoon),0,/tags/DJ%20Octavio*s*Inkling(s)%20(Splatoon),r
Mizole | Mizo (Splatoon) & Original Character(s),0,/tags/Mizole%20%7C%20Mizo%20(Splatoon)%20*a*%20Original%20Character(s),r
Kikura & Namida | Nami (Splatoon),1,/tags/Kikura%20*a*%20Namida%20%7C%20Nami%20(Splatoon),r
Kohga (Legend of Zelda)/Marie (Splatoon),0,/tags/Kohga%20(Legend%20of%20Zelda)*s*Marie%20(Splatoon),r
Yanikasu-kun/Yanikasu-kun (たのしいサーモンラン | Happy Salmon Run),0,/tags/Yanikasu-kun*s*Yanikasu-kun%20(%E3%81%9F%E3%81%AE%E3%81%97%E3%81%84%E3%82%B5%E3%83%BC%E3%83%A2%E3%83%B3%E3%83%A9%E3%83%B3%20%7C%20Happy%20Salmon%20Run),r
