tag,count,href,category
Duncan Jones,236,/tags/Duncan%20Jones,c
Lewis Brindley,259,/tags/Lewis%20Brindley,c
Daisy Duke (Yogscast),5,/tags/Daisy%20Duke%20(Yogscast),c
Benji | Benjizm,27,/tags/Benji%20%7C%20Benjizm,c
Chris Trott,711,/tags/Chris%20Trott,c
Ross Hornby,738,/tags/Ross%20Hornby,c
Martyn Littlewood | InTheLittleWood,1718,/tags/Martyn%20Littlewood%20%7C%20InTheLittleWood,c
Chris Lovasz,178,/tags/Chris%20Lovasz,c
Paul Sykes,87,/tags/Paul%20Sykes,c
Tom Clarke | Sparkles,34,/tags/Tom%20Clarke%20%7C%20Sparkles,c
Simon Lane,105,/tags/Simon%20Lane,c
Hat Films,68,/tags/Hat%20Films,f
Lalnable Hector,117,/tags/Lalnable%20Hector,c
William Strife,449,/tags/William%20Strife,c
Alex Parvis,312,/tags/Alex%20Parvis,c
Hat Films - Character,32,/tags/Hat%20Films%20-%20Character,c
Spacker LeChuck,1,/tags/Spacker%20LeChuck,c
Mark Turpin,27,/tags/Mark%20Turpin,c
Alex Smith/Chris Trott,205,/tags/Alex%20Smith*s*Chris%20Trott,r
Ross Hornby/Alex Smith,264,/tags/Ross%20Hornby*s*Alex%20Smith,r
Alex Parvis/Spike (BtVS),0,/tags/Alex%20Parvis*s*Spike%20(BtVS),r
Alex Parvis/William Strife,189,/tags/Alex%20Parvis*s*William%20Strife,r
Liam MacKay,7,/tags/Liam%20MacKay,c
Basil Longshorts,1,/tags/Basil%20Longshorts,c
Alex Parvis & William Strife,24,/tags/Alex%20Parvis%20*a*%20William%20Strife,r
Tom Clarke | Sparkles/Leo Taylor,1,/tags/Tom%20Clarke%20%7C%20Sparkles*s*Leo%20Taylor,r
Urban Magic Yogs,211,/tags/Urban%20Magic%20Yogs,f
Yogscast Medium Bang,3,/tags/Yogscast%20Medium%20Bang,f
Tom Clark,73,/tags/Tom%20Clark,c
Hannah Rutherford,142,/tags/Hannah%20Rutherford,c
Yogscast Secret Santa,2,/tags/Yogscast%20Secret%20Santa,f
Sam Gibbs,6,/tags/Sam%20Gibbs,c
Tom Clark/Sam Gibbs,5,/tags/Tom%20Clark*s*Sam%20Gibbs,r
Duncan Jones/Kim Richards,56,/tags/Duncan%20Jones*s*Kim%20Richards,r
Yogscast Big Bang Challenge,0,/tags/Yogscast%20Big%20Bang%20Challenge,f
Kim Richards,256,/tags/Kim%20Richards,c
Tom Bates,1,/tags/Tom%20Bates,c
Alien William Strife,1,/tags/Alien%20William%20Strife,f
Ross Hornby/Alex Smith/Chris Trott,180,/tags/Ross%20Hornby*s*Alex%20Smith*s*Chris%20Trott,r
Katie Morrison,43,/tags/Katie%20Morrison,c
Brooke Lawson,15,/tags/Brooke%20Lawson,c
Alex Smith (Yogscast),438,/tags/Alex%20Smith%20(Yogscast),c
Anya Ferris,1,/tags/Anya%20Ferris,c
Dave Bagnall,0,/tags/Dave%20Bagnall,c
John Cochrane,5,/tags/John%20Cochrane,c
Joakim Hellstrand,82,/tags/Joakim%20Hellstrand,c
Jonathan Kogan,10,/tags/Jonathan%20Kogan,c
Jonathan Whitten,3,/tags/Jonathan%20Whitten,c
Rick van Laanen,16,/tags/Rick%20van%20Laanen,c
Sam Thorne,20,/tags/Sam%20Thorne,c
Steven Goates,13,/tags/Steven%20Goates,c
Toby Cottrell,18,/tags/Toby%20Cottrell,c
Zoey Proasheck,115,/tags/Zoey%20Proasheck,c
Steven Goates/Alex Parvis,0,/tags/Steven%20Goates*s*Alex%20Parvis,r
Chris Lovasz/Alex Smith,11,/tags/Chris%20Lovasz*s*Alex%20Smith,r
Alex Smith & Chris Trott,5,/tags/Alex%20Smith%20*a*%20Chris%20Trott,r
Alex Smith/Paul Sykes/Chris Trott,0,/tags/Alex%20Smith*s*Paul%20Sykes*s*Chris%20Trott,r
Alex Smith/William Strife,2,/tags/Alex%20Smith*s*William%20Strife,r
Angel (BtVS)/Jonathan Kogan/Willow Rosenberg/Spike (BtVS)/Buffy Summers,0,/tags/Angel%20(BtVS)*s*Jonathan%20Kogan*s*Willow%20Rosenberg*s*Spike%20(BtVS)*s*Buffy%20Summers,r
Anya Ferris/Paul Sykes,0,/tags/Anya%20Ferris*s*Paul%20Sykes,r
Keith Steinbach/William Strife,0,/tags/Keith%20Steinbach*s*William%20Strife,r
Benji | Benjizm & Sam Thorne,2,/tags/Benji%20%7C%20Benjizm%20*a*%20Sam%20Thorne,r
Benji | Benjizm/Sam Thorne,2,/tags/Benji%20%7C%20Benjizm*s*Sam%20Thorne,r
Alex Smith/Sam Thorne,2,/tags/Alex%20Smith*s*Sam%20Thorne,r
Chris Lovasz/Paul Sykes,17,/tags/Chris%20Lovasz*s*Paul%20Sykes,r
Chris Lovasz & Paul Sykes,7,/tags/Chris%20Lovasz%20*a*%20Paul%20Sykes,r
Chris Lovasz/William Strife,0,/tags/Chris%20Lovasz*s*William%20Strife,r
Chris Lovasz/You,0,/tags/Chris%20Lovasz*s*You,r
Duncan Jones & Hannah Rutherford,0,/tags/Duncan%20Jones%20*a*%20Hannah%20Rutherford,r
Duncan Jones & Kim Richards,6,/tags/Duncan%20Jones%20*a*%20Kim%20Richards,r
Duncan Jones & Paul Sykes,3,/tags/Duncan%20Jones%20*a*%20Paul%20Sykes,r
Duncan Jones & Simon Lane,0,/tags/Duncan%20Jones%20*a*%20Simon%20Lane,r
Duncan Jones/Alex Smith,0,/tags/Duncan%20Jones*s*Alex%20Smith,r
Duncan Jones/Chris Lovasz,0,/tags/Duncan%20Jones*s*Chris%20Lovasz,r
Duncan Jones/Chris Lovasz/Paul Sykes,0,/tags/Duncan%20Jones*s*Chris%20Lovasz*s*Paul%20Sykes,r
Duncan Jones/Hannah Rutherford,1,/tags/Duncan%20Jones*s*Hannah%20Rutherford,r
Duncan Jones/Original Character(s),0,/tags/Duncan%20Jones*s*Original%20Character(s),r
Duncan Jones/Paul Sykes,7,/tags/Duncan%20Jones*s*Paul%20Sykes,r
Duncan Jones/Rick van Laanen,0,/tags/Duncan%20Jones*s*Rick%20van%20Laanen,r
Duncan Jones/William Strife,0,/tags/Duncan%20Jones*s*William%20Strife,r
Duncan Jones/You,0,/tags/Duncan%20Jones*s*You,r
Duncan Jones/Zoey Proasheck,0,/tags/Duncan%20Jones*s*Zoey%20Proasheck,r
Hannah Rutherford & William Strife,0,/tags/Hannah%20Rutherford%20*a*%20William%20Strife,r
Hannah Rutherford/William Strife,0,/tags/Hannah%20Rutherford*s*William%20Strife,r
Joakim Hellstrand & Duncan Jones,4,/tags/Joakim%20Hellstrand%20*a*%20Duncan%20Jones,r
Joakim Hellstrand/Zoey Proasheck,16,/tags/Joakim%20Hellstrand*s*Zoey%20Proasheck,r
Joakim Hellstrand/Alex Parvis,0,/tags/Joakim%20Hellstrand*s*Alex%20Parvis,r
Joakim Hellstrand/Chris Lovasz,0,/tags/Joakim%20Hellstrand*s*Chris%20Lovasz,r
Joakim Hellstrand/Duncan Jones,28,/tags/Joakim%20Hellstrand*s*Duncan%20Jones,r
Joakim Hellstrand/Duncan Jones/Kim Richards/Paul Sykes,0,/tags/Joakim%20Hellstrand*s*Duncan%20Jones*s*Kim%20Richards*s*Paul%20Sykes,r
Joakim Hellstrand/Duncan Jones/Zoey Proasheck,0,/tags/Joakim%20Hellstrand*s*Duncan%20Jones*s*Zoey%20Proasheck,r
Joakim Hellstrand/Paul Sykes,0,/tags/Joakim%20Hellstrand*s*Paul%20Sykes,r
Joakim Hellstrand & Zoey Proasheck,3,/tags/Joakim%20Hellstrand%20*a*%20Zoey%20Proasheck,r
Jonathan Kogan/Alex Parvis,0,/tags/Jonathan%20Kogan*s*Alex%20Parvis,r
Katie Morrison/Chris Trott,28,/tags/Katie%20Morrison*s*Chris%20Trott,r
Keith Steinbach,2,/tags/Keith%20Steinbach,c
Kim Richards/Chris Trott,6,/tags/Kim%20Richards*s*Chris%20Trott,r
Kim Richards & Chris Trott,0,/tags/Kim%20Richards%20*a*%20Chris%20Trott,r
Kim Richards/Alex Smith,11,/tags/Kim%20Richards*s*Alex%20Smith,r
Kim Richards/Hannah Rutherford,21,/tags/Kim%20Richards*s*Hannah%20Rutherford,r
Kim Richards/Paul Sykes,0,/tags/Kim%20Richards*s*Paul%20Sykes,r
Kim Richards/William Strife,1,/tags/Kim%20Richards*s*William%20Strife,r
Lewis Brindley & Duncan Jones,2,/tags/Lewis%20Brindley%20*a*%20Duncan%20Jones,r
Lewis Brindley/Steven Goates,8,/tags/Lewis%20Brindley*s*Steven%20Goates,r
Lewis Brindley & Steven Goates,0,/tags/Lewis%20Brindley%20*a*%20Steven%20Goates,r
Lewis Brindley & Simon Lane,5,/tags/Lewis%20Brindley%20*a*%20Simon%20Lane,r
Lewis Brindley/Alex Parvis,0,/tags/Lewis%20Brindley*s*Alex%20Parvis,r
Lewis Brindley/Chris Lovasz,8,/tags/Lewis%20Brindley*s*Chris%20Lovasz,r
Lewis Brindley/Chris Lovasz/Mark Turpin,0,/tags/Lewis%20Brindley*s*Chris%20Lovasz*s*Mark%20Turpin,r
Lewis Brindley/Chris Trott,0,/tags/Lewis%20Brindley*s*Chris%20Trott,r
Lewis Brindley/Duncan Jones,18,/tags/Lewis%20Brindley*s*Duncan%20Jones,r
Lewis Brindley/Duncan Jones/Simon Lane,2,/tags/Lewis%20Brindley*s*Duncan%20Jones*s*Simon%20Lane,r
Lewis Brindley/Hannah Rutherford,37,/tags/Lewis%20Brindley*s*Hannah%20Rutherford,r
Lewis Brindley/Joakim Hellstrand,2,/tags/Lewis%20Brindley*s*Joakim%20Hellstrand,r
Lewis Brindley/Kim Richards,14,/tags/Lewis%20Brindley*s*Kim%20Richards,r
Lewis Brindley/Lalnable Hector,5,/tags/Lewis%20Brindley*s*Lalnable%20Hector,r
Lewis Brindley/Simon Lane,24,/tags/Lewis%20Brindley*s*Simon%20Lane,r
Lewis Brindley/William Strife,6,/tags/Lewis%20Brindley*s*William%20Strife,r
Lewis Brindley/Zoey Proasheck,2,/tags/Lewis%20Brindley*s*Zoey%20Proasheck,r
Paul Sykes/Chris Trott,0,/tags/Paul%20Sykes*s*Chris%20Trott,r
Paul Sykes/You,0,/tags/Paul%20Sykes*s*You,r
Steven Goates/William Strife,0,/tags/Steven%20Goates*s*William%20Strife,r
Ross Hornby & Alex Smith & Chris Trott,47,/tags/Ross%20Hornby%20*a*%20Alex%20Smith%20*a*%20Chris%20Trott,r
Ross Hornby/Alex Smith/Paul Sykes/Chris Trott,0,/tags/Ross%20Hornby*s*Alex%20Smith*s*Paul%20Sykes*s*Chris%20Trott,r
Ross Hornby/Chris Trott,74,/tags/Ross%20Hornby*s*Chris%20Trott,r
Ross Hornby/Kim Richards,11,/tags/Ross%20Hornby*s*Kim%20Richards,r
Ross Hornby/Kim Richards/Alex Smith/Chris Trott,14,/tags/Ross%20Hornby*s*Kim%20Richards*s*Alex%20Smith*s*Chris%20Trott,r
Ross Hornby/Mark Turpin,0,/tags/Ross%20Hornby*s*Mark%20Turpin,r
Ross Hornby/Paul Sykes,0,/tags/Ross%20Hornby*s*Paul%20Sykes,r
Ross Hornby/William Strife,2,/tags/Ross%20Hornby*s*William%20Strife,r
Joakim Hellstrand/Alex Smith,1,/tags/Joakim%20Hellstrand*s*Alex%20Smith,r
Anya Ferris/Simon Lane,0,/tags/Anya%20Ferris*s*Simon%20Lane,r
Simon Lane/Kim Richards,1,/tags/Simon%20Lane*s*Kim%20Richards,r
Simon Lane/Original Character(s),0,/tags/Simon%20Lane*s*Original%20Character(s),r
Steven Goates/Duncan Jones,0,/tags/Steven%20Goates*s*Duncan%20Jones,r
John Cochrane/Steven Goates,0,/tags/John%20Cochrane*s*Steven%20Goates,r
Steven Goates/Chris Lovasz/Paul Sykes,0,/tags/Steven%20Goates*s*Chris%20Lovasz*s*Paul%20Sykes,r
Steven Goates/Keith Steinbach,0,/tags/Steven%20Goates*s*Keith%20Steinbach,r
Steven Goates/Paul Sykes,0,/tags/Steven%20Goates*s*Paul%20Sykes,r
Toby Cottrell/Sam Thorne,0,/tags/Toby%20Cottrell*s*Sam%20Thorne,r
Tom Clark/Ross Hornby,3,/tags/Tom%20Clark*s*Ross%20Hornby,r
Zoey Proasheck & William Strife,0,/tags/Zoey%20Proasheck%20*a*%20William%20Strife,r
Zoey Proasheck/Fiona Riches,44,/tags/Zoey%20Proasheck*s*Fiona%20Riches,r
Zoey Proasheck/Paul Sykes,0,/tags/Zoey%20Proasheck*s*Paul%20Sykes,r
Zoey Proasheck/Kim Richards,1,/tags/Zoey%20Proasheck*s*Kim%20Richards,r
Ross Hornby/Alex Smith/Tom Clarke | Sparkles,1,/tags/Ross%20Hornby*s*Alex%20Smith*s*Tom%20Clarke%20%7C%20Sparkles,r
Lewis Brindley/Alex Parvis/William Strife,0,/tags/Lewis%20Brindley*s*Alex%20Parvis*s*William%20Strife,r
Ross Hornby/Chris Lovasz/Alex Smith/Chris Trott,31,/tags/Ross%20Hornby*s*Chris%20Lovasz*s*Alex%20Smith*s*Chris%20Trott,r
Alex Smith/Paul Sykes,0,/tags/Alex%20Smith*s*Paul%20Sykes,r
Kim Richards/Original Female Character(s),2,/tags/Kim%20Richards*s*Original%20Female%20Character(s),r
Joakim Hellstrand/William Strife,4,/tags/Joakim%20Hellstrand*s*William%20Strife,r
Dave Bagnall/William Strife,0,/tags/Dave%20Bagnall*s*William%20Strife,r
Lewis Brindley/Paul Sykes,1,/tags/Lewis%20Brindley*s*Paul%20Sykes,r
Lewis Brindley/Mark Turpin,1,/tags/Lewis%20Brindley*s*Mark%20Turpin,r
Sunless Server,1,/tags/Sunless%20Server,f
Kim Richards & Alex Smith,3,/tags/Kim%20Richards%20*a*%20Alex%20Smith,r
Joakim Hellstrand/Duncan Jones/Kim Richards,0,/tags/Joakim%20Hellstrand*s*Duncan%20Jones*s*Kim%20Richards,r
Duncan Jones/Original Female Character(s),0,/tags/Duncan%20Jones*s*Original%20Female%20Character(s),r
Chris Trott & Kim Richards,2,/tags/Chris%20Trott%20*a*%20Kim%20Richards,r
Kim Richards/Original Male Character(s),6,/tags/Kim%20Richards*s*Original%20Male%20Character(s),r
Simon Lane/Hannah Rutherford,1,/tags/Simon%20Lane*s*Hannah%20Rutherford,r
Ross Hornby/Hannah Rutherford,1,/tags/Ross%20Hornby*s*Hannah%20Rutherford,r
Simon Lane/Alex Smith,1,/tags/Simon%20Lane*s*Alex%20Smith,r
Anya Ferris/Ross Hornby/Alex Smith/Chris Trott,0,/tags/Anya%20Ferris*s*Ross%20Hornby*s*Alex%20Smith*s*Chris%20Trott,r
Joakim Hellstrand/Kim Richards,1,/tags/Joakim%20Hellstrand*s*Kim%20Richards,r
Sjips Week,2,/tags/Sjips%20Week,f
Ross Hornby/Alex Smith/William Strife/Chris Trott,0,/tags/Ross%20Hornby*s*Alex%20Smith*s*William%20Strife*s*Chris%20Trott,r
Simon Lane/Paul Sykes,0,/tags/Simon%20Lane*s*Paul%20Sykes,r
Chris Lovasz/Chris Trott,21,/tags/Chris%20Lovasz*s*Chris%20Trott,r
Steven Goates/Kim Richards,0,/tags/Steven%20Goates*s*Kim%20Richards,r
Chris Lovasz/Hannah Rutherford,0,/tags/Chris%20Lovasz*s*Hannah%20Rutherford,r
Ross Hornby/Chris Lovasz,18,/tags/Ross%20Hornby*s*Chris%20Lovasz,r
Lalnable Hector/Specimen 5,15,/tags/Lalnable%20Hector*s*Specimen%205,r
Ross Hornby & Alex Smith,20,/tags/Ross%20Hornby%20*a*%20Alex%20Smith,r
Chris Lovasz & Chris Trott,4,/tags/Chris%20Lovasz%20*a*%20Chris%20Trott,r
Duncan Jones/Specimen 5,2,/tags/Duncan%20Jones*s*Specimen%205,r
Kim Richards/Specimen 5,3,/tags/Kim%20Richards*s*Specimen%205,r
Dr. Testificate MD (Yogscast),0,/tags/Dr*d*%20Testificate%20MD%20(Yogscast),c
Corvax (Yogscast),0,/tags/Corvax%20(Yogscast),c
Ross Hornby/Alex Smith/William Strife,0,/tags/Ross%20Hornby*s*Alex%20Smith*s*William%20Strife,r
Ross Hornby/Chris Lovasz/Alex Smith/William Strife/Chris Trott,0,/tags/Ross%20Hornby*s*Chris%20Lovasz*s*Alex%20Smith*s*William%20Strife*s*Chris%20Trott,r
Lalnable Hector/Duncan Jones,0,/tags/Lalnable%20Hector*s*Duncan%20Jones,r
Hannah Rutherford/Alex Smith,1,/tags/Hannah%20Rutherford*s*Alex%20Smith,r
Demigod Steven Goates,0,/tags/Demigod%20Steven%20Goates,f
Hufflepuff Ross Hornby,0,/tags/Hufflepuff%20Ross%20Hornby,f
Ravenclaw Chris Trott,0,/tags/Ravenclaw%20Chris%20Trott,f
Ross Hornby & Chris Trott,18,/tags/Ross%20Hornby%20*a*%20Chris%20Trott,r
Skobbels (Yogscast),0,/tags/Skobbels%20(Yogscast),c
Lewis Brindley/Ross Hornby,1,/tags/Lewis%20Brindley*s*Ross%20Hornby,r
Lewis Brindley/Alex Smith,5,/tags/Lewis%20Brindley*s*Alex%20Smith,r
Peter Dinklage/Kim Richards,1,/tags/Peter%20Dinklage*s*Kim%20Richards,r
Kit Harington/Kim Richards,1,/tags/Kit%20Harington*s*Kim%20Richards,r
Natalie Dormer/Hannah Rutherford,1,/tags/Natalie%20Dormer*s*Hannah%20Rutherford,r
Harrison Ford/Kim Richards,1,/tags/Harrison%20Ford*s*Kim%20Richards,r
Harrison Ford/Hannah Rutherford,1,/tags/Harrison%20Ford*s*Hannah%20Rutherford,r
Lalnable Hector & Specimen 5,3,/tags/Lalnable%20Hector%20*a*%20Specimen%205,r
Kim Richards & Hannah Rutherford,0,/tags/Kim%20Richards%20*a*%20Hannah%20Rutherford,r
William Strife/Chris Trott,0,/tags/William%20Strife*s*Chris%20Trott,r
Ross Hornby/Alex Smith/Sam Thorne/Chris Trott,0,/tags/Ross%20Hornby*s*Alex%20Smith*s*Sam%20Thorne*s*Chris%20Trott,r
UMY Secret Santa,6,/tags/UMY%20Secret%20Santa,f
Yogscast Secret Santa 2015,1,/tags/Yogscast%20Secret%20Santa%202015,f
Mark Hulmes,7,/tags/Mark%20Hulmes,c
Tom Clarke | Sparkles/Jonathan Kogan,1,/tags/Tom%20Clarke%20%7C%20Sparkles*s*Jonathan%20Kogan,r
Ross Hornby/Katie Morrison/Alex Smith/Chris Trott,0,/tags/Ross%20Hornby*s*Katie%20Morrison*s*Alex%20Smith*s*Chris%20Trott,r
Hannah Rutherford/Original Character(s),0,/tags/Hannah%20Rutherford*s*Original%20Character(s),r
Duncan Jones/Kim Richards/Hannah Rutherford/Alex Smith,0,/tags/Duncan%20Jones*s*Kim%20Richards*s*Hannah%20Rutherford*s*Alex%20Smith,r
Lewis Brindley/Zoey Proasheck/Kim Richards,1,/tags/Lewis%20Brindley*s*Zoey%20Proasheck*s*Kim%20Richards,r
Ross Hornby & Chris Lovasz,1,/tags/Ross%20Hornby%20*a*%20Chris%20Lovasz,r
Ross Hornby & Keith Steinbach,0,/tags/Ross%20Hornby%20*a*%20Keith%20Steinbach,r
Ross Hornby/Ross Hornby,1,/tags/Ross%20Hornby*s*Ross%20Hornby,r
Nicholas Buccino,0,/tags/Nicholas%20Buccino,c
Tim Maughan,1,/tags/Tim%20Maughan,c
Joakim Hellstrand/Israphel,0,/tags/Joakim%20Hellstrand*s*Israphel,r
Brooke Lawson/Sam Thorne,1,/tags/Brooke%20Lawson*s*Sam%20Thorne,r
Tom Defraine,1,/tags/Tom%20Defraine,c
Rory Smith,1,/tags/Rory%20Smith,c
Lewis Brindley/Chris Lovasz/Paul Sykes,0,/tags/Lewis%20Brindley*s*Chris%20Lovasz*s*Paul%20Sykes,r
Chris Lovasz/Mark Turpin,1,/tags/Chris%20Lovasz*s*Mark%20Turpin,r
Chris Lovasz/Zoey Proasheck,0,/tags/Chris%20Lovasz*s*Zoey%20Proasheck,r
Joakim Hellstrand/Duncan Jones/Paul Sykes,0,/tags/Joakim%20Hellstrand*s*Duncan%20Jones*s*Paul%20Sykes,r
Ross Hornby & Chris Lovasz & Alex Smith & Chris Trott,0,/tags/Ross%20Hornby%20*a*%20Chris%20Lovasz%20*a*%20Alex%20Smith%20*a*%20Chris%20Trott,r
Nina-Serena Brewin,4,/tags/Nina-Serena%20Brewin,c
Matthew Meredith,3,/tags/Matthew%20Meredith,c
Matthew Toffolo,2,/tags/Matthew%20Toffolo,c
Christine Nicholson,2,/tags/Christine%20Nicholson,c
Ben Fry,0,/tags/Ben%20Fry,c
Chris Lovasz & Alex Smith,0,/tags/Chris%20Lovasz%20*a*%20Alex%20Smith,r
Alex Smith (Yogscast)/Original Character(s),0,/tags/Alex%20Smith%20(Yogscast)*s*Original%20Character(s),r
Alex Smith (Yogscast)/Original Female Character(s),1,/tags/Alex%20Smith%20(Yogscast)*s*Original%20Female%20Character(s),r
Alex Smith (Yogscast)/Original Male Character(s),0,/tags/Alex%20Smith%20(Yogscast)*s*Original%20Male%20Character(s),r
Duncan Jones & Chris Trott,0,/tags/Duncan%20Jones%20*a*%20Chris%20Trott,r
Chris Lovasz/Alex Smith/Chris Trott,1,/tags/Chris%20Lovasz*s*Alex%20Smith*s*Chris%20Trott,r
Ross Hornby & Kim Richards & Alex Smith & Chris Trott,0,/tags/Ross%20Hornby%20*a*%20Kim%20Richards%20*a*%20Alex%20Smith%20*a*%20Chris%20Trott,r
Ted Forsyth,1,/tags/Ted%20Forsyth,c
Lalnable Hector/Joakim Hellstrand,0,/tags/Lalnable%20Hector*s*Joakim%20Hellstrand,r
Lalnable Hector/Kim Richards,1,/tags/Lalnable%20Hector*s*Kim%20Richards,r
Lewis Brindley/You,0,/tags/Lewis%20Brindley*s*You,r
Harry Marshall,9,/tags/Harry%20Marshall,c
ChaoticMonki | Cryaotic/Zoey Proasheck,0,/tags/ChaoticMonki%20%7C%20Cryaotic*s*Zoey%20Proasheck,r
Chris Lovasz/Harry Marshall,1,/tags/Chris%20Lovasz*s*Harry%20Marshall,r
Alex Smith/Mark Turpin,1,/tags/Alex%20Smith*s*Mark%20Turpin,r
Lewis Brindley/Tom Clark,12,/tags/Lewis%20Brindley*s*Tom%20Clark,r
Fandom Advent 2016,12,/tags/Fandom%20Advent%202016,f
Tom Clark/Zoey Proasheck,1,/tags/Tom%20Clark*s*Zoey%20Proasheck,r
Ben Edgar,24,/tags/Ben%20Edgar,c
Hannah Rutherford/Paul Sykes,1,/tags/Hannah%20Rutherford*s*Paul%20Sykes,r
Brooke Lawson/Undisclosed,0,/tags/Brooke%20Lawson*s*Undisclosed,r
Brooke Lawson/Original Male Character(s),1,/tags/Brooke%20Lawson*s*Original%20Male%20Character(s),r
Lewis Brindley/Rick van Laanen,5,/tags/Lewis%20Brindley*s*Rick%20van%20Laanen,r
Kim Richards/Matthew Toffolo,1,/tags/Kim%20Richards*s*Matthew%20Toffolo,r
Chris Lovasz/Kim Richards,0,/tags/Chris%20Lovasz*s*Kim%20Richards,r
Katie Morrison/Kim Richards,0,/tags/Katie%20Morrison*s*Kim%20Richards,r
Harry Marshall/Kim Richards,0,/tags/Harry%20Marshall*s*Kim%20Richards,r
Mark Hulmes/Kim Richards,0,/tags/Mark%20Hulmes*s*Kim%20Richards,r
Nina-Serena Brewin/Kim Richards,0,/tags/Nina-Serena%20Brewin*s*Kim%20Richards,r
Hannah Rutherford/Other(s),0,/tags/Hannah%20Rutherford*s*Other(s),r
Anya Ferris/Hannah Rutherford,0,/tags/Anya%20Ferris*s*Hannah%20Rutherford,r
Rick van Laanen/Other(s),0,/tags/Rick%20van%20Laanen*s*Other(s),r
Colin Bassett,0,/tags/Colin%20Bassett,c
Chris Trott/Other(s),0,/tags/Chris%20Trott*s*Other(s),r
Paul Sykes/Mark Turpin,0,/tags/Paul%20Sykes*s*Mark%20Turpin,r
Joakim Hellstrand & Kim Richards,0,/tags/Joakim%20Hellstrand%20*a*%20Kim%20Richards,r
Steven Goates/Joakim Hellstrand,0,/tags/Steven%20Goates*s*Joakim%20Hellstrand,r
Steven Goates/Alex Parvis/William Strife,0,/tags/Steven%20Goates*s*Alex%20Parvis*s*William%20Strife,r
Steven Goates/Chris Lovasz,0,/tags/Steven%20Goates*s*Chris%20Lovasz,r
Tom Clarke | Sparkles/Ross Hornby,0,/tags/Tom%20Clarke%20%7C%20Sparkles*s*Ross%20Hornby,r
Joakim Hellstrand/Lalnable Hector,0,/tags/Joakim%20Hellstrand*s*Lalnable%20Hector,r
Ross Hornby/Chris Lovasz/Alex Smith/Chris Trott/Original Female Character(s),0,/tags/Ross%20Hornby*s*Chris%20Lovasz*s*Alex%20Smith*s*Chris%20Trott*s*Original%20Female%20Character(s),r
Simon Lane/Chris Lovasz,0,/tags/Simon%20Lane*s*Chris%20Lovasz,r
Chris Lovasz/Alex Parvis,0,/tags/Chris%20Lovasz*s*Alex%20Parvis,r
Lewis Brindley/Corvax/Simon Lane,0,/tags/Lewis%20Brindley*s*Corvax*s*Simon%20Lane,r
Lewis Brindley/Corvax,0,/tags/Lewis%20Brindley*s*Corvax,r
Zoey Proasheck/William Strife,0,/tags/Zoey%20Proasheck*s*William%20Strife,r
Chris Trott/Mark Turpin,0,/tags/Chris%20Trott*s*Mark%20Turpin,r
Ross Hornby/Chris Lovasz/Alex Smith,0,/tags/Ross%20Hornby*s*Chris%20Lovasz*s*Alex%20Smith,r
Skobbels/Paul Sykes,0,/tags/Skobbels*s*Paul%20Sykes,r
Joakim Hellstrand/Rick van Laanen,3,/tags/Joakim%20Hellstrand*s*Rick%20van%20Laanen,r
Zoey Proasheck & Other(s),1,/tags/Zoey%20Proasheck%20*a*%20Other(s),r
Lauren Radders/Hannah Rutherford,1,/tags/Lauren%20Radders*s*Hannah%20Rutherford,r
Lauren Radders,4,/tags/Lauren%20Radders,c
Sam Thorne/Chris Trott,1,/tags/Sam%20Thorne*s*Chris%20Trott,r
Duncan Jones/Simon Lane,1,/tags/Duncan%20Jones*s*Simon%20Lane,r
Lewis Brindley/Ben Edgar,1,/tags/Lewis%20Brindley*s*Ben%20Edgar,r
Lewis Brindley/Israphel,0,/tags/Lewis%20Brindley*s*Israphel,r
Brooke Lawson/Everyone,0,/tags/Brooke%20Lawson*s*Everyone,r
Brooke Lawson/Original Character(s),0,/tags/Brooke%20Lawson*s*Original%20Character(s),r
Tiddles II (Yogscast),0,/tags/Tiddles%20II%20(Yogscast),c
Tiddles III (Yogscast),0,/tags/Tiddles%20III%20(Yogscast),c
Flux (Yogscast),10,/tags/Flux%20(Yogscast),f
Lewis Brindley & Tom Clark,1,/tags/Lewis%20Brindley%20*a*%20Tom%20Clark,r
Tom Clark/Alex Parvis,1,/tags/Tom%20Clark*s*Alex%20Parvis,r
Lewis Brindley/Tom Clark/Ben Edgar,2,/tags/Lewis%20Brindley*s*Tom%20Clark*s*Ben%20Edgar,r
Lewis Brindley & Tom Clark & Ben Edgar,2,/tags/Lewis%20Brindley%20*a*%20Tom%20Clark%20*a*%20Ben%20Edgar,r
Swampy Bogbeard,1,/tags/Swampy%20Bogbeard,c
Zoey Proasheck/Original Male Character(s),0,/tags/Zoey%20Proasheck*s*Original%20Male%20Character(s),r
KatsOnFirex (Yogscast),0,/tags/KatsOnFirex%20(Yogscast),c
MissMousieMouse (Yogscast),4,/tags/MissMousieMouse%20(Yogscast),c
Alex Parvis/Original Character(s),0,/tags/Alex%20Parvis*s*Original%20Character(s),r
Matthew Meredith/Kim Richards,0,/tags/Matthew%20Meredith*s*Kim%20Richards,r
Matthew Meredith/Hannah Rutherford,0,/tags/Matthew%20Meredith*s*Hannah%20Rutherford,r
KatsOnFirex/Kim Richards,0,/tags/KatsOnFirex*s*Kim%20Richards,r
Dave Bagnall/Tim Maughan,0,/tags/Dave%20Bagnall*s*Tim%20Maughan,r
Su Fabie,0,/tags/Su%20Fabie,c
Su Fabie/Tim Maughan,0,/tags/Su%20Fabie*s*Tim%20Maughan,r
Tim Maughan/William Strife,1,/tags/Tim%20Maughan*s*William%20Strife,r
Zoey Proasheck/Original Female Character(s),0,/tags/Zoey%20Proasheck*s*Original%20Female%20Character(s),r
Hannah Rutherford/Original Male Character(s),0,/tags/Hannah%20Rutherford*s*Original%20Male%20Character(s),r
Lewis Brindley/Lalnable Hector/Specimen 5,1,/tags/Lewis%20Brindley*s*Lalnable%20Hector*s*Specimen%205,r
Tom Clark & Ben Edgar,2,/tags/Tom%20Clark%20*a*%20Ben%20Edgar,r
Becky Hardy,0,/tags/Becky%20Hardy,c
Lewis Brindley/Lauren Radders,1,/tags/Lewis%20Brindley*s*Lauren%20Radders,r
Lewis Brindley & Rick van Laanen,0,/tags/Lewis%20Brindley%20*a*%20Rick%20van%20Laanen,r
Duncan Jones/Duncan Jones,0,/tags/Duncan%20Jones*s*Duncan%20Jones,r
Nina-Serena Brewin/Lauren Radders,0,/tags/Nina-Serena%20Brewin*s*Lauren%20Radders,r
KatsOnFirex/Christine Nicholson/Lauren Radders/Kim Richards,0,/tags/KatsOnFirex*s*Christine%20Nicholson*s*Lauren%20Radders*s*Kim%20Richards,r
Christine Nicholson/Lauren Radders,0,/tags/Christine%20Nicholson*s*Lauren%20Radders,r
Lewis Brindley/Joakim Hellstrand/Original Male Character(s),0,/tags/Lewis%20Brindley*s*Joakim%20Hellstrand*s*Original%20Male%20Character(s),r
Kim Richards/Everyone,1,/tags/Kim%20Richards*s*Everyone,r
Hannah Rutherford/Everyone,1,/tags/Hannah%20Rutherford*s*Everyone,r
Zoey Proasheck/Everyone,1,/tags/Zoey%20Proasheck*s*Everyone,r
Kyofushin (Yogscast),0,/tags/Kyofushin%20(Yogscast),c
Voskoboynikov (Yogcast),0,/tags/Voskoboynikov%20(Yogcast),c
Zombie Boss (Yogscast),0,/tags/Zombie%20Boss%20(Yogscast),c
Brooke Lawson/Other(s),0,/tags/Brooke%20Lawson*s*Other(s),r
Brooke Lawson/You,0,/tags/Brooke%20Lawson*s*You,r
Brooke Lawson/Original Female Character(s),0,/tags/Brooke%20Lawson*s*Original%20Female%20Character(s),r
Lewis Brindley/Everyone,1,/tags/Lewis%20Brindley*s*Everyone,r
Tom Clark/Harry Marshall,1,/tags/Tom%20Clark*s*Harry%20Marshall,r
Sophie Rogerson,1,/tags/Sophie%20Rogerson,c
Georgia Dana,0,/tags/Georgia%20Dana,c
Selkie Chris Trott,1,/tags/Selkie%20Chris%20Trott,f
Werewolf Ross Hornby,0,/tags/Werewolf%20Ross%20Hornby,f
Kelpie Alex Smith (Yogscast),1,/tags/Kelpie%20Alex%20Smith%20(Yogscast),f
Gargoyle Ross Hornby,0,/tags/Gargoyle%20Ross%20Hornby,f
Vampire Chris Lovasz,0,/tags/Vampire%20Chris%20Lovasz,f
Craig Frost,3,/tags/Craig%20Frost,c
Tom Clark/Ben Edgar,4,/tags/Tom%20Clark*s*Ben%20Edgar,r
Colin The Journalist (Yogscast),0,/tags/Colin%20The%20Journalist%20(Yogscast),c
Gar (Yogscast),0,/tags/Gar%20(Yogscast),c
Stephanie Louise,0,/tags/Stephanie%20Louise,c
Jon Evans (Yogscast),0,/tags/Jon%20Evans%20(Yogscast),c
Ørjan Aarvik,0,/tags/%C3%98rjan%20Aarvik,c
Ian (Yogscast),0,/tags/Ian%20(Yogscast),c
Blue Spaceman (Yogscast),0,/tags/Blue%20Spaceman%20(Yogscast),c
Miss Clucky (Yogscast),0,/tags/Miss%20Clucky%20(Yogscast),c
Creeper Boss (Yogscast),1,/tags/Creeper%20Boss%20(Yogscast),c
Dave Fayram,3,/tags/Dave%20Fayram,c
Deborah (Yogscast),0,/tags/Deborah%20(Yogscast),c
Derpulies (Yogscast),1,/tags/Derpulies%20(Yogscast),c
Eric the Zombie Pigman (Yogscast),0,/tags/Eric%20the%20Zombie%20Pigman%20(Yogscast),c
Granny Bacon (Yogscast),0,/tags/Granny%20Bacon%20(Yogscast),c
Israphel (Yogscast),1,/tags/Israphel%20(Yogscast),c
Matilda (Yogscast),0,/tags/Matilda%20(Yogscast),c
Orange Spaceman (Yogscast),0,/tags/Orange%20Spaceman%20(Yogscast),c
Porkins (Yogscast),0,/tags/Porkins%20(Yogscast),c
Skylord Jasper (Yogscast),1,/tags/Skylord%20Jasper%20(Yogscast),c
Skylord Lysander (Yogscast),1,/tags/Skylord%20Lysander%20(Yogscast),c
Specimen 5 (Yogscast),7,/tags/Specimen%205%20(Yogscast),c
Strawfingers (Yogscast),1,/tags/Strawfingers%20(Yogscast),c
Fumblemore (Yogscast),0,/tags/Fumblemore%20(Yogscast),c
Gosencrantz (Yogscast),0,/tags/Gosencrantz%20(Yogscast),c
Isabel Antioch,0,/tags/Isabel%20Antioch,c
Leozaur (Yogscast),2,/tags/Leozaur%20(Yogscast),c
Madame Nubescu (Yogscast),0,/tags/Madame%20Nubescu%20(Yogscast),c
Skylord Baako (Yogscast),0,/tags/Skylord%20Baako%20(Yogscast),c
Rildenstern (Yogscast),0,/tags/Rildenstern%20(Yogscast),c
Skylord Vimes (Yogscast),0,/tags/Skylord%20Vimes%20(Yogscast),c
Skylord James (Yogscast),0,/tags/Skylord%20James%20(Yogscast),c
Skylord Horus (Yogscast),0,/tags/Skylord%20Horus%20(Yogscast),c
Skylord Finnigan (Yogscast),0,/tags/Skylord%20Finnigan%20(Yogscast),c
Skylord Amber (Yogscast),0,/tags/Skylord%20Amber%20(Yogscast),c
Skylord Vitali (Yogscast),1,/tags/Skylord%20Vitali%20(Yogscast),c
Mr Banjo (Yogscast),0,/tags/Mr%20Banjo%20(Yogscast),c
Strongman Bruno (Yogscast),0,/tags/Strongman%20Bruno%20(Yogscast),c
Charlotte (Yogscast),0,/tags/Charlotte%20(Yogscast),c
Simon-X4000 (Yogscast),0,/tags/Simon-X4000%20(Yogscast),c
Adrian Ruiz,0,/tags/Adrian%20Ruiz,c
Doug (Yogscast),0,/tags/Doug%20(Yogscast),c
Other Yogscast Member(s),6,/tags/Other%20Yogscast%20Member(s),c
Father Braeburn (Yogscast),1,/tags/Father%20Braeburn%20(Yogscast),c
JaneDash (Yogscast),0,/tags/JaneDash%20(Yogscast),c
Adaephon Antioch,0,/tags/Adaephon%20Antioch,c
Simon Clark,1,/tags/Simon%20Clark,c
Alex Parvis/Original Female Character(s),0,/tags/Alex%20Parvis*s*Original%20Female%20Character(s),r
Alex Smith (Yogscast)/You,0,/tags/Alex%20Smith%20(Yogscast)*s*You,r
Anya Ferris/Liam MacKay,0,/tags/Anya%20Ferris*s*Liam%20MacKay,r
Anya Ferris & Liam MacKay,0,/tags/Anya%20Ferris%20*a*%20Liam%20MacKay,r
Benji | Benjizm/Jon Evans,0,/tags/Benji%20%7C%20Benjizm*s*Jon%20Evans,r
Corvax/Blue Spaceman/Orange Spaceman (Yogscast),0,/tags/Corvax*s*Blue%20Spaceman*s*Orange%20Spaceman%20(Yogscast),r
Blue Spaceman/Orange Spaceman (Yogscast),0,/tags/Blue%20Spaceman*s*Orange%20Spaceman%20(Yogscast),r
Chris Lovasz/Liam MacKay/Paul Sykes,0,/tags/Chris%20Lovasz*s*Liam%20MacKay*s*Paul%20Sykes,r
Chris Trott/You,0,/tags/Chris%20Trott*s*You,r
Colin the Journalist/Ross Hornby,0,/tags/Colin%20the%20Journalist*s*Ross%20Hornby,r
Colin the Journalist/Ross Hornby/Alex Smith/Chris Trott,0,/tags/Colin%20the%20Journalist*s*Ross%20Hornby*s*Alex%20Smith*s*Chris%20Trott,r
Colin the Journalist/Steven Goates,0,/tags/Colin%20the%20Journalist*s*Steven%20Goates,r
Daisy Duke/Simon Lane,0,/tags/Daisy%20Duke*s*Simon%20Lane,r
Knight Peculier | Verigan Antioch II,1,/tags/Knight%20Peculier%20%7C%20Verigan%20Antioch%20II,c
Daisy Duke/Knight Peculier | Verigan Antioch II,0,/tags/Daisy%20Duke*s*Knight%20Peculier%20%7C%20Verigan%20Antioch%20II,r
Dave Bagnall/Dave Fayram,0,/tags/Dave%20Bagnall*s*Dave%20Fayram,r
Dave Fayram & Hannah Rutherford,0,/tags/Dave%20Fayram%20*a*%20Hannah%20Rutherford,r
Dave Fayram & Liam MacKay,0,/tags/Dave%20Fayram%20*a*%20Liam%20MacKay,r
Su Fabie & Dave Fayram & Steven Goates,0,/tags/Su%20Fabie%20*a*%20Dave%20Fayram%20*a*%20Steven%20Goates,r
Dave Fayram & William Strife,0,/tags/Dave%20Fayram%20*a*%20William%20Strife,r
Dave Fayram/Alex Parvis,0,/tags/Dave%20Fayram*s*Alex%20Parvis,r
Dave Fayram/Alex Parvis/William Strife,1,/tags/Dave%20Fayram*s*Alex%20Parvis*s*William%20Strife,r
Dave Fayram/Kim Richards,0,/tags/Dave%20Fayram*s*Kim%20Richards,r
Dave Fayram/Kim Richards/William Strife,0,/tags/Dave%20Fayram*s*Kim%20Richards*s*William%20Strife,r
Dave Fayram/Ross Hornby,0,/tags/Dave%20Fayram*s*Ross%20Hornby,r
Dave Fayram/Steven Goates,0,/tags/Dave%20Fayram*s*Steven%20Goates,r
Dave Fayram/Tim Maughan,1,/tags/Dave%20Fayram*s*Tim%20Maughan,r
Dave Fayram/William Strife,1,/tags/Dave%20Fayram*s*William%20Strife,r
Eric the Zombie Pigman/Matilda (Yogscast),0,/tags/Eric%20the%20Zombie%20Pigman*s*Matilda%20(Yogscast),r
Alex Parvis/Hannah Rutherford,0,/tags/Alex%20Parvis*s*Hannah%20Rutherford,r
Hannah Rutherford/Other Yogscast Member(s),0,/tags/Hannah%20Rutherford*s*Other%20Yogscast%20Member(s),r
Zoey Proasheck/Hannah Rutherford,0,/tags/Zoey%20Proasheck*s*Hannah%20Rutherford,r
Joakim Hellstrand/Liam MacKay,0,/tags/Joakim%20Hellstrand*s*Liam%20MacKay,r
John Cochrane/Liam MacKay,1,/tags/John%20Cochrane*s*Liam%20MacKay,r
Stephanie Louise/Original Character(s),0,/tags/Stephanie%20Louise*s*Original%20Character(s),r
Stephanie Louise/Original Male Character(s),0,/tags/Stephanie%20Louise*s*Original%20Male%20Character(s),r
Stephanie Louise/You,0,/tags/Stephanie%20Louise*s*You,r
KatsOnFirex/MissMousieMouse (Yogscast),0,/tags/KatsOnFirex*s*MissMousieMouse%20(Yogscast),r
Su Fabie/Dave Fayram,0,/tags/Su%20Fabie*s*Dave%20Fayram,r
Lewis Brindley/Dave Fayram,0,/tags/Lewis%20Brindley*s*Dave%20Fayram,r
Lewis Brindley/Steven Goates/Duncan Jones/Liam MacKay,0,/tags/Lewis%20Brindley*s*Steven%20Goates*s*Duncan%20Jones*s*Liam%20MacKay,r
Lewis Brindley/Original Female Character(s),0,/tags/Lewis%20Brindley*s*Original%20Female%20Character(s),r
Lewis Brindley/Original Male Character(s),1,/tags/Lewis%20Brindley*s*Original%20Male%20Character(s),r
Liam MacKay & Hannah Rutherford,0,/tags/Liam%20MacKay%20*a*%20Hannah%20Rutherford,r
Liam MacKay/Chris Trott,0,/tags/Liam%20MacKay*s*Chris%20Trott,r
Liam MacKay/Hannah Rutherford,0,/tags/Liam%20MacKay*s*Hannah%20Rutherford,r
Liam MacKay/Original Female Character(s),0,/tags/Liam%20MacKay*s*Original%20Female%20Character(s),r
Liam MacKay/Paul Sykes,0,/tags/Liam%20MacKay*s*Paul%20Sykes,r
Liam MacKay/Vanessa | l0chnessa,0,/tags/Liam%20MacKay*s*Vanessa%20%7C%20l0chnessa,r
Liam MacKay/You,0,/tags/Liam%20MacKay*s*You,r
Zoey Proasheck/Matthew Toffolo,0,/tags/Zoey%20Proasheck*s*Matthew%20Toffolo,r
Ross Hornby & Liam MacKay & Alex Smith & Chris Trott,0,/tags/Ross%20Hornby%20*a*%20Liam%20MacKay%20*a*%20Alex%20Smith%20*a*%20Chris%20Trott,r
Ross Hornby/Alex Smith/Chris Trott/You,0,/tags/Ross%20Hornby*s*Alex%20Smith*s*Chris%20Trott*s*You,r
Ross Hornby/Alex Smith/You,0,/tags/Ross%20Hornby*s*Alex%20Smith*s*You,r
Ross Hornby/You,0,/tags/Ross%20Hornby*s*You,r
Steven Goates/Liam MacKay,0,/tags/Steven%20Goates*s*Liam%20MacKay,r
Tom Clarke | Sparkles/Jonathan Kogan/Alex Parvis/William Strife/Leo Taylor,0,/tags/Tom%20Clarke%20%7C%20Sparkles*s*Jonathan%20Kogan*s*Alex%20Parvis*s*William%20Strife*s*Leo%20Taylor,r
Tom Clarke | Sparkles/Everyone,0,/tags/Tom%20Clarke%20%7C%20Sparkles*s*Everyone,r
Tom Clarke | Sparkles/You,0,/tags/Tom%20Clarke%20%7C%20Sparkles*s*You,r
Zoey Proasheck/Other Yogscast Member(s),0,/tags/Zoey%20Proasheck*s*Other%20Yogscast%20Member(s),r
Skylord Jasper/Skylord Lysander (Yogscast),1,/tags/Skylord%20Jasper*s*Skylord%20Lysander%20(Yogscast),r
Nicholas Buccino/Rick van Laanen,0,/tags/Nicholas%20Buccino*s*Rick%20van%20Laanen,r
Joakim Hellstrand/Jonathan Whitten,0,/tags/Joakim%20Hellstrand*s*Jonathan%20Whitten,r
Jon Evans/Jonathan Whitten,0,/tags/Jon%20Evans*s*Jonathan%20Whitten,r
Anya Ferris/Jonathan Whitten,0,/tags/Anya%20Ferris*s*Jonathan%20Whitten,r
Gosencrantz/Rildenstern (Yogscast),0,/tags/Gosencrantz*s*Rildenstern%20(Yogscast),r
Dave Bagnall/Gar,0,/tags/Dave%20Bagnall*s*Gar,r
Dave Fayram/Other Yogscast Member(s),0,/tags/Dave%20Fayram*s*Other%20Yogscast%20Member(s),r
Dave Fayram/Joakim Hellstrand,0,/tags/Dave%20Fayram*s*Joakim%20Hellstrand,r
Ross Hornby/Original Female Character(s),0,/tags/Ross%20Hornby*s*Original%20Female%20Character(s),r
Arcade Gannon/William Strife,0,/tags/Arcade%20Gannon*s*William%20Strife,r
Duncan Jones/Kim Richards/Specimen 5,0,/tags/Duncan%20Jones*s*Kim%20Richards*s*Specimen%205,r
Derpulies/Skobbels (Yogscast),0,/tags/Derpulies*s*Skobbels%20(Yogscast),r
Lalnable Hector/Tim Maughan,0,/tags/Lalnable%20Hector*s*Tim%20Maughan,r
Joakim Hellstrand/Tim Maughan,0,/tags/Joakim%20Hellstrand*s*Tim%20Maughan,r
Ross Hornby/Other Yogscast Member(s),0,/tags/Ross%20Hornby*s*Other%20Yogscast%20Member(s),r
Ross Hornby/Duncan Jones/Kim Richards/Alex Smith/Chris Trott,0,/tags/Ross%20Hornby*s*Duncan%20Jones*s*Kim%20Richards*s*Alex%20Smith*s*Chris%20Trott,r
Ross Hornby/Original Character(s),0,/tags/Ross%20Hornby*s*Original%20Character(s),r
Ross Hornby/Harry Marshall/Alex Smith/Chris Trott,0,/tags/Ross%20Hornby*s*Harry%20Marshall*s*Alex%20Smith*s*Chris%20Trott,r
Kim Richards/Other Yogscast Member(s),0,/tags/Kim%20Richards*s*Other%20Yogscast%20Member(s),r
Lewis Brindley/Original Character(s),0,/tags/Lewis%20Brindley*s*Original%20Character(s),r
Lalnable Hector/Simon Lane,0,/tags/Lalnable%20Hector*s*Simon%20Lane,r
Steven Goates/Original Character(s),0,/tags/Steven%20Goates*s*Original%20Character(s),r
Georgia Dana/Everyone,0,/tags/Georgia%20Dana*s*Everyone,r
Leozaur (Yogscast)/Everyone,0,/tags/Leozaur%20(Yogscast)*s*Everyone,r
Kim Richards/Sophie Rogerson,0,/tags/Kim%20Richards*s*Sophie%20Rogerson,r
Sophie Rogerson/Everyone,0,/tags/Sophie%20Rogerson*s*Everyone,r
Lewis Brindley/MissMousieMouse,0,/tags/Lewis%20Brindley*s*MissMousieMouse,r
MissMousieMouse (Yogscast)/Everyone,1,/tags/MissMousieMouse%20(Yogscast)*s*Everyone,r
Steven Goates/Martyn Littlewood/Alex Parvis/William Strife,0,/tags/Steven%20Goates*s*Martyn%20Littlewood*s*Alex%20Parvis*s*William%20Strife,r
Lewis Brindley & William Strife,1,/tags/Lewis%20Brindley%20*a*%20William%20Strife,r
Lauren Radders/Sophie Rogerson,0,/tags/Lauren%20Radders*s*Sophie%20Rogerson,r
Rick van Laanen/MissMousieMouse,1,/tags/Rick%20van%20Laanen*s*MissMousieMouse,r
Lewis Brindley/Sophie Rogerson,0,/tags/Lewis%20Brindley*s*Sophie%20Rogerson,r
Lewis Brindley/Leozaur,1,/tags/Lewis%20Brindley*s*Leozaur,r
Lewis Brindley/Georgia Dana,0,/tags/Lewis%20Brindley*s*Georgia%20Dana,r
Jon Evans/Joakim Hellstrand/Zoey Proasheck,0,/tags/Jon%20Evans*s*Joakim%20Hellstrand*s*Zoey%20Proasheck,r
Jon Evans & Joakim Hellstrand & Zoey Proasheck,0,/tags/Jon%20Evans%20*a*%20Joakim%20Hellstrand%20*a*%20Zoey%20Proasheck,r
Jon Evans & Zoey Proasheck,0,/tags/Jon%20Evans%20*a*%20Zoey%20Proasheck,r
Jon Evans & Joakim Hellstrand,0,/tags/Jon%20Evans%20*a*%20Joakim%20Hellstrand,r
Craig Frost/Ross Hornby/Alex Smith/Chris Trott,0,/tags/Craig%20Frost*s*Ross%20Hornby*s*Alex%20Smith*s*Chris%20Trott,r
Tim Maughan/Alex Parvis,0,/tags/Tim%20Maughan*s*Alex%20Parvis,r
Tim Maughan/Alex Parvis/William Strife,0,/tags/Tim%20Maughan*s*Alex%20Parvis*s*William%20Strife,r
Feed The Beast Setting (Yogscast),0,/tags/Feed%20The%20Beast%20Setting%20(Yogscast),f
Blackrock Chronicle Setting (Yogscast),3,/tags/Blackrock%20Chronicle%20Setting%20(Yogscast),f
Alien Lewis Brindley,0,/tags/Alien%20Lewis%20Brindley,f
Enderborn Joakim Hellstrand,0,/tags/Enderborn%20Joakim%20Hellstrand,f
Evil Lewis Brindley,0,/tags/Evil%20Lewis%20Brindley,f
Flux Buddies Setting (Yogscast),8,/tags/Flux%20Buddies%20Setting%20(Yogscast),f
Fluxed Kim Richards,0,/tags/Fluxed%20Kim%20Richards,f
Hole Diggers Setting (Yogscast),0,/tags/Hole%20Diggers%20Setting%20(Yogscast),f
Jaffa Factory Setting (Yogscast),0,/tags/Jaffa%20Factory%20Setting%20(Yogscast),f
Magic Police Setting (Yogscast),1,/tags/Magic%20Police%20Setting%20(Yogscast),f
Moonquest Setting (Yogscast),1,/tags/Moonquest%20Setting%20(Yogscast),f
Shadow of Israphel Setting (Yogscast),1,/tags/Shadow%20of%20Israphel%20Setting%20(Yogscast),f
Sjin's Farm Setting (Yogscast),1,/tags/Sjin's%20Farm%20Setting%20(Yogscast),f
Yoglabs Setting,4,/tags/Yoglabs%20Setting,f
Garbage Court (Yogscast),0,/tags/Garbage%20Court%20(Yogscast),f
Witch in the Woods Setting (Yogscast),0,/tags/Witch%20in%20the%20Woods%20Setting%20(Yogscast),f
Beyond Mushbury Setting,0,/tags/Beyond%20Mushbury%20Setting,f
Feed The World Setting (Yogscast),0,/tags/Feed%20The%20World%20Setting%20(Yogscast),f
Solutions in Chaos Setting (Yogscast),0,/tags/Solutions%20in%20Chaos%20Setting%20(Yogscast),f
Chaosville Setting (Yogscast),0,/tags/Chaosville%20Setting%20(Yogscast),f
Voltz Setting (Yogscast),0,/tags/Voltz%20Setting%20(Yogscast),f
Yogsquest Season 2: Goons of the Galaxy,0,/tags/Yogsquest%20Season%202:%20Goons%20of%20the%20Galaxy,f
The Apprentice Setting (Yogscast),0,/tags/The%20Apprentice%20Setting%20(Yogscast),f
Tekkit Server (Yogscast),3,/tags/Tekkit%20Server%20(Yogscast),f
YogCraft Server,0,/tags/YogCraft%20Server,f
Yogscast Complete Server,0,/tags/Yogscast%20Complete%20Server,f
Mentioned Yogscast Member(s),3,/tags/Mentioned%20Yogscast%20Member(s),f
tumblr: yogheadcanons,0,/tags/tumblr:%20yogheadcanons,f
Cornerstone Setting (Yogscast),0,/tags/Cornerstone%20Setting%20(Yogscast),f
Slytherin Alex Smith (Yogscast),0,/tags/Slytherin%20Alex%20Smith%20(Yogscast),f
Strife Solutions Setting (Yogscast),0,/tags/Strife%20Solutions%20Setting%20(Yogscast),f
Knight of Fangs Setting,0,/tags/Knight%20of%20Fangs%20Setting,f
Time Cops Setting (Yogscast),0,/tags/Time%20Cops%20Setting%20(Yogscast),f
Connected Yogscast Universes,0,/tags/Connected%20Yogscast%20Universes,f
Druidz Setting (Yogscast),0,/tags/Druidz%20Setting%20(Yogscast),f
tumblr: urbanmagicaesthetic,0,/tags/tumblr:%20urbanmagicaesthetic,f
Blood and Chaos Setting (Yogscast),1,/tags/Blood%20and%20Chaos%20Setting%20(Yogscast),f
Mentioned Kim Richards - Freeform,0,/tags/Mentioned%20Kim%20Richards%20-%20Freeform,f
Duncan's Laboratory Setting (Yogscast),0,/tags/Duncan's%20Laboratory%20Setting%20(Yogscast),f
Flux Baddies Setting (Yogscast),1,/tags/Flux%20Baddies%20Setting%20(Yogscast),f
Asexual Chris Trott,0,/tags/Asexual%20Chris%20Trott,f
Nano's Village Setting (Yogscast),0,/tags/Nano's%20Village%20Setting%20(Yogscast),f
Demon Alex Parvis,0,/tags/Demon%20Alex%20Parvis,f
Yogscast Secret Santa 2014,0,/tags/Yogscast%20Secret%20Santa%202014,f
Twilight Forest Setting (Yogscast),1,/tags/Twilight%20Forest%20Setting%20(Yogscast),f
Minor Chris Lovasz/Paul Sykes,0,/tags/Minor%20Chris%20Lovasz*s*Paul%20Sykes,f
Episode: s01e066 Dr. Lalnable Hector,0,/tags/Episode:%20s01e066%20Dr*d*%20Lalnable%20Hector,f
Episode: s02e107 BURN!,0,/tags/Episode:%20s02e107%20BURN!,f
SipsCo.,0,/tags/SipsCo*d*,f
POV Joakim Hellstrand,0,/tags/POV%20Joakim%20Hellstrand,f
To Infinity Setting (Yogscast),0,/tags/To%20Infinity%20Setting%20(Yogscast),f
Owl Island Setting (Yogscast),0,/tags/Owl%20Island%20Setting%20(Yogscast),f
Trans Joakim Hellstrand,0,/tags/Trans%20Joakim%20Hellstrand,f
Comic: Lab Buddies (Yogscast),0,/tags/Comic:%20Lab%20Buddies%20(Yogscast),f
Trials of Derpulies Setting,0,/tags/Trials%20of%20Derpulies%20Setting,f
Multiple Duncan Joneses,0,/tags/Multiple%20Duncan%20Joneses,f
Mentioned Lalnable Hector,0,/tags/Mentioned%20Lalnable%20Hector,f
Episode: e62 Black Hole (Yogscast),0,/tags/Episode:%20e62%20Black%20Hole%20(Yogscast),f
Whale Lords Setting (Yogscast),0,/tags/Whale%20Lords%20Setting%20(Yogscast),f
Fluxed Duncan Jones,1,/tags/Fluxed%20Duncan%20Jones,f
Minor Lewis Brindley/Simon Lane,0,/tags/Minor%20Lewis%20Brindley*s*Simon%20Lane,f
Minor Ross Hornby/Alex Smith/Chris Trott,0,/tags/Minor%20Ross%20Hornby*s*Alex%20Smith*s*Chris%20Trott,f
Slime Alex Smith (Yogscast),0,/tags/Slime%20Alex%20Smith%20(Yogscast),f
Panda Labs (Yogscast),1,/tags/Panda%20Labs%20(Yogscast),f
Duncan Jones/Tim Maughan,0,/tags/Duncan%20Jones*s*Tim%20Maughan,r
Chad Bergström/Brooke Lawson,0,/tags/Chad%20Bergstr%C3%B6m*s*Brooke%20Lawson,r
UMY Halloween Event,2,/tags/UMY%20Halloween%20Event,f
Peter Mann,0,/tags/Peter%20Mann,c
Tom | TheSpiffingBrit,10,/tags/Tom%20%7C%20TheSpiffingBrit,c
Liam MacKay/Jonathan Whitten,0,/tags/Liam%20MacKay*s*Jonathan%20Whitten,r
Lydia Ellery,3,/tags/Lydia%20Ellery,c
tumblr: ask-cornerstone,0,/tags/tumblr:%20ask-cornerstone,f
Zine: Don't Worry About It: A Yoglabs Fanzine,0,/tags/Zine:%20Don't%20Worry%20About%20It:%20A%20Yoglabs%20Fanzine,f
Rhiannon Gower,0,/tags/Rhiannon%20Gower,c
Rhiannon Gower/Kim Richards,0,/tags/Rhiannon%20Gower*s*Kim%20Richards,r
MissMousieMouse/Kim Richards,0,/tags/MissMousieMouse*s*Kim%20Richards,r
Lydia Ellery/Kim Richards,0,/tags/Lydia%20Ellery*s*Kim%20Richards,r
Leozaur/Kim Richards,0,/tags/Leozaur*s*Kim%20Richards,r
Lauren Radders/Kim Richards,0,/tags/Lauren%20Radders*s*Kim%20Richards,r
Georgia Dana/Kim Richards,0,/tags/Georgia%20Dana*s*Kim%20Richards,r
MissMousieMouse/Sophie Rogerson,0,/tags/MissMousieMouse*s*Sophie%20Rogerson,r
Lydia Ellery/MissMousieMouse,0,/tags/Lydia%20Ellery*s*MissMousieMouse,r
Leozaur/MissMousieMouse (Yogscast),0,/tags/Leozaur*s*MissMousieMouse%20(Yogscast),r
Rick van Laanen/Leozaur,0,/tags/Rick%20van%20Laanen*s*Leozaur,r
MissMousieMouse (Yogscast)/Original Male Character(s),1,/tags/MissMousieMouse%20(Yogscast)*s*Original%20Male%20Character(s),r
Craig Frost/Ross Hornby,0,/tags/Craig%20Frost*s*Ross%20Hornby,r
Lewis Brindley/Kim Richards/Hannah Rutherford,0,/tags/Lewis%20Brindley*s*Kim%20Richards*s*Hannah%20Rutherford,r
Simon Clark/Craig Frost,1,/tags/Simon%20Clark*s*Craig%20Frost,r
Leozaur/Zoey Proasheck,1,/tags/Leozaur*s*Zoey%20Proasheck,r
Professor Grizwold (Yogscast),0,/tags/Professor%20Grizwold%20(Yogscast),c
Joakim Hellstrand/Original Male Character(s),0,/tags/Joakim%20Hellstrand*s*Original%20Male%20Character(s),r
Sophie Rogerson/Original Male Character(s),0,/tags/Sophie%20Rogerson*s*Original%20Male%20Character(s),r
Lydia Ellery/Original Male Character(s),0,/tags/Lydia%20Ellery*s*Original%20Male%20Character(s),r
Lydia Ellery/Sophie Rogerson,0,/tags/Lydia%20Ellery*s*Sophie%20Rogerson,r
Alex Parvis & Tevela (Video Blogging RPF),0,/tags/Alex%20Parvis%20*a*%20Tevela%20(Video%20Blogging%20RPF),r
"Episode: e39 ""Shadow of Israphel"" Part 39: Doppelgängers",1,/tags/Episode:%20e39%20%22Shadow%20of%20Israphel%22%20Part%2039:%20Doppelg%C3%A4ngers,f
Harvey | SetoSorcerer/Joakim Hellstrand,0,/tags/Harvey%20%7C%20SetoSorcerer*s*Joakim%20Hellstrand,r
Joakim Hellstrand/Original Character(s),0,/tags/Joakim%20Hellstrand*s*Original%20Character(s),r
Daisy Duck (Disney) & Dot Warner & Wakko Warner & Yakko Warner,0,/tags/Daisy%20Duck%20(Disney)%20*a*%20Dot%20Warner%20*a*%20Wakko%20Warner%20*a*%20Yakko%20Warner,r
Tim Maughan & Tevela (Video Blogging RPF),0,/tags/Tim%20Maughan%20*a*%20Tevela%20(Video%20Blogging%20RPF),r
Eridan Ampora/Joakim Hellstrand,0,/tags/Eridan%20Ampora*s*Joakim%20Hellstrand,r
Area 11 Ensemble,0,/tags/Area%2011%20Ensemble,c
Tom Clarke | Sparkles/Beckii Cruel,0,/tags/Tom%20Clarke%20%7C%20Sparkles*s*Beckii%20Cruel,r
Martyn Littlewood & Rendog,238,/tags/Martyn%20Littlewood%20*a*%20Rendog,r
Charles | Grian & Martyn Littlewood,99,/tags/Charles%20%7C%20Grian%20*a*%20Martyn%20Littlewood,r
Alex Smith/Alex Parvis,0,/tags/Alex%20Smith*s*Alex%20Parvis,r
William Strife & Tevela,1,/tags/William%20Strife%20*a*%20Tevela,r
Jimmy | Solidarity & Martyn Littlewood,102,/tags/Jimmy%20%7C%20Solidarity%20*a*%20Martyn%20Littlewood,r
Rosie Rogerson,0,/tags/Rosie%20Rogerson,c
Rosie Rogerson/Sophie Rogerson,0,/tags/Rosie%20Rogerson*s*Sophie%20Rogerson,r
Tom Clarke | Sparkles & Martyn Littlewood,0,/tags/Tom%20Clarke%20%7C%20Sparkles%20*a*%20Martyn%20Littlewood,r
Dave Fayram & Kim Richards,0,/tags/Dave%20Fayram%20*a*%20Kim%20Richards,r
Boba (Yogscast),2,/tags/Boba%20(Yogscast),c
Boba (Yogscast)/Original Male Character(s),0,/tags/Boba%20(Yogscast)*s*Original%20Male%20Character(s),r
Lewis Brindley & Hannah Rutherford,0,/tags/Lewis%20Brindley%20*a*%20Hannah%20Rutherford,r
Lewis Brindley/Other(s),0,/tags/Lewis%20Brindley*s*Other(s),r
Oliver Brotherhood & Charles | Grian & impulseSV & Jimmy | Solidarity & Martyn Littlewood,23,/tags/Oliver%20Brotherhood%20*a*%20Charles%20%7C%20Grian%20*a*%20impulseSV%20*a*%20Jimmy%20%7C%20Solidarity%20*a*%20Martyn%20Littlewood,r
Fionn Riches,0,/tags/Fionn%20Riches,c
Kim Richards/Fionn Riches,0,/tags/Kim%20Richards*s*Fionn%20Riches,r
Fionn Riches/Original Male Character(s),0,/tags/Fionn%20Riches*s*Original%20Male%20Character(s),r
Zoey Proasheck/Fionn Riches/Original Male Character(s),0,/tags/Zoey%20Proasheck*s*Fionn%20Riches*s*Original%20Male%20Character(s),r
Oliver Brotherhood & impulseSV & Jimmy | Solidarity & Martyn Littlewood,1,/tags/Oliver%20Brotherhood%20*a*%20impulseSV%20*a*%20Jimmy%20%7C%20Solidarity%20*a*%20Martyn%20Littlewood,r
Oliver Brotherhood & Martyn Littlewood,4,/tags/Oliver%20Brotherhood%20*a*%20Martyn%20Littlewood,r
Oliver Brotherhood/Martyn Littlewood/Rendog,0,/tags/Oliver%20Brotherhood*s*Martyn%20Littlewood*s*Rendog,r
Martyn Littlewood | InTheLittleWood & The Red King (3rd Life SMP),24,/tags/Martyn%20Littlewood%20%7C%20InTheLittleWood%20*a*%20The%20Red%20King%20(3rd%20Life%20SMP),r
Charles | Grian/Martyn Littlewood | InTheLittleWood,9,/tags/Charles%20%7C%20Grian*s*Martyn%20Littlewood%20%7C%20InTheLittleWood,r
Martyn Littlewood | InTheLittleWood/Rendog,159,/tags/Martyn%20Littlewood%20%7C%20InTheLittleWood*s*Rendog,r
Martyn Littlewood | InTheLittleWood & Everyone,3,/tags/Martyn%20Littlewood%20%7C%20InTheLittleWood%20*a*%20Everyone,r
Listener Martyn Littlewood | InTheLittleWood,180,/tags/Listener%20Martyn%20Littlewood%20%7C%20InTheLittleWood,f
Ben Wilson (Yogscast),0,/tags/Ben%20Wilson%20(Yogscast),c
Martyn Littlewood | InTheLittleWood & ZombieCleo,68,/tags/Martyn%20Littlewood%20%7C%20InTheLittleWood%20*a*%20ZombieCleo,r
Hermitcraft Ensemble & Martyn Littlewood | InTheLittleWood,2,/tags/Hermitcraft%20Ensemble%20*a*%20Martyn%20Littlewood%20%7C%20InTheLittleWood,r
Martyn Littlewood | InTheLittleWood/Pearl | PearlescentMoon/Rendog,1,/tags/Martyn%20Littlewood%20%7C%20InTheLittleWood*s*Pearl%20%7C%20PearlescentMoon*s*Rendog,r
Martyn Littlewood | InTheLittleWood/Pearl | PearlescentMoon,21,/tags/Martyn%20Littlewood%20%7C%20InTheLittleWood*s*Pearl%20%7C%20PearlescentMoon,r
Martyn Littlewood | InTheLittleWood/ZombieCleo,30,/tags/Martyn%20Littlewood%20%7C%20InTheLittleWood*s*ZombieCleo,r
Mentioned Martyn Littlewood | InTheLittleWood,41,/tags/Mentioned%20Martyn%20Littlewood%20%7C%20InTheLittleWood,f
Martyn Littlewood | InTheLittleWood & Scott Major | Smajor1995 & PearlescentMoon & ZombieCleo,26,/tags/Martyn%20Littlewood%20%7C%20InTheLittleWood%20*a*%20Scott%20Major%20%7C%20Smajor1995%20*a*%20PearlescentMoon%20*a*%20ZombieCleo,r
Martyn Littlewood | InTheLittleWood & Ryan | GoodTimesWithScar,7,/tags/Martyn%20Littlewood%20%7C%20InTheLittleWood%20*a*%20Ryan%20%7C%20GoodTimesWithScar,r
Martyn Littlewood | InTheLittleWood & Pearl | Pearlescentmoon & Rendog,6,/tags/Martyn%20Littlewood%20%7C%20InTheLittleWood%20*a*%20Pearl%20%7C%20Pearlescentmoon%20*a*%20Rendog,r
Martyn Littlewood | InTheLittleWood & Pearl | Pearlescentmoon & Rendog & Ryan | GoodTimesWithScar,0,/tags/Martyn%20Littlewood%20%7C%20InTheLittleWood%20*a*%20Pearl%20%7C%20Pearlescentmoon%20*a*%20Rendog%20*a*%20Ryan%20%7C%20GoodTimesWithScar,r
Tom Clark/Ben Edgar/Joakim Hellstrand,0,/tags/Tom%20Clark*s*Ben%20Edgar*s*Joakim%20Hellstrand,r
Tom Clark/Joakim Hellstrand,0,/tags/Tom%20Clark*s*Joakim%20Hellstrand,r
Martyn Littlewood | InTheLittleWood/Scott Major | Smajor1995,174,/tags/Martyn%20Littlewood%20%7C%20InTheLittleWood*s*Scott%20Major%20%7C%20Smajor1995,r
Lalnable Hector & Bryan Lacie,0,/tags/Lalnable%20Hector%20*a*%20Bryan%20Lacie,r
Katherine Elizabeth & Martyn Littlewood | InTheLittleWood & Pearl | PearlescentMoon,0,/tags/Katherine%20Elizabeth%20*a*%20Martyn%20Littlewood%20%7C%20InTheLittleWood%20*a*%20Pearl%20%7C%20PearlescentMoon,r
Charles | Grian/Lalnable Hector,0,/tags/Charles%20%7C%20Grian*s*Lalnable%20Hector,r
Martyn Littlewood | InTheLittleWood-centric,58,/tags/Martyn%20Littlewood%20%7C%20InTheLittleWood-centric,f
Annette Garrett | Netty Plays/Martyn Littlewood | InTheLittleWood,8,/tags/Annette%20Garrett%20%7C%20Netty%20Plays*s*Martyn%20Littlewood%20%7C%20InTheLittleWood,r
Anthony | Bigbst4tz2 & Charles | Grian & Jimmy | Solidarity & InTheLittleWood & PearlescentMoon,1,/tags/Anthony%20%7C%20Bigbst4tz2%20*a*%20Charles%20%7C%20Grian%20*a*%20Jimmy%20%7C%20Solidarity%20*a*%20InTheLittleWood%20*a*%20PearlescentMoon,r
Martyn Littlewood | InTheLittleWood & Alex Parvis,0,/tags/Martyn%20Littlewood%20%7C%20InTheLittleWood%20*a*%20Alex%20Parvis,r
Duncan Jones & Zoey Proasheck,0,/tags/Duncan%20Jones%20*a*%20Zoey%20Proasheck,r
John Booko | BdoubleO100 & Martyn Littlewood | InTheLittleWood,4,/tags/John%20Booko%20%7C%20BdoubleO100%20*a*%20Martyn%20Littlewood%20%7C%20InTheLittleWood,r
Martyn Littlewood | InTheLittleWood & Owen | OwengeJuiceTV,7,/tags/Martyn%20Littlewood%20%7C%20InTheLittleWood%20*a*%20Owen%20%7C%20OwengeJuiceTV,r
Martyn Littlewood | InTheLittleWood/Oli | TheOrionSound,21,/tags/Martyn%20Littlewood%20%7C%20InTheLittleWood*s*Oli%20%7C%20TheOrionSound,r
Charles | Grian & Brandon C. | PeteZahHutt & Martyn L. | InTheLittleWood & Oli | TheOrionSound,0,/tags/Charles%20%7C%20Grian%20*a*%20Brandon%20C*d*%20%7C%20PeteZahHutt%20*a*%20Martyn%20L*d*%20%7C%20InTheLittleWood%20*a*%20Oli%20%7C%20TheOrionSound,r
Charles | Grian & Jimmy | Solidarity & Joel | Smallishbeans & Martyn Littlewood | InTheLittleWood,2,/tags/Charles%20%7C%20Grian%20*a*%20Jimmy%20%7C%20Solidarity%20*a*%20Joel%20%7C%20Smallishbeans%20*a*%20Martyn%20Littlewood%20%7C%20InTheLittleWood,r
Traumatized Martyn Littlewood | InTheLittleWood,21,/tags/Traumatized%20Martyn%20Littlewood%20%7C%20InTheLittleWood,f
Annette Garrett | Netty Plays & Jimmy | Solidarity & Martyn Littlewood | InTheLittleWood,1,/tags/Annette%20Garrett%20%7C%20Netty%20Plays%20*a*%20Jimmy%20%7C%20Solidarity%20*a*%20Martyn%20Littlewood%20%7C%20InTheLittleWood,r
Callum Knight | SeaPeeKay & Martyn Littlewood | InTheLittleWood,1,/tags/Callum%20Knight%20%7C%20SeaPeeKay%20*a*%20Martyn%20Littlewood%20%7C%20InTheLittleWood,r
Martyn Littlewood | InTheLittleWood & Oli | TheOrionSound,7,/tags/Martyn%20Littlewood%20%7C%20InTheLittleWood%20*a*%20Oli%20%7C%20TheOrionSound,r
Duncan Jones/Martyn Littlewood | InTheLittleWood,0,/tags/Duncan%20Jones*s*Martyn%20Littlewood%20%7C%20InTheLittleWood,r
Charles | Grian & Jimmy | Solidarity & Martyn Littlewood | InTheLittleWood,7,/tags/Charles%20%7C%20Grian%20*a*%20Jimmy%20%7C%20Solidarity%20*a*%20Martyn%20Littlewood%20%7C%20InTheLittleWood,r
EthosLab & Joe Hills | joehillssays,1,/tags/EthosLab%20*a*%20Joe%20Hills%20%7C%20joehillssays,r
EthosLab & Martyn Littlewood | InTheLittleWood & Rendog,1,/tags/EthosLab%20*a*%20Martyn%20Littlewood%20%7C%20InTheLittleWood%20*a*%20Rendog,r
EthosLab & Martyn Littlewood | InTheLittleWood & Rendog & Anthony Viviano | Bigbst4tz2,0,/tags/EthosLab%20*a*%20Martyn%20Littlewood%20%7C%20InTheLittleWood%20*a*%20Rendog%20*a*%20Anthony%20Viviano%20%7C%20Bigbst4tz2,r
EthosLab & Martyn Littlewood | InTheLittleWood & Rendog & Skizzleman,2,/tags/EthosLab%20*a*%20Martyn%20Littlewood%20%7C%20InTheLittleWood%20*a*%20Rendog%20*a*%20Skizzleman,r
EthosLab/impulseSV/Martyn Littlewood | InTheLittleWood/Rendog/Skizzleman,0,/tags/EthosLab*s*impulseSV*s*Martyn%20Littlewood%20%7C%20InTheLittleWood*s*Rendog*s*Skizzleman,r
Charles | Grian & Jimmy | Solidarity & Martyn Littlewood | InTheLittleWood & Pearl | PearlescentMoon,10,/tags/Charles%20%7C%20Grian%20*a*%20Jimmy%20%7C%20Solidarity%20*a*%20Martyn%20Littlewood%20%7C%20InTheLittleWood%20*a*%20Pearl%20%7C%20PearlescentMoon,r
Bekyamon & Martyn Littlewood | InTheLittleWood,0,/tags/Bekyamon%20*a*%20Martyn%20Littlewood%20%7C%20InTheLittleWood,r
Toby Cottrell & Martyn Littlewood | InTheLittleWood,0,/tags/Toby%20Cottrell%20*a*%20Martyn%20Littlewood%20%7C%20InTheLittleWood,r
Toby Cottrell/Martyn Littlewood | InTheLittleWood,0,/tags/Toby%20Cottrell*s*Martyn%20Littlewood%20%7C%20InTheLittleWood,r
Jonny | Pixlriffs & Martyn Littlewood | InTheLittleWood,2,/tags/Jonny%20%7C%20Pixlriffs%20*a*%20Martyn%20Littlewood%20%7C%20InTheLittleWood,r
Jimmy | Solidarity/Martyn Littlewood | InTheLittleWood,22,/tags/Jimmy%20%7C%20Solidarity*s*Martyn%20Littlewood%20%7C%20InTheLittleWood,r
Cassie Anne | Snifferish & Martyn Littlewood | InTheLittleWood,1,/tags/Cassie%20Anne%20%7C%20Snifferish%20*a*%20Martyn%20Littlewood%20%7C%20InTheLittleWood,r
impulseSV & Jimmy | Solidarity & Martyn Littlewood | InTheLittleWood,2,/tags/impulseSV%20*a*%20Jimmy%20%7C%20Solidarity%20*a*%20Martyn%20Littlewood%20%7C%20InTheLittleWood,r
impulseSV & Martyn Littlewood | InTheLittleWood,3,/tags/impulseSV%20*a*%20Martyn%20Littlewood%20%7C%20InTheLittleWood,r
Callum Knight | SeaPeeKay/Martyn Littlewood | InTheLittleWood/Oli | TheOrionSound,0,/tags/Callum%20Knight%20%7C%20SeaPeeKay*s*Martyn%20Littlewood%20%7C%20InTheLittleWood*s*Oli%20%7C%20TheOrionSound,r
Shelby Grace | Shubble & Martyn Littlewood | InTheLittleWood,1,/tags/Shelby%20Grace%20%7C%20Shubble%20*a*%20Martyn%20Littlewood%20%7C%20InTheLittleWood,r
Martyn Littlewood | InTheLittleWood & Anthony Viviano | Bigbst4tz2,2,/tags/Martyn%20Littlewood%20%7C%20InTheLittleWood%20*a*%20Anthony%20Viviano%20%7C%20Bigbst4tz2,r
Martyn Littlewood | InTheLittleWood & Kristin Rosales Watson,0,/tags/Martyn%20Littlewood%20%7C%20InTheLittleWood%20*a*%20Kristin%20Rosales%20Watson,r
Martyn Littlewood | InTheLittleWood & Lizzie | LDShadowLady,1,/tags/Martyn%20Littlewood%20%7C%20InTheLittleWood%20*a*%20Lizzie%20%7C%20LDShadowLady,r
Martyn Littlewood | InTheLittleWood & Lizzie | LDShadowLady & Rendog & Anthony Viviano | Bigbst4tz2,0,/tags/Martyn%20Littlewood%20%7C%20InTheLittleWood%20*a*%20Lizzie%20%7C%20LDShadowLady%20*a*%20Rendog%20*a*%20Anthony%20Viviano%20%7C%20Bigbst4tz2,r
Bigbst4tz2 & Charles | Grian & Jimmy | Solidarity & Martyn Littlewood | InTheLittleWood,4,/tags/Bigbst4tz2%20*a*%20Charles%20%7C%20Grian%20*a*%20Jimmy%20%7C%20Solidarity%20*a*%20Martyn%20Littlewood%20%7C%20InTheLittleWood,r
Martyn Littlewood | InTheLittleWood/MythicalSausage,0,/tags/Martyn%20Littlewood%20%7C%20InTheLittleWood*s*MythicalSausage,r
EthosLab & Martyn Littlewood | InTheLittleWood & Rendog & Skizzleman & Anthony Viviano | Bigbst4tz2,4,/tags/EthosLab%20*a*%20Martyn%20Littlewood%20%7C%20InTheLittleWood%20*a*%20Rendog%20*a*%20Skizzleman%20*a*%20Anthony%20Viviano%20%7C%20Bigbst4tz2,r
Mumbo Jumbo & Martyn Littlewood | InTheLittleWood,10,/tags/Mumbo%20Jumbo%20*a*%20Martyn%20Littlewood%20%7C%20InTheLittleWood,r
Joel | Smallishbeans & Martyn | InTheLittleWood,4,/tags/Joel%20%7C%20Smallishbeans%20*a*%20Martyn%20%7C%20InTheLittleWood,r
Butler (Rats SMP)/Martyn Littlewood | InTheLittleWood/Oli | TheOrionSound,0,/tags/Butler%20(Rats%20SMP)*s*Martyn%20Littlewood%20%7C%20InTheLittleWood*s*Oli%20%7C%20TheOrionSound,r
Martyn Littlewood | InTheLittleWood & Pearl | Pearlescentmoon,27,/tags/Martyn%20Littlewood%20%7C%20InTheLittleWood%20*a*%20Pearl%20%7C%20Pearlescentmoon,r
ethoslab & martyn littlewood | inthelittlewood,6,/tags/ethoslab%20*a*%20martyn%20littlewood%20%7C%20inthelittlewood,r
martyn littlewood | inthelittlewood & tangotek,4,/tags/martyn%20littlewood%20%7C%20inthelittlewood%20*a*%20tangotek,r
Oliver Brotherhood | Mumbo Jumbo/Martyn Littlewood | InTheLittleWood,8,/tags/Oliver%20Brotherhood%20%7C%20Mumbo%20Jumbo*s*Martyn%20Littlewood%20%7C%20InTheLittleWood,r
Kris | ZedaphPlays & Martyn Littlewood | InTheLittleWood,0,/tags/Kris%20%7C%20ZedaphPlays%20*a*%20Martyn%20Littlewood%20%7C%20InTheLittleWood,r
Tom Hazell,1,/tags/Tom%20Hazell,c
Martyn Littlewood | InTheLittleWood/Steffen Mössner | Docm77/Rendog,3,/tags/Martyn%20Littlewood%20%7C%20InTheLittleWood*s*Steffen%20M%C3%B6ssner%20%7C%20Docm77*s*Rendog,r
Kris | ZedaphPlays/Martyn Littlewood | InTheLittleWood,0,/tags/Kris%20%7C%20ZedaphPlays*s*Martyn%20Littlewood%20%7C%20InTheLittleWood,r
Martyn Littlewood | InTheLittleWood/Everyone,1,/tags/Martyn%20Littlewood%20%7C%20InTheLittleWood*s*Everyone,r
Martyn Littlewood | InTheLittleWood & Tiny Tom (Empires SMP),1,/tags/Martyn%20Littlewood%20%7C%20InTheLittleWood%20*a*%20Tiny%20Tom%20(Empires%20SMP),r
Martyn Littlewood | InTheLittleWood & Rendog & Toby Smith | Tubbo & Technoblade,0,/tags/Martyn%20Littlewood%20%7C%20InTheLittleWood%20*a*%20Rendog%20*a*%20Toby%20Smith%20%7C%20Tubbo%20*a*%20Technoblade,r
Martyn Littlewood | InTheLittleWood & Scott Major | Smajor1995,109,/tags/Martyn%20Littlewood%20%7C%20InTheLittleWood%20*a*%20Scott%20Major%20%7C%20Smajor1995,r
John Booko | BdoubleO100/Martyn Littlewood | InTheLittleWood,0,/tags/John%20Booko%20%7C%20BdoubleO100*s*Martyn%20Littlewood%20%7C%20InTheLittleWood,r
Martyn Littlewood | InTheLittlewood/Ryan | GoodTimesWithScar,1,/tags/Martyn%20Littlewood%20%7C%20InTheLittlewood*s*Ryan%20%7C%20GoodTimesWithScar,r
Martyn Littlewood | InTheLittleWood & Phil Watson | Philza,0,/tags/Martyn%20Littlewood%20%7C%20InTheLittleWood%20*a*%20Phil%20Watson%20%7C%20Philza,r
John Booko | BdoubleO100/Martyn Littlewood | InTheLittleWood/Steffen Mössner | Docm77/Rendog,0,/tags/John%20Booko%20%7C%20BdoubleO100*s*Martyn%20Littlewood%20%7C%20InTheLittleWood*s*Steffen%20M%C3%B6ssner%20%7C%20Docm77*s*Rendog,r
Phil Southam | BruteAlmighty,0,/tags/Phil%20Southam%20%7C%20BruteAlmighty,c
Matthew Needler | iFirez,0,/tags/Matthew%20Needler%20%7C%20iFirez,c
Martyn Littlewood | InTheLittleWood & The Watchers (Evolution SMP),12,/tags/Martyn%20Littlewood%20%7C%20InTheLittleWood%20*a*%20The%20Watchers%20(Evolution%20SMP),r
Martyn Littlewood | InTheLittleWood/TangoTek,1,/tags/Martyn%20Littlewood%20%7C%20InTheLittleWood*s*TangoTek,r
Buffybot (Buffy the Vampire Slayer)/Alex Parvis,0,/tags/Buffybot%20(Buffy%20the%20Vampire%20Slayer)*s*Alex%20Parvis,r
fWhip/Solidarity/Pixlriffs/Martyn | InTheLittleWood/Scott | Smajor1995/MythicalSausage,0,/tags/fWhip*s*Solidarity*s*Pixlriffs*s*Martyn%20%7C%20InTheLittleWood*s*Scott%20%7C%20Smajor1995*s*MythicalSausage,r
Jimmy | Solidarity/Martyn Littlewood | InTheLittleWood/Scott Major | Smajor1995/TangoTek,2,/tags/Jimmy%20%7C%20Solidarity*s*Martyn%20Littlewood%20%7C%20InTheLittleWood*s*Scott%20Major%20%7C%20Smajor1995*s*TangoTek,r
Grian & Martyn Littlewood & Pearl | PearlescentMoon & Scott Major | Smajor1995,7,/tags/Grian%20*a*%20Martyn%20Littlewood%20*a*%20Pearl%20%7C%20PearlescentMoon%20*a*%20Scott%20Major%20%7C%20Smajor1995,r
impulseSV/Martyn Littlewood | InTheLittleWood/Scott Major | Smajor1995,1,/tags/impulseSV*s*Martyn%20Littlewood%20%7C%20InTheLittleWood*s*Scott%20Major%20%7C%20Smajor1995,r
Martyn Littlewood | InTheLittleWood/Scott Major | Smajor1995/Rendog,2,/tags/Martyn%20Littlewood%20%7C%20InTheLittleWood*s*Scott%20Major%20%7C%20Smajor1995*s*Rendog,r
Episode: e71 SipsCo - Episode 71 - Mahogany Doors,0,/tags/Episode:%20e71%20SipsCo%20-%20Episode%2071%20-%20Mahogany%20Doors,f
Video: Skyblock Wars - Sips & Lewis,0,/tags/Video:%20Skyblock%20Wars%20-%20Sips%20*a*%20Lewis,f
Martyn Littlewood | InTheLittleWood/Pearl | PearlescentMoon/Scott Major | Smajor1995,1,/tags/Martyn%20Littlewood%20%7C%20InTheLittleWood*s*Pearl%20%7C%20PearlescentMoon*s*Scott%20Major%20%7C%20Smajor1995,r
Martyn Littlewood | InTheLittleWood & Skizzleman,1,/tags/Martyn%20Littlewood%20%7C%20InTheLittleWood%20*a*%20Skizzleman,r
impulseSV/Martyn Littlewood | InTheLittleWood,1,/tags/impulseSV*s*Martyn%20Littlewood%20%7C%20InTheLittleWood,r
Daniel Condren | RTGame & Martyn Littlewood | InTheLittleWood,0,/tags/Daniel%20Condren%20%7C%20RTGame%20*a*%20Martyn%20Littlewood%20%7C%20InTheLittleWood,r
Tom Clarke | Sparkles/Martyn Littlewood | InTheLittleWood,0,/tags/Tom%20Clarke%20%7C%20Sparkles*s*Martyn%20Littlewood%20%7C%20InTheLittleWood,r
Tom Clarke | Sparkles/Martyn Littlewood | InTheLittleWood/Sam Thorne,0,/tags/Tom%20Clarke%20%7C%20Sparkles*s*Martyn%20Littlewood%20%7C%20InTheLittleWood*s*Sam%20Thorne,r
Katy | FalseSymmetry & Martyn Littlewood | InTheLittleWood,0,/tags/Katy%20%7C%20FalseSymmetry%20*a*%20Martyn%20Littlewood%20%7C%20InTheLittleWood,r
Katy | FalseSymmetry & Martyn Littlewood | InTheLittleWood & Rendog,0,/tags/Katy%20%7C%20FalseSymmetry%20*a*%20Martyn%20Littlewood%20%7C%20InTheLittleWood%20*a*%20Rendog,r
Martyn Littlewood | InTheLittleWood & Tim Maughan,0,/tags/Martyn%20Littlewood%20%7C%20InTheLittleWood%20*a*%20Tim%20Maughan,r
Martyn Littlewood | InTheLittleWood & William Strife,0,/tags/Martyn%20Littlewood%20%7C%20InTheLittleWood%20*a*%20William%20Strife,r
Martyn Littlewood | InTheLittleWood/Alex Parvis,0,/tags/Martyn%20Littlewood%20%7C%20InTheLittleWood*s*Alex%20Parvis,r
Martyn Littlewood | InTheLittleWood/Alex Smith,0,/tags/Martyn%20Littlewood%20%7C%20InTheLittleWood*s*Alex%20Smith,r
Martyn Littlewood | InTheLittleWood/Hannah Rutherford,0,/tags/Martyn%20Littlewood%20%7C%20InTheLittleWood*s*Hannah%20Rutherford,r
Martyn Littlewood | InTheLittleWood/Mark Turpin,0,/tags/Martyn%20Littlewood%20%7C%20InTheLittleWood*s*Mark%20Turpin,r
Martyn Littlewood | InTheLittleWood/Martyn Littlewood | InTheLittleWood,0,/tags/Martyn%20Littlewood%20%7C%20InTheLittleWood*s*Martyn%20Littlewood%20%7C%20InTheLittleWood,r
Martyn Littlewood | InTheLittleWood/Steffen Mössner | Docm77,5,/tags/Martyn%20Littlewood%20%7C%20InTheLittleWood*s*Steffen%20M%C3%B6ssner%20%7C%20Docm77,r
Martyn Littlewood | InTheLittleWood/Stephanie Louise,0,/tags/Martyn%20Littlewood%20%7C%20InTheLittleWood*s*Stephanie%20Louise,r
Martyn Littlewood | InTheLittleWood/William Strife,0,/tags/Martyn%20Littlewood%20%7C%20InTheLittleWood*s*William%20Strife,r
Martyn Littlewood | InTheLittleWood/You,0,/tags/Martyn%20Littlewood%20%7C%20InTheLittleWood*s*You,r
James Hayes | Waglington & Matthew Needler | iFirez,0,/tags/James%20Hayes%20%7C%20Waglington%20*a*%20Matthew%20Needler%20%7C%20iFirez,r
Jimmy | Solidarity & Martyn Littlewood | InTheLittleWood & Scott Major | Smajor1995,0,/tags/Jimmy%20%7C%20Solidarity%20*a*%20Martyn%20Littlewood%20%7C%20InTheLittleWood%20*a*%20Scott%20Major%20%7C%20Smajor1995,r
Dave Fayram/Tevela,0,/tags/Dave%20Fayram*s*Tevela,r
Martyn Littlewood | InTheLittleWood/Lizzie | LDShadowLady/Rendog,0,/tags/Martyn%20Littlewood%20%7C%20InTheLittleWood*s*Lizzie%20%7C%20LDShadowLady*s*Rendog,r
Martyn Littlewood | InTheLittleWood & Xisumavoid,1,/tags/Martyn%20Littlewood%20%7C%20InTheLittleWood%20*a*%20Xisumavoid,r
impulseSV & Martyn Littlewood | InTheLittleWood & Scott Major | Smajor1995,0,/tags/impulseSV%20*a*%20Martyn%20Littlewood%20%7C%20InTheLittleWood%20*a*%20Scott%20Major%20%7C%20Smajor1995,r
Martyn Littlewood | InTheLittleWood/Scott Major | Smajor1995/Pearl | PearlescentMoon/ZombieCleo,0,/tags/Martyn%20Littlewood%20%7C%20InTheLittleWood*s*Scott%20Major%20%7C%20Smajor1995*s*Pearl%20%7C%20PearlescentMoon*s*ZombieCleo,r
Martyn Littlewood | InTheLittleWood/Pearl | Pearlescentmoon/Rendog/Ryan | GoodTimesWithScar,0,/tags/Martyn%20Littlewood%20%7C%20InTheLittleWood*s*Pearl%20%7C%20Pearlescentmoon*s*Rendog*s*Ryan%20%7C%20GoodTimesWithScar,r
Martyn Littlewood | InTheLittleWood & Steffen Mössner | Docm77,0,/tags/Martyn%20Littlewood%20%7C%20InTheLittleWood%20*a*%20Steffen%20M%C3%B6ssner%20%7C%20Docm77,r
Oliver B. | Mumbo Jumbo/Charles | Grian/impulseSV/Jimmy | Solidarity/Martyn L. | InTheLittleWood,0,/tags/Oliver%20B*d*%20%7C%20Mumbo%20Jumbo*s*Charles%20%7C%20Grian*s*impulseSV*s*Jimmy%20%7C%20Solidarity*s*Martyn%20L*d*%20%7C%20InTheLittleWood,r
Harvey | SetoSorcerer & Joakim Hellstrand,0,/tags/Harvey%20%7C%20SetoSorcerer%20*a*%20Joakim%20Hellstrand,r
