tag,count,href,category
Inui Sadaharu,616,/tags/Inui%20Sadaharu,c
Momoshiro Takeshi,441,/tags/Momoshiro%20Takeshi,c
Atobe Keigo,1685,/tags/Atobe%20Keigo,c
Fuji Yuuta,321,/tags/Fuji%20Yuuta,c
Akutsu Jin,141,/tags/Akutsu%20Jin,c
Dan Taichi,68,/tags/Dan%20Taichi,c
Fuji Shuusuke,2438,/tags/Fuji%20Shuusuke,c
Tezuka Kunimitsu,3089,/tags/Tezuka%20Kunimitsu,c
Mizuki Hajime,203,/tags/Mizuki%20Hajime,c
Kikumaru Eiji,617,/tags/Kikumaru%20Eiji,c
Yukimura Seiichi,1623,/tags/Yukimura%20Seiichi,c
Sanada Genichirou,1196,/tags/Sanada%20Genichirou,c
Kirihara Akaya,634,/tags/Kirihara%20Akaya,c
Fuji Yumiko,106,/tags/Fuji%20Yumiko,c
Kurobane Harukaze,59,/tags/Kurobane%20Harukaze,c
Yagyuu Hiroshi,463,/tags/Yagyuu%20Hiroshi,c
Niou Masaharu,704,/tags/Niou%20Masaharu,c
Akazawa Yoshirou,21,/tags/Akazawa%20Yoshirou,c
Amane Hikaru,55,/tags/Amane%20Hikaru,c
Aoi Kentarou,29,/tags/Aoi%20Kentarou,c
Arai Masashi,13,/tags/Arai%20Masashi,c
Aragaki Kouichi,4,/tags/Aragaki%20Kouichi,c
Banda Mikiya,4,/tags/Banda%20Mikiya,c
Chinen Hiroshi,19,/tags/Chinen%20Hiroshi,c
Chitose Miyuki,17,/tags/Chitose%20Miyuki,c
Chitose Senri,111,/tags/Chitose%20Senri,c
Echizen Nanjirou,127,/tags/Echizen%20Nanjirou,c
Hirakoba Rin,27,/tags/Hirakoba%20Rin,c
Hitouji Yuuji,33,/tags/Hitouji%20Yuuji,c
Hiyoshi Wakashi,181,/tags/Hiyoshi%20Wakashi,c
Horio Satoshi,54,/tags/Horio%20Satoshi,c
Ibu Shinji,65,/tags/Ibu%20Shinji,c
Ikeda Masaya,2,/tags/Ikeda%20Masaya,c
Inoue Mamoru,1,/tags/Inoue%20Mamoru,c
Ishida Gin,30,/tags/Ishida%20Gin,c
Ishida Tetsu,14,/tags/Ishida%20Tetsu,c
Itsuki Marehiko,14,/tags/Itsuki%20Marehiko,c
Izumi Tomoya,0,/tags/Izumi%20Tomoya,c
Kabaji Munehiro,117,/tags/Kabaji%20Munehiro,c
Kai Yuujirou,26,/tags/Kai%20Yuujirou,c
Kamio Akira,84,/tags/Kamio%20Akira,c
Kaneda Ichirou,10,/tags/Kaneda%20Ichirou,c
Katou Kachirou,20,/tags/Katou%20Kachirou,c
Kawamura Takashi,220,/tags/Kawamura%20Takashi,c
Kisarazu Atsushi,28,/tags/Kisarazu%20Atsushi,c
Kisarazu Ryou,37,/tags/Kisarazu%20Ryou,c
Kita Ichiuma,4,/tags/Kita%20Ichiuma,c
Kite Eishirou,89,/tags/Kite%20Eishirou,c
Konjiki Koharu,37,/tags/Konjiki%20Koharu,c
Marui Bunta,392,/tags/Marui%20Bunta,c
Minami Kentarou,21,/tags/Minami%20Kentarou,c
Mori Tatsunori,10,/tags/Mori%20Tatsunori,c
Mukahi Gakuto,227,/tags/Mukahi%20Gakuto,c
Muromachi Touji,8,/tags/Muromachi%20Touji,c
Nitobe Inakichi,4,/tags/Nitobe%20Inakichi,c
Ohtori Choutarou,188,/tags/Ohtori%20Choutarou,c
Oshitari Kenya,238,/tags/Oshitari%20Kenya,c
Oshitari Yuushi,646,/tags/Oshitari%20Yuushi,c
Ryuuzaki Sakuno,219,/tags/Ryuuzaki%20Sakuno,c
Ryuuzaki Sumire,53,/tags/Ryuuzaki%20Sumire,c
Sakaki Tarou,44,/tags/Sakaki%20Tarou,c
Sakurai Masaya,8,/tags/Sakurai%20Masaya,c
Saotome Harumi,2,/tags/Saotome%20Harumi,c
Sengoku Kiyosumi,110,/tags/Sengoku%20Kiyosumi,c
Shiba Saori,6,/tags/Shiba%20Saori,c
Shiraishi Kuranosuke,490,/tags/Shiraishi%20Kuranosuke,c
Shiranui Tomoya,3,/tags/Shiranui%20Tomoya,c
Shishido Ryou,316,/tags/Shishido%20Ryou,c
Shudou Satoshi,13,/tags/Shudou%20Satoshi,c
Tachibana An,93,/tags/Tachibana%20An,c
Tachibana Kippei,110,/tags/Tachibana%20Kippei,c
Taki Haginosuke,41,/tags/Taki%20Haginosuke,c
Tanishi Kei,12,/tags/Tanishi%20Kei,c
Uchimura Kyousuke,10,/tags/Uchimura%20Kyousuke,c
Watanabe Osamu,38,/tags/Watanabe%20Osamu,c
Yamato Yuudai,38,/tags/Yamato%20Yuudai,c
Yanagi Renji,635,/tags/Yanagi%20Renji,c
Yanagisawa Shinya,20,/tags/Yanagisawa%20Shinya,c
Zaizen Hikaru,174,/tags/Zaizen%20Hikaru,c
Akazawa Yoshirou/Kaneda Ichirou,4,/tags/Akazawa%20Yoshirou*s*Kaneda%20Ichirou,r
Akutsu Jin/Dan Taichi,114,/tags/Akutsu%20Jin*s*Dan%20Taichi,r
Atobe Keigo/Tezuka Kunimitsu,499,/tags/Atobe%20Keigo*s*Tezuka%20Kunimitsu,r
Atobe Keigo/Oshitari Yuushi,246,/tags/Atobe%20Keigo*s*Oshitari%20Yuushi,r
Atobe Keigo/Tachibana An,2,/tags/Atobe%20Keigo*s*Tachibana%20An,r
Atobe Keigo/Sanada Genichirou,106,/tags/Atobe%20Keigo*s*Sanada%20Genichirou,r
Atobe Keigo/Shishido Ryou,14,/tags/Atobe%20Keigo*s*Shishido%20Ryou,r
Atobe Keigo/Kikumaru Eiji,2,/tags/Atobe%20Keigo*s*Kikumaru%20Eiji,r
Chinen Hiroshi/Hirakoba Rin,3,/tags/Chinen%20Hiroshi*s*Hirakoba%20Rin,r
Chinen Hiroshi/Kai Yuujirou,0,/tags/Chinen%20Hiroshi*s*Kai%20Yuujirou,r
Chinen Hiroshi/Kite Eishirou,0,/tags/Chinen%20Hiroshi*s*Kite%20Eishirou,r
Chitose Miyuki/Tezuka Kunimitsu,15,/tags/Chitose%20Miyuki*s*Tezuka%20Kunimitsu,r
Chitose Senri/Tachibana Kippei,33,/tags/Chitose%20Senri*s*Tachibana%20Kippei,r
Chitose Senri/Shiraishi Kuranosuke,21,/tags/Chitose%20Senri*s*Shiraishi%20Kuranosuke,r
Echizen Ryouma/Fuji Yuuta,1,/tags/Echizen%20Ryouma*s*Fuji%20Yuuta,r
Echizen Ryouma/Sanada Genichirou,16,/tags/Echizen%20Ryouma*s*Sanada%20Genichirou,r
Fuji Shuusuke/Tezuka Kunimitsu,1466,/tags/Fuji%20Shuusuke*s*Tezuka%20Kunimitsu,r
Fuji Shuusuke/Kikumaru Eiji,23,/tags/Fuji%20Shuusuke*s*Kikumaru%20Eiji,r
Fuji Shuusuke/Inui Sadaharu,19,/tags/Fuji%20Shuusuke*s*Inui%20Sadaharu,r
Fuji Shuusuke/Kawamura Takashi,80,/tags/Fuji%20Shuusuke*s*Kawamura%20Takashi,r
Fuji Shuusuke/Yukimura Seiichi,44,/tags/Fuji%20Shuusuke*s*Yukimura%20Seiichi,r
Fuji Shuusuke/Mizuki Hajime,24,/tags/Fuji%20Shuusuke*s*Mizuki%20Hajime,r
Fuji Shuusuke/Fuji Yuuta,34,/tags/Fuji%20Shuusuke*s*Fuji%20Yuuta,r
Fuji Shuusuke/Shiraishi Kuranosuke,45,/tags/Fuji%20Shuusuke*s*Shiraishi%20Kuranosuke,r
Fuji Shuusuke/Tachibana Kippei,1,/tags/Fuji%20Shuusuke*s*Tachibana%20Kippei,r
Fuji Yuuta/Mizuki Hajime,44,/tags/Fuji%20Yuuta*s*Mizuki%20Hajime,r
Fuji Yuuta/Tachibana An,3,/tags/Fuji%20Yuuta*s*Tachibana%20An,r
Fuji Yuuta/Kirihara Akaya,5,/tags/Fuji%20Yuuta*s*Kirihara%20Akaya,r
Hitouji Yuuji/Konjiki Koharu,12,/tags/Hitouji%20Yuuji*s*Konjiki%20Koharu,r
Hiyoshi Wakashi/Ohtori Choutarou,2,/tags/Hiyoshi%20Wakashi*s*Ohtori%20Choutarou,r
Ibu Shinji/Kamio Akira,20,/tags/Ibu%20Shinji*s*Kamio%20Akira,r
Ibu Shinji/Tachibana Kippei,6,/tags/Ibu%20Shinji*s*Tachibana%20Kippei,r
Ibu Shinji/Kamio Akira/Tachibana Kippei,2,/tags/Ibu%20Shinji*s*Kamio%20Akira*s*Tachibana%20Kippei,r
Inui Sadaharu/Yanagi Renji,53,/tags/Inui%20Sadaharu*s*Yanagi%20Renji,r
Inui Sadaharu/Tezuka Kunimitsu,27,/tags/Inui%20Sadaharu*s*Tezuka%20Kunimitsu,r
Kamio Akira/Tachibana An,7,/tags/Kamio%20Akira*s*Tachibana%20An,r
Kirihara Akaya/Sanada Genichirou,22,/tags/Kirihara%20Akaya*s*Sanada%20Genichirou,r
Kirihara Akaya/Yanagi Renji,132,/tags/Kirihara%20Akaya*s*Yanagi%20Renji,r
Kirihara Akaya/Yukimura Seiichi,18,/tags/Kirihara%20Akaya*s*Yukimura%20Seiichi,r
Kirihara Akaya/Marui Bunta,46,/tags/Kirihara%20Akaya*s*Marui%20Bunta,r
Kisarazu Atsushi/Yanagisawa Shinya,4,/tags/Kisarazu%20Atsushi*s*Yanagisawa%20Shinya,r
Kisarazu Atsushi/Kisarazu Ryou,3,/tags/Kisarazu%20Atsushi*s*Kisarazu%20Ryou,r
Kisarazu Ryou/Saeki Koujirou,7,/tags/Kisarazu%20Ryou*s*Saeki%20Koujirou,r
Mukahi Gakuto/Oshitari Yuushi,119,/tags/Mukahi%20Gakuto*s*Oshitari%20Yuushi,r
Niou Masaharu/Yagyuu Hiroshi,259,/tags/Niou%20Masaharu*s*Yagyuu%20Hiroshi,r
Niou Masaharu/Yukimura Seiichi,40,/tags/Niou%20Masaharu*s*Yukimura%20Seiichi,r
Ohtori Choutarou/Shishido Ryou,186,/tags/Ohtori%20Choutarou*s*Shishido%20Ryou,r
Ryuuzaki Sakuno/Tachibana An,5,/tags/Ryuuzaki%20Sakuno*s*Tachibana%20An,r
Sanada Genichirou/Yanagi Renji,35,/tags/Sanada%20Genichirou*s*Yanagi%20Renji,r
Sanada Genichirou/Yukimura Seiichi,664,/tags/Sanada%20Genichirou*s*Yukimura%20Seiichi,r
Echizen Ryoma,346,/tags/Echizen%20Ryoma,c
Seigaku,29,/tags/Seigaku,f
Echizen Ryoma/Momoshiro Takeshi,10,/tags/Echizen%20Ryoma*s*Momoshiro%20Takeshi,r
Community: tenifriends,2,/tags/Community:%20tenifriends,f
Challenge: rikkai_exchange,2,/tags/Challenge:%20rikkai_exchange,f
Tanaka Kouhei,8,/tags/Tanaka%20Kouhei,c
Tanaka Youhei,7,/tags/Tanaka%20Youhei,c
Kajimoto Takahisa,13,/tags/Kajimoto%20Takahisa,c
Hanamura Aoi,12,/tags/Hanamura%20Aoi,c
Yanagi Renji/Yukimura Seiichi,37,/tags/Yanagi%20Renji*s*Yukimura%20Seiichi,r
Kikumaru Eiji/Momoshiro Takeshi,2,/tags/Kikumaru%20Eiji*s*Momoshiro%20Takeshi,r
Inui Sadaharu/Kikumaru Eiji,1,/tags/Inui%20Sadaharu*s*Kikumaru%20Eiji,r
Fuji Shuusuke/Oshitari Yuushi,8,/tags/Fuji%20Shuusuke*s*Oshitari%20Yuushi,r
Echizen Ryouma/Inui Sadaharu,4,/tags/Echizen%20Ryouma*s*Inui%20Sadaharu,r
Kirihara Akaya/Sanada Genichirou/Yukimura Seiichi,1,/tags/Kirihara%20Akaya*s*Sanada%20Genichirou*s*Yukimura%20Seiichi,r
Kawamura Takashi/Tezuka Kunimitsu,1,/tags/Kawamura%20Takashi*s*Tezuka%20Kunimitsu,r
Kikumaru Eiji/Tezuka Kunimitsu,9,/tags/Kikumaru%20Eiji*s*Tezuka%20Kunimitsu,r
Echizen Ryouma/Fuji Shuusuke/Tezuka Kunimitsu,31,/tags/Echizen%20Ryouma*s*Fuji%20Shuusuke*s*Tezuka%20Kunimitsu,r
Atobe Keigo/Sanada Genichirou/Tezuka Kunimitsu,4,/tags/Atobe%20Keigo*s*Sanada%20Genichirou*s*Tezuka%20Kunimitsu,r
Niou Masaharu/Yagyuu Hiroshi/Yukimura Seiichi,3,/tags/Niou%20Masaharu*s*Yagyuu%20Hiroshi*s*Yukimura%20Seiichi,r
Sanada Genichirou/Yanagi Renji/Yukimura Seiichi,31,/tags/Sanada%20Genichirou*s*Yanagi%20Renji*s*Yukimura%20Seiichi,r
Kiriyama Daichi,1,/tags/Kiriyama%20Daichi,c
Wakato Hiroshi,4,/tags/Wakato%20Hiroshi,c
Sanada Genichirou/Tachibana An,3,/tags/Sanada%20Genichirou*s*Tachibana%20An,r
Kaidoh Kaoru/Kikumaru Eiji,0,/tags/Kaidoh%20Kaoru*s*Kikumaru%20Eiji,r
Tom Griffey,2,/tags/Tom%20Griffey,c
Terry Griffey,2,/tags/Terry%20Griffey,c
Akutagawa Jirou,199,/tags/Akutagawa%20Jirou,c
Echizen Ryoma/Tezuka Kunimitsu,41,/tags/Echizen%20Ryoma*s*Tezuka%20Kunimitsu,r
Kajimoto Takahisa/Wakato Hiroshi,4,/tags/Kajimoto%20Takahisa*s*Wakato%20Hiroshi,r
Rikkai/Rikkai,6,/tags/Rikkai*s*Rikkai,r
Echizen Ryouma/Tezuka Kunimitsu/Yamato Yuudai,1,/tags/Echizen%20Ryouma*s*Tezuka%20Kunimitsu*s*Yamato%20Yuudai,r
Fuji Shuusuke/Ryuuzaki Sakuno,3,/tags/Fuji%20Shuusuke*s*Ryuuzaki%20Sakuno,r
Tezuka Ayana,28,/tags/Tezuka%20Ayana,c
Atobe Keigo/Momoshiro Takeshi,9,/tags/Atobe%20Keigo*s*Momoshiro%20Takeshi,r
Atobe Keigo/Yukimura Seiichi,36,/tags/Atobe%20Keigo*s*Yukimura%20Seiichi,r
Fuji Shuusuke/Fuji Yumiko,0,/tags/Fuji%20Shuusuke*s*Fuji%20Yumiko,r
Sanada Genichirou/Original Male Character,1,/tags/Sanada%20Genichirou*s*Original%20Male%20Character,r
Niou Masaharu/Yanagi Renji,13,/tags/Niou%20Masaharu*s*Yanagi%20Renji,r
Nanako (Tennis no Oujisama),13,/tags/Nanako%20(Tennis%20no%20Oujisama),c
Momoshiro Takeshi/Tachibana An,15,/tags/Momoshiro%20Takeshi*s*Tachibana%20An,r
Atobe Keigo/Tezuka Kunimitsu/Yukimura Seiichi,8,/tags/Atobe%20Keigo*s*Tezuka%20Kunimitsu*s*Yukimura%20Seiichi,r
Marui Bunta/Yagyuu Hiroshi,1,/tags/Marui%20Bunta*s*Yagyuu%20Hiroshi,r
Momoshiro Takeshi/Tezuka Kunimitsu,3,/tags/Momoshiro%20Takeshi*s*Tezuka%20Kunimitsu,r
Niou Masaharu/Sanada Genichirou,15,/tags/Niou%20Masaharu*s*Sanada%20Genichirou,r
Kirihara Akaya/Tachibana Kippei,0,/tags/Kirihara%20Akaya*s*Tachibana%20Kippei,r
Kirihara Akaya/Tachibana An,7,/tags/Kirihara%20Akaya*s*Tachibana%20An,r
Challenge: inukai_exchange,0,/tags/Challenge:%20inukai_exchange,f
Sanada Genichirou/Tezuka Kunimitsu,20,/tags/Sanada%20Genichirou*s*Tezuka%20Kunimitsu,r
Atobe Keigo/Echizen Ryouma/Fuji Shuusuke/Sanada Genichirou/Tezuka Kunimitsu,7,/tags/Atobe%20Keigo*s*Echizen%20Ryouma*s*Fuji%20Shuusuke*s*Sanada%20Genichirou*s*Tezuka%20Kunimitsu,r
Tooyama Kintarou (Tennis no Oujisama),33,/tags/Tooyama%20Kintarou%20(Tennis%20no%20Oujisama),c
Higashikata Masami,17,/tags/Higashikata%20Masami,c
Atobe Keigo/Hiyoshi Wakashi,28,/tags/Atobe%20Keigo*s*Hiyoshi%20Wakashi,r
Akutsu Jin/Sengoku Kiyosumi,10,/tags/Akutsu%20Jin*s*Sengoku%20Kiyosumi,r
Higashikata Masami/Minami Kentarou,8,/tags/Higashikata%20Masami*s*Minami%20Kentarou,r
Hiyoshi Wakashi/Shishido Ryou,0,/tags/Hiyoshi%20Wakashi*s*Shishido%20Ryou,r
Tanaka Kouhei/Tanaka Youhei,0,/tags/Tanaka%20Kouhei*s*Tanaka%20Youhei,r
Hiyoshi Wakashi/Other(s),0,/tags/Hiyoshi%20Wakashi*s*Other(s),r
Niou Masaharu/Sanada Genichirou/Yukimura Seiichi,1,/tags/Niou%20Masaharu*s*Sanada%20Genichirou*s*Yukimura%20Seiichi,r
Hiyoshi Wakashi/Kirihara Akaya,14,/tags/Hiyoshi%20Wakashi*s*Kirihara%20Akaya,r
Momoshiro Takeshi/Muromachi Touji,0,/tags/Momoshiro%20Takeshi*s*Muromachi%20Touji,r
Niou Masaharu/Ohtori Choutarou,0,/tags/Niou%20Masaharu*s*Ohtori%20Choutarou,r
Saeki Koujirou/Shishido Ryou,0,/tags/Saeki%20Koujirou*s*Shishido%20Ryou,r
Hiyoshi Wakashi/Zaizen Hikaru,4,/tags/Hiyoshi%20Wakashi*s*Zaizen%20Hikaru,r
Echizen Ryouma/Kevin Smith,5,/tags/Echizen%20Ryouma*s*Kevin%20Smith,r
Minami Kentarou/Sengoku Kiyosumi,0,/tags/Minami%20Kentarou*s*Sengoku%20Kiyosumi,r
Kevin Smith (Tennis no Oujisama),16,/tags/Kevin%20Smith%20(Tennis%20no%20Oujisama),c
Hiyoshi Wakashi/Ohtori Choutarou/Shishido Ryou,4,/tags/Hiyoshi%20Wakashi*s*Ohtori%20Choutarou*s*Shishido%20Ryou,r
Hannah Essenheimer,1,/tags/Hannah%20Essenheimer,c
Tezuka Kuniharu,19,/tags/Tezuka%20Kuniharu,c
Tezuka Kunikazu,22,/tags/Tezuka%20Kunikazu,c
Horio Satoshi/Tezuka Kunimitsu,0,/tags/Horio%20Satoshi*s*Tezuka%20Kunimitsu,r
Kajimoto Takahisa/Mizuki Hajime,4,/tags/Kajimoto%20Takahisa*s*Mizuki%20Hajime,r
Fuji Shuusuke/Niou Masaharu,5,/tags/Fuji%20Shuusuke*s*Niou%20Masaharu,r
Tezuka Kunimitsu/Yukimura Seiichi,42,/tags/Tezuka%20Kunimitsu*s*Yukimura%20Seiichi,r
Kaidou Hazue,12,/tags/Kaidou%20Hazue,c
Kaidou Kaoru,436,/tags/Kaidou%20Kaoru,c
Kitazono Kotoha,0,/tags/Kitazono%20Kotoha,c
Jackal Kuwahara,162,/tags/Jackal%20Kuwahara,c
Kawamura Takashi/Momoshiro Takeshi,1,/tags/Kawamura%20Takashi*s*Momoshiro%20Takeshi,r
Echizen Nanjirou & Echizen Ryouma,7,/tags/Echizen%20Nanjirou%20*a*%20Echizen%20Ryouma,r
Inui Sadaharu/Kaidou Kaoru,216,/tags/Inui%20Sadaharu*s*Kaidou%20Kaoru,r
Inui Sadaharu/Momoshiro Takeshi,1,/tags/Inui%20Sadaharu*s*Momoshiro%20Takeshi,r
Oshitari Kenya/Zaizen Hikaru,45,/tags/Oshitari%20Kenya*s*Zaizen%20Hikaru,r
Mizuno Katsuo,16,/tags/Mizuno%20Katsuo,c
Chitose Senri/Oshitari Kenya,13,/tags/Chitose%20Senri*s*Oshitari%20Kenya,r
Arai Midori/Momoshiro Takeshi,1,/tags/Arai%20Midori*s*Momoshiro%20Takeshi,r
Kai Yuujirou/Kite Eishirou,4,/tags/Kai%20Yuujirou*s*Kite%20Eishirou,r
Atobe Keigo/Kamio Akira,2,/tags/Atobe%20Keigo*s*Kamio%20Akira,r
Arai Masashi/Ikeda Masaya,1,/tags/Arai%20Masashi*s*Ikeda%20Masaya,r
Sanada Sasuke,8,/tags/Sanada%20Sasuke,c
Atobe Keigo/Mizuki Hajime,8,/tags/Atobe%20Keigo*s*Mizuki%20Hajime,r
Echizen Rinko,44,/tags/Echizen%20Rinko,c
Sanada Genemon,9,/tags/Sanada%20Genemon,c
Echizen Ryoma/Ryuuzaki Sakuno,11,/tags/Echizen%20Ryoma*s*Ryuuzaki%20Sakuno,r
Atobe Keigo/Sengoku Kiyosumi,3,/tags/Atobe%20Keigo*s*Sengoku%20Kiyosumi,r
Akutagawa Jirou/Fuji Shuusuke/Marui Bunta,1,/tags/Akutagawa%20Jirou*s*Fuji%20Shuusuke*s*Marui%20Bunta,r
Kirihara Akaya/Jackal Kuwahara,3,/tags/Kirihara%20Akaya*s*Jackal%20Kuwahara,r
Hiyoshi Wakashi/Mukahi Gakuto,9,/tags/Hiyoshi%20Wakashi*s*Mukahi%20Gakuto,r
Arai Masashi/Momoshiro Takeshi,0,/tags/Arai%20Masashi*s*Momoshiro%20Takeshi,r
Ooishi Shuuichirou,475,/tags/Ooishi%20Shuuichirou,c
Osakada Tomoka,68,/tags/Osakada%20Tomoka,c
Oota Shou,1,/tags/Oota%20Shou,c
Saeki Kojirou,142,/tags/Saeki%20Kojirou,c
Akutagawa Jirou/Oshitari Yuushi,2,/tags/Akutagawa%20Jirou*s*Oshitari%20Yuushi,r
Akutagawa Jirou/Atobe Keigo,85,/tags/Akutagawa%20Jirou*s*Atobe%20Keigo,r
Amane Hikaru/Kurobane Harukaze,37,/tags/Amane%20Hikaru*s*Kurobane%20Harukaze,r
Amane Hikaru/Kurobane Harukaze/Momoshiro Takeshi,0,/tags/Amane%20Hikaru*s*Kurobane%20Harukaze*s*Momoshiro%20Takeshi,r
Echizen Ryouma/Kaidou Kaoru,14,/tags/Echizen%20Ryouma*s*Kaidou%20Kaoru,r
Fuji Shuusuke/Fuji Yuuta/Saeki Kojirou,0,/tags/Fuji%20Shuusuke*s*Fuji%20Yuuta*s*Saeki%20Kojirou,r
Fuji Shuusuke/Kaidou Kaoru,12,/tags/Fuji%20Shuusuke*s*Kaidou%20Kaoru,r
Fuji Shuusuke/Ooishi Shuuichirou,6,/tags/Fuji%20Shuusuke*s*Ooishi%20Shuuichirou,r
Fuji Shuusuke/Saeki Kojirou,27,/tags/Fuji%20Shuusuke*s*Saeki%20Kojirou,r
Fuji Yuuta/Saeki Kojirou,5,/tags/Fuji%20Yuuta*s*Saeki%20Kojirou,r
Fuji Yuuta/Saeki Kojirou/Shishido Ryou,0,/tags/Fuji%20Yuuta*s*Saeki%20Kojirou*s*Shishido%20Ryou,r
Fuji Shuusuke/Kisarazu Ryou/Saeki Kojirou,0,/tags/Fuji%20Shuusuke*s*Kisarazu%20Ryou*s*Saeki%20Kojirou,r
Fuji Shuusuke/Kisarazu Ryou,0,/tags/Fuji%20Shuusuke*s*Kisarazu%20Ryou,r
Hiyoshi Wakashi/Kaidou Kaoru,0,/tags/Hiyoshi%20Wakashi*s*Kaidou%20Kaoru,r
Jackal Kuwahara/Marui Bunta,33,/tags/Jackal%20Kuwahara*s*Marui%20Bunta,r
Dan Taichi/Kaidou Kaoru,0,/tags/Dan%20Taichi*s*Kaidou%20Kaoru,r
Ibu Shinji/Saeki Koujirou,1,/tags/Ibu%20Shinji*s*Saeki%20Koujirou,r
Sanada Genichirou/Yagyuu Hiroshi,9,/tags/Sanada%20Genichirou*s*Yagyuu%20Hiroshi,r
Ishida Gin/Watanabe Osamu,1,/tags/Ishida%20Gin*s*Watanabe%20Osamu,r
Akutagawa Jirou/Marui Bunta,18,/tags/Akutagawa%20Jirou*s*Marui%20Bunta,r
Kajimoto Takahisa/Sengoku Kiyosumi,1,/tags/Kajimoto%20Takahisa*s*Sengoku%20Kiyosumi,r
Kabaji Munehiro/Yanagi Renji,1,/tags/Kabaji%20Munehiro*s*Yanagi%20Renji,r
Arai Masashi/Kaidou Kaoru,1,/tags/Arai%20Masashi*s*Kaidou%20Kaoru,r
Horio Satoshi/Ryuuzaki Sakuno,1,/tags/Horio%20Satoshi*s*Ryuuzaki%20Sakuno,r
Fuji Shuusuke & Kikumaru Eiji,9,/tags/Fuji%20Shuusuke%20*a*%20Kikumaru%20Eiji,r
Ichimaru Gin/Kurosaki Ichigo,87,/tags/Ichimaru%20Gin*s*Kurosaki%20Ichigo,r
Akutsu Yuuki,8,/tags/Akutsu%20Yuuki,c
Community: subrosa_tennis,4,/tags/Community:%20subrosa_tennis,f
Sanada Genichirou/Original Female Character,9,/tags/Sanada%20Genichirou*s*Original%20Female%20Character,r
Community: their_white_day,1,/tags/Community:%20their_white_day,f
Oshitari Yuushi/Shiraishi Kuranosuke,7,/tags/Oshitari%20Yuushi*s*Shiraishi%20Kuranosuke,r
Ashiwara Hiroyuki/Saeki Kouji,48,/tags/Ashiwara%20Hiroyuki*s*Saeki%20Kouji,r
Atobe Keigo/Fuji Shuusuke,64,/tags/Atobe%20Keigo*s*Fuji%20Shuusuke,r
Sanada Genemon/Tezuka Kunikazu,1,/tags/Sanada%20Genemon*s*Tezuka%20Kunikazu,r
Atobe Keigo/Shishido Ryou/Tezuka Kunimitsu,1,/tags/Atobe%20Keigo*s*Shishido%20Ryou*s*Tezuka%20Kunimitsu,r
Fuji Yuuta/Tezuka Kunimitsu,2,/tags/Fuji%20Yuuta*s*Tezuka%20Kunimitsu,r
Aoi Kentarou/Fuji Yuuta,1,/tags/Aoi%20Kentarou*s*Fuji%20Yuuta,r
Kurobane Harukaze/Yanagi Renji,1,/tags/Kurobane%20Harukaze*s*Yanagi%20Renji,r
Echizen Ryoga,23,/tags/Echizen%20Ryoga,c
Fuji Yuuta/Osakada Tomoka,1,/tags/Fuji%20Yuuta*s*Osakada%20Tomoka,r
Akutagawa Jirou/Akutsu Jin,0,/tags/Akutagawa%20Jirou*s*Akutsu%20Jin,r
Fuji Yuuta/Inui Sadaharu,0,/tags/Fuji%20Yuuta*s*Inui%20Sadaharu,r
Shiraishi Kuranosuke/Tezuka Kunimitsu,3,/tags/Shiraishi%20Kuranosuke*s*Tezuka%20Kunimitsu,r
Mizuki Hajime/Niou Masaharu/Yanagi Renji,0,/tags/Mizuki%20Hajime*s*Niou%20Masaharu*s*Yanagi%20Renji,r
Mukahi Gakuto/Tezuka Kunimitsu,0,/tags/Mukahi%20Gakuto*s*Tezuka%20Kunimitsu,r
Mizuki Hajime/Niou Masaharu,0,/tags/Mizuki%20Hajime*s*Niou%20Masaharu,r
Oshitari Kenya/Shiraishi Kuranosuke,99,/tags/Oshitari%20Kenya*s*Shiraishi%20Kuranosuke,r
Atobe Keiko/Shishido Ryou,0,/tags/Atobe%20Keiko*s*Shishido%20Ryou,r
Atobe Keigo/Kevin Smith,0,/tags/Atobe%20Keigo*s*Kevin%20Smith,r
Hiyoshi Wakashi/Jackal Kuwahara,0,/tags/Hiyoshi%20Wakashi*s*Jackal%20Kuwahara,r
Echizen Ryouma/Yagyuu Hiroshi,0,/tags/Echizen%20Ryouma*s*Yagyuu%20Hiroshi,r
Inui Sadaharu/Oshitari Yuushi,14,/tags/Inui%20Sadaharu*s*Oshitari%20Yuushi,r
Atobe Keigo/Taki Haginosuke,1,/tags/Atobe%20Keigo*s*Taki%20Haginosuke,r
Mukahi Gakuto/Original Character,0,/tags/Mukahi%20Gakuto*s*Original%20Character,r
Kirihara Akaya/Sanada Genichirou/Yanagi Renji/Yukimura Seiichi,3,/tags/Kirihara%20Akaya*s*Sanada%20Genichirou*s*Yanagi%20Renji*s*Yukimura%20Seiichi,r
Fuji Shuusuke/Yashiro Kiyoharu,1,/tags/Fuji%20Shuusuke*s*Yashiro%20Kiyoharu,r
Kirihara Akaya/Niou Masaharu,4,/tags/Kirihara%20Akaya*s*Niou%20Masaharu,r
Sengoku Kiyosumi/Undisclosed,0,/tags/Sengoku%20Kiyosumi*s*Undisclosed,r
Marui Bunta/Yanagi Renji,1,/tags/Marui%20Bunta*s*Yanagi%20Renji,r
Shiraishi Kuranosuke/Watanabe Osamu,1,/tags/Shiraishi%20Kuranosuke*s*Watanabe%20Osamu,r
Kite Eishirou/Yukimura Seiichi,1,/tags/Kite%20Eishirou*s*Yukimura%20Seiichi,r
Fuji Shuusuke/Fuji Yuuta/Mizuki Hajime,6,/tags/Fuji%20Shuusuke*s*Fuji%20Yuuta*s*Mizuki%20Hajime,r
Atobe Keigo/Oshitari Yuushi/Shishido Ryou,7,/tags/Atobe%20Keigo*s*Oshitari%20Yuushi*s*Shishido%20Ryou,r
Atobe Keigo/Sakaki Tarou,6,/tags/Atobe%20Keigo*s*Sakaki%20Tarou,r
Echizen Ryouma/Tokugawa Kazuya,5,/tags/Echizen%20Ryouma*s*Tokugawa%20Kazuya,r
Tokugawa Kazuya,76,/tags/Tokugawa%20Kazuya,c
Irie Kanata,27,/tags/Irie%20Kanata,c
Tanegashima Shuuji,28,/tags/Tanegashima%20Shuuji,c
Shiraishi Kuranosuke/Zaizen Hikaru,17,/tags/Shiraishi%20Kuranosuke*s*Zaizen%20Hikaru,r
Atobe Keigo/Kirihara Akaya,2,/tags/Atobe%20Keigo*s*Kirihara%20Akaya,r
Katou Kachirou/Mizuno Katsuo,0,/tags/Katou%20Kachirou*s*Mizuno%20Katsuo,r
Sanada Genichirou & Yanagi Renji & Yukimura Seiichi,6,/tags/Sanada%20Genichirou%20*a*%20Yanagi%20Renji%20*a*%20Yukimura%20Seiichi,r
Hiyoshi Wakashi/Kaidou Kaoru/Kirihara Akaya/Zaizen Hikaru,5,/tags/Hiyoshi%20Wakashi*s*Kaidou%20Kaoru*s*Kirihara%20Akaya*s*Zaizen%20Hikaru,r
Hiyoshi Wakashi/Sengoku Kiyosumi,0,/tags/Hiyoshi%20Wakashi*s*Sengoku%20Kiyosumi,r
Shishido Ryou/Wakato Hiroshi,0,/tags/Shishido%20Ryou*s*Wakato%20Hiroshi,r
Atobe Keigo/Fuji Shuusuke/Tezuka Kunimitsu,8,/tags/Atobe%20Keigo*s*Fuji%20Shuusuke*s*Tezuka%20Kunimitsu,r
Fuji Shuusuke & Fuji Yuuta,16,/tags/Fuji%20Shuusuke%20*a*%20Fuji%20Yuuta,r
Fuji Yuuta & Mizuki Hajime,3,/tags/Fuji%20Yuuta%20*a*%20Mizuki%20Hajime,r
Inui Sadaharu & Yanagi Renji,13,/tags/Inui%20Sadaharu%20*a*%20Yanagi%20Renji,r
Kamio Akira/Kirihara Akaya,13,/tags/Kamio%20Akira*s*Kirihara%20Akaya,r
Mukahi Gakuto/Shishido Ryou,5,/tags/Mukahi%20Gakuto*s*Shishido%20Ryou,r
Atobe Keigo/Echizen Ryouma/Fuji Shuusuke/Sanada Genichirou/Tezuka Kunimitsu/Yukimura Seiichi,14,/tags/Atobe%20Keigo*s*Echizen%20Ryouma*s*Fuji%20Shuusuke*s*Sanada%20Genichirou*s*Tezuka%20Kunimitsu*s*Yukimura%20Seiichi,r
Atobe Keigo/Sanada Genichirou/Tezuka Kunimitsu/Yukimara Seiichi,0,/tags/Atobe%20Keigo*s*Sanada%20Genichirou*s*Tezuka%20Kunimitsu*s*Yukimara%20Seiichi,r
Atobe Keigo/Sanada Genichirou/Tezuka Kunimitsu/Yukimura Seiichi,6,/tags/Atobe%20Keigo*s*Sanada%20Genichirou*s*Tezuka%20Kunimitsu*s*Yukimura%20Seiichi,r
Horio Satoshi/Marui Bunta,0,/tags/Horio%20Satoshi*s*Marui%20Bunta,r
Echizen Ryoma/Yukimura Seiichi,21,/tags/Echizen%20Ryoma*s*Yukimura%20Seiichi,r
Hirakoba Rin/Kite Eishirou,6,/tags/Hirakoba%20Rin*s*Kite%20Eishirou,r
Kirihara Akaya/Mizuki Hajime,2,/tags/Kirihara%20Akaya*s*Mizuki%20Hajime,r
Fuji Shuusuke/Yagami Light,2,/tags/Fuji%20Shuusuke*s*Yagami%20Light,r
Fuji Shuusuke/Higurashi Kagome,1,/tags/Fuji%20Shuusuke*s*Higurashi%20Kagome,r
Tom Griffy/Tanaka Youhei,1,/tags/Tom%20Griffy*s*Tanaka%20Youhei,r
Atobe Keigo/Inui Sadaharu,2,/tags/Atobe%20Keigo*s*Inui%20Sadaharu,r
Echizen Nanjirou/Echizen Rinko,5,/tags/Echizen%20Nanjirou*s*Echizen%20Rinko,r
Echizen Ryouma/Kikumaru Eiji,5,/tags/Echizen%20Ryouma*s*Kikumaru%20Eiji,r
Ogata Seiji/Tezuka Kunimitsu,1,/tags/Ogata%20Seiji*s*Tezuka%20Kunimitsu,r
Akutsu Jin/Kawamura Takashi,4,/tags/Akutsu%20Jin*s*Kawamura%20Takashi,r
Sakaki Tarou/Watanabe Osamu,5,/tags/Sakaki%20Tarou*s*Watanabe%20Osamu,r
Amane Hikaru/Oshitari Yuushi,0,/tags/Amane%20Hikaru*s*Oshitari%20Yuushi,r
Shiraishi Kuranosuke/Yukimura Seiichi,70,/tags/Shiraishi%20Kuranosuke*s*Yukimura%20Seiichi,r
Echizen Ryouma/Shiraishi Kuranosuke,3,/tags/Echizen%20Ryouma*s*Shiraishi%20Kuranosuke,r
Marui Bunta/Niou Masaharu,20,/tags/Marui%20Bunta*s*Niou%20Masaharu,r
Echizen Ryouma/Marui Bunta,5,/tags/Echizen%20Ryouma*s*Marui%20Bunta,r
Akutsu Jin/Sanada Genichirou,3,/tags/Akutsu%20Jin*s*Sanada%20Genichirou,r
Hikurashi Kagome/Tezuka Kunimitsu,0,/tags/Hikurashi%20Kagome*s*Tezuka%20Kunimitsu,r
Aoi Kentarou/Echizen Ryouma,2,/tags/Aoi%20Kentarou*s*Echizen%20Ryouma,r
Atobe Keigo/Oshitari Yuushi/Tezuka Kunimitsu,0,/tags/Atobe%20Keigo*s*Oshitari%20Yuushi*s*Tezuka%20Kunimitsu,r
Kikumaru Eiji/Oshitari Yuushi,1,/tags/Kikumaru%20Eiji*s*Oshitari%20Yuushi,r
Oshitari Yuushi/Sakaki Tarou,2,/tags/Oshitari%20Yuushi*s*Sakaki%20Tarou,r
Tezuka Kunimitsu/Yamato Yuudai,6,/tags/Tezuka%20Kunimitsu*s*Yamato%20Yuudai,r
Horio Satoshi & Osakada Tomoka,2,/tags/Horio%20Satoshi%20*a*%20Osakada%20Tomoka,r
Oshitari Yuushi/Tezuka Kunimitsu,8,/tags/Oshitari%20Yuushi*s*Tezuka%20Kunimitsu,r
Fuji Yuuta/Momoshiro Takeshi,0,/tags/Fuji%20Yuuta*s*Momoshiro%20Takeshi,r
Kaidou Kaoru/Inui Sadaharu/Momoshiro Takeshi,1,/tags/Kaidou%20Kaoru*s*Inui%20Sadaharu*s*Momoshiro%20Takeshi,r
Kirihara Misaki/November 11,10,/tags/Kirihara%20Misaki*s*November%2011,r
Akutsu Jin/Atobe Keigo,1,/tags/Akutsu%20Jin*s*Atobe%20Keigo,r
Mori Tatsunori/Uchimura Kyousuke,1,/tags/Mori%20Tatsunori*s*Uchimura%20Kyousuke,r
Ibu Shinji/Sengoku Kiyosumi,0,/tags/Ibu%20Shinji*s*Sengoku%20Kiyosumi,r
Kajimoto Takahisa/Tachibana Kippei,0,/tags/Kajimoto%20Takahisa*s*Tachibana%20Kippei,r
Echizen Ryouma/Saeki Kojirou,2,/tags/Echizen%20Ryouma*s*Saeki%20Kojirou,r
Kikumaru Eiji/Sanada Genichirou,0,/tags/Kikumaru%20Eiji*s*Sanada%20Genichirou,r
Atobe Keigo/Niou Masaharu,14,/tags/Atobe%20Keigo*s*Niou%20Masaharu,r
Sanada Genichirou/Shiraishi Kuranosuke,0,/tags/Sanada%20Genichirou*s*Shiraishi%20Kuranosuke,r
Niou Masaharu/Shiraishi Kuranosuke,1,/tags/Niou%20Masaharu*s*Shiraishi%20Kuranosuke,r
Niou Masaharu/Oshitari Yuushi,1,/tags/Niou%20Masaharu*s*Oshitari%20Yuushi,r
Kurosaki Ichigo/Niou Masaharu/Shiraishi Kuranosuke,0,/tags/Kurosaki%20Ichigo*s*Niou%20Masaharu*s*Shiraishi%20Kuranosuke,r
Niou Masaharu/Tezuka Kunimitsu,17,/tags/Niou%20Masaharu*s*Tezuka%20Kunimitsu,r
Kikumaru Eiji/Niou Masaharu,1,/tags/Kikumaru%20Eiji*s*Niou%20Masaharu,r
Kikumaru Eiji/Niou Masaharu/Yukimura Seiichi,0,/tags/Kikumaru%20Eiji*s*Niou%20Masaharu*s*Yukimura%20Seiichi,r
Kirihara Akaya/Shiraishi Kuranosuke,4,/tags/Kirihara%20Akaya*s*Shiraishi%20Kuranosuke,r
Niou Masaharu/Sanada Genichirou/Yagyuu Hiroshi,0,/tags/Niou%20Masaharu*s*Sanada%20Genichirou*s*Yagyuu%20Hiroshi,r
Ryuuzaki Sakuno/Tezuka Kunimitsu,5,/tags/Ryuuzaki%20Sakuno*s*Tezuka%20Kunimitsu,r
Inui Sadaharu/Ryuuzaki Sakuno,1,/tags/Inui%20Sadaharu*s*Ryuuzaki%20Sakuno,r
Akazawa Yoshirou/Mizuki Hajime,6,/tags/Akazawa%20Yoshirou*s*Mizuki%20Hajime,r
Fuji Yuuta/Kaneda Ichirou,0,/tags/Fuji%20Yuuta*s*Kaneda%20Ichirou,r
Echizen Ryouma/Ibu Shinji,2,/tags/Echizen%20Ryouma*s*Ibu%20Shinji,r
Atobe Keigo/Jinguuji Ren,2,/tags/Atobe%20Keigo*s*Jinguuji%20Ren,r
Fujiwara Shirou/Kaidou Kaoru/Yagyuu Hiroshi,1,/tags/Fujiwara%20Shirou*s*Kaidou%20Kaoru*s*Yagyuu%20Hiroshi,r
Arai Masashi/Katou Kachirou,2,/tags/Arai%20Masashi*s*Katou%20Kachirou,r
Echizen Ryouma/Higurashi Kagome,2,/tags/Echizen%20Ryouma*s*Higurashi%20Kagome,r
Hitouji Yuuji/Shiraishi Kuranosuke,1,/tags/Hitouji%20Yuuji*s*Shiraishi%20Kuranosuke,r
Fudoumine Team,29,/tags/Fudoumine%20Team,c
Hyoutei Team,120,/tags/Hyoutei%20Team,c
Higa Team,18,/tags/Higa%20Team,c
Jousei Shounan Team,13,/tags/Jousei%20Shounan%20Team,c
Rokkaku Team,23,/tags/Rokkaku%20Team,c
Seigaku Team,244,/tags/Seigaku%20Team,c
Shitenhouji Team,40,/tags/Shitenhouji%20Team,c
Sei Rudolph | St. Rudolph Team,23,/tags/Sei%20Rudolph%20%7C%20St*d*%20Rudolph%20Team,c
Yamabuki Team,19,/tags/Yamabuki%20Team,c
Rikkai Team,217,/tags/Rikkai%20Team,c
Echizen Ryouma/Mizuki Hajime,0,/tags/Echizen%20Ryouma*s*Mizuki%20Hajime,r
Yanagi Renji & Yukimura Seiichi,1,/tags/Yanagi%20Renji%20*a*%20Yukimura%20Seiichi,r
Dan Taichi/Echizen Ryouma,1,/tags/Dan%20Taichi*s*Echizen%20Ryouma,r
Echizen Ryouma/Osakada Tomoka,2,/tags/Echizen%20Ryouma*s*Osakada%20Tomoka,r
Community: funpotexchange,0,/tags/Community:%20funpotexchange,f
St. Rudolph Exchange,0,/tags/St*d*%20Rudolph%20Exchange,f
Fuji Yuuta/Ryuuzaki Sakuno,1,/tags/Fuji%20Yuuta*s*Ryuuzaki%20Sakuno,r
Atobe Keigo/Ryuuzaki Sakuno,2,/tags/Atobe%20Keigo*s*Ryuuzaki%20Sakuno,r
Ryuuzaki Sakuno/Tooyama Kintarou,47,/tags/Ryuuzaki%20Sakuno*s*Tooyama%20Kintarou,r
Minami Kentarou/Undisclosed,1,/tags/Minami%20Kentarou*s*Undisclosed,r
Marui Bunta/Sengoku Kiyosumi,0,/tags/Marui%20Bunta*s*Sengoku%20Kiyosumi,r
Shishido Ryou/Undisclosed,0,/tags/Shishido%20Ryou*s*Undisclosed,r
Yanagi Renji/Original Female Character(s),1,/tags/Yanagi%20Renji*s*Original%20Female%20Character(s),r
Shishido Ryou/Original Female Character(s),2,/tags/Shishido%20Ryou*s*Original%20Female%20Character(s),r
Echizen Ryouma/Kajimoto Takahisa,1,/tags/Echizen%20Ryouma*s*Kajimoto%20Takahisa,r
Echizen Ryouma/Zaizen Hikaru,2,/tags/Echizen%20Ryouma*s*Zaizen%20Hikaru,r
Echizen Ryouma/Kite Eishirou,1,/tags/Echizen%20Ryouma*s*Kite%20Eishirou,r
Akutagawa Jirou/Echizen Ryouma,3,/tags/Akutagawa%20Jirou*s*Echizen%20Ryouma,r
Echizen Ryouma/Sengoku Kiyosumi,0,/tags/Echizen%20Ryouma*s*Sengoku%20Kiyosumi,r
Inui Sadaharu/Sanada Genichirou,1,/tags/Inui%20Sadaharu*s*Sanada%20Genichirou,r
Echizen Ryouma/Tooyama Kintarou,23,/tags/Echizen%20Ryouma*s*Tooyama%20Kintarou,r
Echizen Ryouma/Niou Masaharu,1,/tags/Echizen%20Ryouma*s*Niou%20Masaharu,r
Kurama | Minamino Shuuichi/Yukimura Seiichi,0,/tags/Kurama%20%7C%20Minamino%20Shuuichi*s*Yukimura%20Seiichi,r
Community: tenipuri_xpair,1,/tags/Community:%20tenipuri_xpair,f
Akutsu Jin/Echizen Ryouma,10,/tags/Akutsu%20Jin*s*Echizen%20Ryouma,r
Shiraishi Kuranosuke/Ryuuzaki Sakuno,2,/tags/Shiraishi%20Kuranosuke*s*Ryuuzaki%20Sakuno,r
Kisarazu Ryou/Saeki Kojirou,0,/tags/Kisarazu%20Ryou*s*Saeki%20Kojirou,r
Inui Juice,10,/tags/Inui%20Juice,f
Koishikawa Kenjirou,9,/tags/Koishikawa%20Kenjirou,c
Momoshiro Takeshi/Ryuuzaki Sakuno,1,/tags/Momoshiro%20Takeshi*s*Ryuuzaki%20Sakuno,r
Ooishi Shuuichirou/Tezuka Kunimitsu,19,/tags/Ooishi%20Shuuichirou*s*Tezuka%20Kunimitsu,r
Kikumaru Eiji/Ooishi Shuuichirou,222,/tags/Kikumaru%20Eiji*s*Ooishi%20Shuuichirou,r
Ooishi Shuuichirou/Oshitari Yuushi,0,/tags/Ooishi%20Shuuichirou*s*Oshitari%20Yuushi,r
Kawamura Takashi/Ooishi Shuuichirou,0,/tags/Kawamura%20Takashi*s*Ooishi%20Shuuichirou,r
Kite Eishirou/Marui Bunta,30,/tags/Kite%20Eishirou*s*Marui%20Bunta,r
Kite Eishirou/Tezuka Kunimitsu,6,/tags/Kite%20Eishirou*s*Tezuka%20Kunimitsu,r
Chinen Hiroshi/Original Character(s),0,/tags/Chinen%20Hiroshi*s*Original%20Character(s),r
Hirakoba Rin/Kai Yuujirou,4,/tags/Hirakoba%20Rin*s*Kai%20Yuujirou,r
Atobe Keigo & Oshitari Yuushi,8,/tags/Atobe%20Keigo%20*a*%20Oshitari%20Yuushi,r
Mukahi Gakuto & Oshitari Yuushi,2,/tags/Mukahi%20Gakuto%20*a*%20Oshitari%20Yuushi,r
Fuji Shuusuke/Sanada Genichirou,5,/tags/Fuji%20Shuusuke*s*Sanada%20Genichirou,r
Fuji Shuusuke/Sanada Genichirou/Yukimura Seiichi,2,/tags/Fuji%20Shuusuke*s*Sanada%20Genichirou*s*Yukimura%20Seiichi,r
Akutagawa Jirou/Mukahi Gakuto/Oshitari Yuushi,1,/tags/Akutagawa%20Jirou*s*Mukahi%20Gakuto*s*Oshitari%20Yuushi,r
Atobe Keigo & Kabaji Munehiro,3,/tags/Atobe%20Keigo%20*a*%20Kabaji%20Munehiro,r
Fuji Shuusuke & Tezuka Kunimitsu,31,/tags/Fuji%20Shuusuke%20*a*%20Tezuka%20Kunimitsu,r
Sanada Genichirou/Sengoku Kiyosumi,1,/tags/Sanada%20Genichirou*s*Sengoku%20Kiyosumi,r
Akutsu Jin/Original Character(s),1,/tags/Akutsu%20Jin*s*Original%20Character(s),r
Urayama Shiita,5,/tags/Urayama%20Shiita,c
Echizen Ryouma/Inui Sadaharu/Tezuka Kunimitsu,0,/tags/Echizen%20Ryouma*s*Inui%20Sadaharu*s*Tezuka%20Kunimitsu,r
Kaidou Kaoru/Katou Kachirou,0,/tags/Kaidou%20Kaoru*s*Katou%20Kachirou,r
Tachibana Kippei/Tezuka Kunimitsu,1,/tags/Tachibana%20Kippei*s*Tezuka%20Kunimitsu,r
Akutagawa Jirou & Mukahi Gakuto & Shishido Ryou,5,/tags/Akutagawa%20Jirou%20*a*%20Mukahi%20Gakuto%20*a*%20Shishido%20Ryou,r
Akutagawa Jirou & Marui Bunta,1,/tags/Akutagawa%20Jirou%20*a*%20Marui%20Bunta,r
Jackal Kuwahara & Marui Bunta,0,/tags/Jackal%20Kuwahara%20*a*%20Marui%20Bunta,r
Community: teamtheme,1,/tags/Community:%20teamtheme,f
Ibu Shinji & Kamio Akira,1,/tags/Ibu%20Shinji%20*a*%20Kamio%20Akira,r
Echizen Ryouma/Horio Satoshi,6,/tags/Echizen%20Ryouma*s*Horio%20Satoshi,r
Atobe Keigo/Kabaji Munehiro,11,/tags/Atobe%20Keigo*s*Kabaji%20Munehiro,r
Echizen Ryouma/Echizen Nanjirou,1,/tags/Echizen%20Ryouma*s*Echizen%20Nanjirou,r
Atobe Keigo/Echizen Ryouma/Shiraishi Kuranosuke,1,/tags/Atobe%20Keigo*s*Echizen%20Ryouma*s*Shiraishi%20Kuranosuke,r
Echizen Ryouma/Syaoran | Li Tsubasa,0,/tags/Echizen%20Ryouma*s*Syaoran%20%7C%20Li%20Tsubasa,r
Echizen Ryouma/Original Character(s),1,/tags/Echizen%20Ryouma*s*Original%20Character(s),r
Kamio Akira/Tachibana Kippei,9,/tags/Kamio%20Akira*s*Tachibana%20Kippei,r
Kaidou Kaoru/Zaizen Hikaru,0,/tags/Kaidou%20Kaoru*s*Zaizen%20Hikaru,r
Saitou Itaru,4,/tags/Saitou%20Itaru,c
Yamato Yuudai/Yukimura Seiichi,2,/tags/Yamato%20Yuudai*s*Yukimura%20Seiichi,r
Shiraishi Yukari,8,/tags/Shiraishi%20Yukari,c
Hiyoshi Wakashi/Kirihara Akaya/Zaizen Hikaru,3,/tags/Hiyoshi%20Wakashi*s*Kirihara%20Akaya*s*Zaizen%20Hikaru,r
Community: tenipuri200,0,/tags/Community:%20tenipuri200,f
Echizen Ryouma/Ryuuzaki Sakuno/Tooyama Kintarou,11,/tags/Echizen%20Ryouma*s*Ryuuzaki%20Sakuno*s*Tooyama%20Kintarou,r
Atobe Keigo/Shiraishi Kuranosuke,34,/tags/Atobe%20Keigo*s*Shiraishi%20Kuranosuke,r
Hanamura Yosuke/Niou Masaharu,0,/tags/Hanamura%20Yosuke*s*Niou%20Masaharu,r
Hara Tetsuya,4,/tags/Hara%20Tetsuya,c
Hara Tetsuya/Taira Yoshiyuki,2,/tags/Hara%20Tetsuya*s*Taira%20Yoshiyuki,r
Kikumaru Eiji/Shiraishi Kuranosuke/Yukimura Seiichi,0,/tags/Kikumaru%20Eiji*s*Shiraishi%20Kuranosuke*s*Yukimura%20Seiichi,r
Echizen Ryoma/Fuji Shuusuke,22,/tags/Echizen%20Ryoma*s*Fuji%20Shuusuke,r
Echizen Ryouma/Kirihara Akaya,1,/tags/Echizen%20Ryouma*s*Kirihara%20Akaya,r
Echizen Ryouma/Shishido Ryou,0,/tags/Echizen%20Ryouma*s*Shishido%20Ryou,r
Atobe Keigo/Mukahi Gakuto/Oshitari Yuushi,0,/tags/Atobe%20Keigo*s*Mukahi%20Gakuto*s*Oshitari%20Yuushi,r
Oshitari Yuushi/Yagyuu Hiroshi,0,/tags/Oshitari%20Yuushi*s*Yagyuu%20Hiroshi,r
Kevin Smith/Tezuka Kunimitsu,0,/tags/Kevin%20Smith*s*Tezuka%20Kunimitsu,r
Momoshiro Takeshi/Original Male Character(s),0,/tags/Momoshiro%20Takeshi*s*Original%20Male%20Character(s),r
Tohno Atsukyo,12,/tags/Tohno%20Atsukyo,c
Hakamada Izou,3,/tags/Hakamada%20Izou,c
Hakamada Izou/Tohno Atsukyo,2,/tags/Hakamada%20Izou*s*Tohno%20Atsukyo,r
Chitose Senri/Marui Bunta,1,/tags/Chitose%20Senri*s*Marui%20Bunta,r
Kite Eishirou/Sanada Genichirou,0,/tags/Kite%20Eishirou*s*Sanada%20Genichirou,r
Atobe Keigo/Shiraishi Yukari,0,/tags/Atobe%20Keigo*s*Shiraishi%20Yukari,r
Fuji Shuusuke & Yukimura Seiichi,4,/tags/Fuji%20Shuusuke%20*a*%20Yukimura%20Seiichi,r
Echizen Ryouma/Original Male Character(s),1,/tags/Echizen%20Ryouma*s*Original%20Male%20Character(s),r
Kirihara Akaya/Sengoku Kiyosumi,4,/tags/Kirihara%20Akaya*s*Sengoku%20Kiyosumi,r
Chitose Senri/Ishida Gin,1,/tags/Chitose%20Senri*s*Ishida%20Gin,r
Koishikawa Kenjirou/Watanabe Osamu,1,/tags/Koishikawa%20Kenjirou*s*Watanabe%20Osamu,r
Shiraishi Kuranosuke/Tooyama Kintarou,1,/tags/Shiraishi%20Kuranosuke*s*Tooyama%20Kintarou,r
Chitose Senri/Konjiki Koharu,1,/tags/Chitose%20Senri*s*Konjiki%20Koharu,r
Atobe Keigo/Echizen Ryoma,21,/tags/Atobe%20Keigo*s*Echizen%20Ryoma,r
Marui Bunta/Original Character(s),1,/tags/Marui%20Bunta*s*Original%20Character(s),r
Marui Bunta & Niou Masaharu,3,/tags/Marui%20Bunta%20*a*%20Niou%20Masaharu,r
Kirihara Akaya & Yanagi Renji,7,/tags/Kirihara%20Akaya%20*a*%20Yanagi%20Renji,r
Mitsuya Akuto,13,/tags/Mitsuya%20Akuto,c
Akutagawa Jirou/Inui Sadaharu,1,/tags/Akutagawa%20Jirou*s*Inui%20Sadaharu,r
Shishido Ryou/Tachibana An,1,/tags/Shishido%20Ryou*s*Tachibana%20An,r
Community: reyes_d_oriente,2,/tags/Community:%20reyes_d_oriente,f
Niou Masaharu/Original Character(s),3,/tags/Niou%20Masaharu*s*Original%20Character(s),r
Kirihara Akaya/Niou Masaharu/Sanada Genichirou,0,/tags/Kirihara%20Akaya*s*Niou%20Masaharu*s*Sanada%20Genichirou,r
Sengoku Kiyosumi/Tezuka Kunimitsu,1,/tags/Sengoku%20Kiyosumi*s*Tezuka%20Kunimitsu,r
Kirihara Akaya/Tezuka Kunimitsu,1,/tags/Kirihara%20Akaya*s*Tezuka%20Kunimitsu,r
Kajimoto Takahisa/Tezuka Kunimitsu,1,/tags/Kajimoto%20Takahisa*s*Tezuka%20Kunimitsu,r
Mizuki Hajime/Tezuka Kunimitsu,1,/tags/Mizuki%20Hajime*s*Tezuka%20Kunimitsu,r
Kamio Akira/Tezuka Kunimitsu,1,/tags/Kamio%20Akira*s*Tezuka%20Kunimitsu,r
Aoi Kentarou/Ryuuzaki Sakuno,1,/tags/Aoi%20Kentarou*s*Ryuuzaki%20Sakuno,r
Kirihara Akaya/Original Character(s),7,/tags/Kirihara%20Akaya*s*Original%20Character(s),r
Saeki Kojirou/Tezuka Kunimitsu,0,/tags/Saeki%20Kojirou*s*Tezuka%20Kunimitsu,r
Inui Sadaharu/Mitsuya Akuto/Yanagi Renji,0,/tags/Inui%20Sadaharu*s*Mitsuya%20Akuto*s*Yanagi%20Renji,r
Atobe Keigo/Undisclosed,0,/tags/Atobe%20Keigo*s*Undisclosed,r
Mitsuya Akuto/Yanagi Renji,4,/tags/Mitsuya%20Akuto*s*Yanagi%20Renji,r
Echizen Ryoga/Kevin Smith,1,/tags/Echizen%20Ryoga*s*Kevin%20Smith,r
Yanagi Renji/Original Male Character(s),1,/tags/Yanagi%20Renji*s*Original%20Male%20Character(s),r
Tenimyuart Secret Santa 2014,0,/tags/Tenimyuart%20Secret%20Santa%202014,f
Fuji Shuusuke/Other(s),0,/tags/Fuji%20Shuusuke*s*Other(s),r
Atobe Keigo/Hermione Granger,0,/tags/Atobe%20Keigo*s*Hermione%20Granger,r
Osakada Tomoka/Ryuuzaki Sakuno,8,/tags/Osakada%20Tomoka*s*Ryuuzaki%20Sakuno,r
Yagami Light/Yukimura Seiichi,1,/tags/Yagami%20Light*s*Yukimura%20Seiichi,r
Atobe Keigo/Echizen Ryouma/Fuji Shuusuke,2,/tags/Atobe%20Keigo*s*Echizen%20Ryouma*s*Fuji%20Shuusuke,r
Mifuune Nyudou,2,/tags/Mifuune%20Nyudou,c
Echizen Ryouma/Ohtori Choutarou,0,/tags/Echizen%20Ryouma*s*Ohtori%20Choutarou,r
Atobe Keigo/Ohtori Choutarou,1,/tags/Atobe%20Keigo*s*Ohtori%20Choutarou,r
Ohtori Choutarou & Shishido Ryou,2,/tags/Ohtori%20Choutarou%20*a*%20Shishido%20Ryou,r
Ohtori Choutarou/Original Female Character(s),0,/tags/Ohtori%20Choutarou*s*Original%20Female%20Character(s),r
Kaidou Kaoru/Ohtori Choutarou,0,/tags/Kaidou%20Kaoru*s*Ohtori%20Choutarou,r
Hiyoshi Wakashi/Kite Eishirou,1,/tags/Hiyoshi%20Wakashi*s*Kite%20Eishirou,r
Momoshiro Takeshi/Original Female Character(s),1,/tags/Momoshiro%20Takeshi*s*Original%20Female%20Character(s),r
Atobe Keigo/Fuji Shuusuke/Sanada Genichirou/Tezuka Kunimitsu/Yukimura Seiichi/Original Character(s),0,/tags/Atobe%20Keigo*s*Fuji%20Shuusuke*s*Sanada%20Genichirou*s*Tezuka%20Kunimitsu*s*Yukimura%20Seiichi*s*Original%20Character(s),r
Harry Potter/Sanada Genichirou/Shin Seijuurou,0,/tags/Harry%20Potter*s*Sanada%20Genichirou*s*Shin%20Seijuurou,r
Tenipuri Cross Pair Exchange,2,/tags/Tenipuri%20Cross%20Pair%20Exchange,f
Chinen Hiroshi/Hirakoba Rin/Kai Yuujirou,1,/tags/Chinen%20Hiroshi*s*Hirakoba%20Rin*s*Kai%20Yuujirou,r
Atobe Keigo/Yanagi Renji,7,/tags/Atobe%20Keigo*s*Yanagi%20Renji,r
Yagyuu Hiroshi/Yukimura Seiichi,3,/tags/Yagyuu%20Hiroshi*s*Yukimura%20Seiichi,r
Saeki Kojirou/Sanada Genichirou,0,/tags/Saeki%20Kojirou*s*Sanada%20Genichirou,r
Shiraishi Kuranosuke/Original Male Character(s),1,/tags/Shiraishi%20Kuranosuke*s*Original%20Male%20Character(s),r
Kirihara Akaya/Zaizen Hikaru,5,/tags/Kirihara%20Akaya*s*Zaizen%20Hikaru,r
Ling Xiu,1,/tags/Ling%20Xiu,c
Tezuka Kunimitsu/Original Female Character(s),10,/tags/Tezuka%20Kunimitsu*s*Original%20Female%20Character(s),r
Ling Xiu/Keith,0,/tags/Ling%20Xiu*s*Keith,r
Kisarazu Ryou/Sengoku Kiyosumi,0,/tags/Kisarazu%20Ryou*s*Sengoku%20Kiyosumi,r
Echizen Ryouma/Original Female Character(s),5,/tags/Echizen%20Ryouma*s*Original%20Female%20Character(s),r
Fuji Shuusuke/Original Character(s),2,/tags/Fuji%20Shuusuke*s*Original%20Character(s),r
Yagyuu Hiroshi/Yanagi Renji,1,/tags/Yagyuu%20Hiroshi*s*Yanagi%20Renji,r
Yukimura Seiichi/Original Character(s),4,/tags/Yukimura%20Seiichi*s*Original%20Character(s),r
Atobe Keigo/Irie Kanata/Tezuka Kunimitsu,0,/tags/Atobe%20Keigo*s*Irie%20Kanata*s*Tezuka%20Kunimitsu,r
Irie Kanata/Yamato Yuudai,0,/tags/Irie%20Kanata*s*Yamato%20Yuudai,r
Atobe Keigo/Irie Kanata,5,/tags/Atobe%20Keigo*s*Irie%20Kanata,r
Irie Kanata/Original Female Character(s),0,/tags/Irie%20Kanata*s*Original%20Female%20Character(s),r
E. Siegfried,29,/tags/E*d*%20Siegfried,c
Fuji Shuusuke/Tachibana An,1,/tags/Fuji%20Shuusuke*s*Tachibana%20An,r
Fuji Shuusuke/Kirihara Akaya/Tachibana An,0,/tags/Fuji%20Shuusuke*s*Kirihara%20Akaya*s*Tachibana%20An,r
Fuji Shuusuke/Kirihara Akaya,5,/tags/Fuji%20Shuusuke*s*Kirihara%20Akaya,r
Byoudouin Houou,22,/tags/Byoudouin%20Houou,c
Marui Bunta/Sanada Genichirou,1,/tags/Marui%20Bunta*s*Sanada%20Genichirou,r
Tezuka Ayana/Tezuka Kuniharu,1,/tags/Tezuka%20Ayana*s*Tezuka%20Kuniharu,r
Inui Sadaharu & Oshitari Yuushi & Tezuka Kunimitsu,1,/tags/Inui%20Sadaharu%20*a*%20Oshitari%20Yuushi%20*a*%20Tezuka%20Kunimitsu,r
Atobe Keigo/Everyone,1,/tags/Atobe%20Keigo*s*Everyone,r
Inui Sadaharu & Kaidou Kaoru,6,/tags/Inui%20Sadaharu%20*a*%20Kaidou%20Kaoru,r
Echizen Ryouma & Karupin,1,/tags/Echizen%20Ryouma%20*a*%20Karupin,r
Atobe Keigo/Echizen Ryouma/Tezuka Kunimitsu,1,/tags/Atobe%20Keigo*s*Echizen%20Ryouma*s*Tezuka%20Kunimitsu,r
Echizen Nanjirou & Nanako,0,/tags/Echizen%20Nanjirou%20*a*%20Nanako,r
Karupin (Tennis no Oujisama),19,/tags/Karupin%20(Tennis%20no%20Oujisama),c
Kuroko Tetsuya & Ryuuzaki Sakuno,0,/tags/Kuroko%20Tetsuya%20*a*%20Ryuuzaki%20Sakuno,r
Ryuuzaki Sakuno & Seigaku Team,2,/tags/Ryuuzaki%20Sakuno%20*a*%20Seigaku%20Team,r
Echizen Ryouma & Ryuuzaki Sakuno,8,/tags/Echizen%20Ryouma%20*a*%20Ryuuzaki%20Sakuno,r
Yukimura Seiichi/Original Female Character(s),15,/tags/Yukimura%20Seiichi*s*Original%20Female%20Character(s),r
Akise Aru/Echizen Ryouma,0,/tags/Akise%20Aru*s*Echizen%20Ryouma,r
Irie Kanata/Tokugawa Kazuya,1,/tags/Irie%20Kanata*s*Tokugawa%20Kazuya,r
Kaidou Kaoru/Kawamura Takashi,0,/tags/Kaidou%20Kaoru*s*Kawamura%20Takashi,r
Chitose Miyuki/Ryuuzaki Sakuno,1,/tags/Chitose%20Miyuki*s*Ryuuzaki%20Sakuno,r
Fuji Shuusuke/Kikumaru Eiji/Ooishi Shuuichirou,1,/tags/Fuji%20Shuusuke*s*Kikumaru%20Eiji*s*Ooishi%20Shuuichirou,r
Osakada Tomoka/Tezuka Kunimitsu,0,/tags/Osakada%20Tomoka*s*Tezuka%20Kunimitsu,r
Osakada Tomoka/Tachibana An,0,/tags/Osakada%20Tomoka*s*Tachibana%20An,r
Echizen Ryouma & Everyone,4,/tags/Echizen%20Ryouma%20*a*%20Everyone,r
Jürgen Valicevic Volk,2,/tags/J%C3%BCrgen%20Valicevic%20Volk,c
Duke Watanabe,7,/tags/Duke%20Watanabe,c
Tenipuri Summer Exchange,0,/tags/Tenipuri%20Summer%20Exchange,f
Kikumaru Eiji/Momoshiro Takeshi/Ooishi Shuuichirou,2,/tags/Kikumaru%20Eiji*s*Momoshiro%20Takeshi*s*Ooishi%20Shuuichirou,r
Momoshiro Takeshi/Ooishi Shuuichirou,3,/tags/Momoshiro%20Takeshi*s*Ooishi%20Shuuichirou,r
Oshitari Yuushi/Shishido Ryou,6,/tags/Oshitari%20Yuushi*s*Shishido%20Ryou,r
Echizen Ryouma/Hiyoshi Wakashi,1,/tags/Echizen%20Ryouma*s*Hiyoshi%20Wakashi,r
Akutsu Jin/Yanagi Renji,1,/tags/Akutsu%20Jin*s*Yanagi%20Renji,r
Atobe Keigo/Koizumi Akako,0,/tags/Atobe%20Keigo*s*Koizumi%20Akako,r
Kirihara Akaya/Liliadent Krauser,14,/tags/Kirihara%20Akaya*s*Liliadent%20Krauser,r
Liliadent Krauser,16,/tags/Liliadent%20Krauser,c
Kitazono Kotoha/Osakada Tomoka,6,/tags/Kitazono%20Kotoha*s*Osakada%20Tomoka,r
Kawamura Takashi/Original Character(s),0,/tags/Kawamura%20Takashi*s*Original%20Character(s),r
Fuji Yuuta/Original Female Character(s),0,/tags/Fuji%20Yuuta*s*Original%20Female%20Character(s),r
Kite Eishirou/Tanishi Kei,0,/tags/Kite%20Eishirou*s*Tanishi%20Kei,r
Mizuki Hajime/Saeki Kojirou,1,/tags/Mizuki%20Hajime*s*Saeki%20Kojirou,r
Oshitari Yuushi/Yanagi Renji,2,/tags/Oshitari%20Yuushi*s*Yanagi%20Renji,r
Shishido Ryou/Yanagi Renji,1,/tags/Shishido%20Ryou*s*Yanagi%20Renji,r
Ohtori Choutarou/Yanagi Renji,1,/tags/Ohtori%20Choutarou*s*Yanagi%20Renji,r
Mukahi Gakuto/Ooishi Shuuichiro,1,/tags/Mukahi%20Gakuto*s*Ooishi%20Shuuichiro,r
Echizen Nanjiroh/Tezuka Kunimitsu,0,/tags/Echizen%20Nanjiroh*s*Tezuka%20Kunimitsu,r
Atobe Keigo/Shirota Yuu,1,/tags/Atobe%20Keigo*s*Shirota%20Yuu,r
Akutagawa Jirou/Kirihara Akaya,1,/tags/Akutagawa%20Jirou*s*Kirihara%20Akaya,r
Ohtori Choutarou/Sakaki Tarou,1,/tags/Ohtori%20Choutarou*s*Sakaki%20Tarou,r
Hirakoba Rin/Zaizen Hikaru,1,/tags/Hirakoba%20Rin*s*Zaizen%20Hikaru,r
Kurobane Harukaze/Momoshiro Takeshi,1,/tags/Kurobane%20Harukaze*s*Momoshiro%20Takeshi,r
Echizen Ryouma & Tezuka Kunimitsu,26,/tags/Echizen%20Ryouma%20*a*%20Tezuka%20Kunimitsu,r
Fuji Shuusuke/Saitou Takumi,0,/tags/Fuji%20Shuusuke*s*Saitou%20Takumi,r
Aragaki Kouichi & Hirakoba Rin,1,/tags/Aragaki%20Kouichi%20*a*%20Hirakoba%20Rin,r
Kikumaru Eiji/Mukahi Gakuto,1,/tags/Kikumaru%20Eiji*s*Mukahi%20Gakuto,r
Fuji Shuusuke/Shiraishi Kuranosuke/Yukimura Seiichi,2,/tags/Fuji%20Shuusuke*s*Shiraishi%20Kuranosuke*s*Yukimura%20Seiichi,r
Oshitari Yuushi/Original Female Character(s),1,/tags/Oshitari%20Yuushi*s*Original%20Female%20Character(s),r
Kaidou Kaoru/Sanada Genichirou,1,/tags/Kaidou%20Kaoru*s*Sanada%20Genichirou,r
Kaidou Kaoru/Kirihara Akaya,2,/tags/Kaidou%20Kaoru*s*Kirihara%20Akaya,r
Kikumaru Eiji/Saeki Kojirou,0,/tags/Kikumaru%20Eiji*s*Saeki%20Kojirou,r
Marui Bunta/Yukimura Seiichi,10,/tags/Marui%20Bunta*s*Yukimura%20Seiichi,r
Akutagawa Jirou & Atobe Keigo,1,/tags/Akutagawa%20Jirou%20*a*%20Atobe%20Keigo,r
Shiraishi Kuranosuke & Yukimura Seiichi,2,/tags/Shiraishi%20Kuranosuke%20*a*%20Yukimura%20Seiichi,r
Oshitari Kenya & Oshitari Yuushi,3,/tags/Oshitari%20Kenya%20*a*%20Oshitari%20Yuushi,r
Echizen Ryouma & Kevin Smith,2,/tags/Echizen%20Ryouma%20*a*%20Kevin%20Smith,r
Fuji Shuusuke & Saeki Kojirou,6,/tags/Fuji%20Shuusuke%20*a*%20Saeki%20Kojirou,r
Atobe Keigo & Tezuka Kunimitsu,8,/tags/Atobe%20Keigo%20*a*%20Tezuka%20Kunimitsu,r
Mizuno Katsuo/Osakada Tomoka,1,/tags/Mizuno%20Katsuo*s*Osakada%20Tomoka,r
Sugawara Koushi/Tezuka Kunimitsu,0,/tags/Sugawara%20Koushi*s*Tezuka%20Kunimitsu,r
Echizen Ryoga & Echizen Ryoma,1,/tags/Echizen%20Ryoga%20*a*%20Echizen%20Ryoma,r
Inui Sadaharu & Tadokoro Jin,1,/tags/Inui%20Sadaharu%20*a*%20Tadokoro%20Jin,r
Kaidou Kaoru/Yagyuu Hiroshi,3,/tags/Kaidou%20Kaoru*s*Yagyuu%20Hiroshi,r
Kaidou Kaoru/Yanagi Renji,1,/tags/Kaidou%20Kaoru*s*Yanagi%20Renji,r
Jackal Kuwahara/Kaidou Kaoru,1,/tags/Jackal%20Kuwahara*s*Kaidou%20Kaoru,r
Kaidou Kaoru/Niou Masaharu,1,/tags/Kaidou%20Kaoru*s*Niou%20Masaharu,r
Kaidou Kaoru/Marui Bunta,1,/tags/Kaidou%20Kaoru*s*Marui%20Bunta,r
Kaidou Kaoru/Yukimura Seiichi,1,/tags/Kaidou%20Kaoru*s*Yukimura%20Seiichi,r
Atobe Keigo & Teshima Junta,1,/tags/Atobe%20Keigo%20*a*%20Teshima%20Junta,r
Kita Ichiuma/Nitobe Inakichi,0,/tags/Kita%20Ichiuma*s*Nitobe%20Inakichi,r
Echizen Ryouma/Fuji Shuusuke/Yukimura Seiichi,2,/tags/Echizen%20Ryouma*s*Fuji%20Shuusuke*s*Yukimura%20Seiichi,r
Ikeda Michiru/Sanada Genichirou,0,/tags/Ikeda%20Michiru*s*Sanada%20Genichirou,r
Muromachi Touji/Sengoku Kiyosumi,0,/tags/Muromachi%20Touji*s*Sengoku%20Kiyosumi,r
Tezuka Shinobu/Yukimura Seiichi,0,/tags/Tezuka%20Shinobu*s*Yukimura%20Seiichi,r
Echizen Ryouma/Momoshiro Takeshi/Tokugawa Kazuya,1,/tags/Echizen%20Ryouma*s*Momoshiro%20Takeshi*s*Tokugawa%20Kazuya,r
Sanada Genichirou/Kajimoto Takahisa,1,/tags/Sanada%20Genichirou*s*Kajimoto%20Takahisa,r
Kajimoto Takahisa & Wakato Hiroshi,1,/tags/Kajimoto%20Takahisa%20*a*%20Wakato%20Hiroshi,r
Fuji Shuusuke & Makishima Yuusuke,1,/tags/Fuji%20Shuusuke%20*a*%20Makishima%20Yuusuke,r
Inui Sadaharu & Kaidou Kaoru & Kinjou Shingo,1,/tags/Inui%20Sadaharu%20*a*%20Kaidou%20Kaoru%20*a*%20Kinjou%20Shingo,r
Kaidou Kaoru & Momoshiro Takeshi,4,/tags/Kaidou%20Kaoru%20*a*%20Momoshiro%20Takeshi,r
Fuji Shuusuke & Mizuki Hajime,3,/tags/Fuji%20Shuusuke%20*a*%20Mizuki%20Hajime,r
Oshitari Kenya/Watanabe Osamu,0,/tags/Oshitari%20Kenya*s*Watanabe%20Osamu,r
Oshitari Kenya/Oshitari Yuushi,1,/tags/Oshitari%20Kenya*s*Oshitari%20Yuushi,r
Hiyoshi Wakashi/Oshitari Kenya,0,/tags/Hiyoshi%20Wakashi*s*Oshitari%20Kenya,r
Atobe Keigo/Original Female Character(s),6,/tags/Atobe%20Keigo*s*Original%20Female%20Character(s),r
Atobe Keigo/Original Character(s),5,/tags/Atobe%20Keigo*s*Original%20Character(s),r
Sakaki Tarou/Original Female Character(s),0,/tags/Sakaki%20Tarou*s*Original%20Female%20Character(s),r
Female Yanagi Renji,0,/tags/Female%20Yanagi%20Renji,f
Tokugawa Kazuya/Tooyama Kintarou,1,/tags/Tokugawa%20Kazuya*s*Tooyama%20Kintarou,r
Shiraishi Kuranosuke/Original FemaleCharacter(s),3,/tags/Shiraishi%20Kuranosuke*s*Original%20FemaleCharacter(s),r
Atobe Keigo/Fuji Shuusuke/Tezuka Kunimitsu/Yukimura Seiichi,1,/tags/Atobe%20Keigo*s*Fuji%20Shuusuke*s*Tezuka%20Kunimitsu*s*Yukimura%20Seiichi,r
Ooishi Shuuichirou & Tezuka Kunimitsu,4,/tags/Ooishi%20Shuuichirou%20*a*%20Tezuka%20Kunimitsu,r
Echizen Ryouma/Inui Sadaharu/Kaidou Kaoru/Momoshiro Takeshi,0,/tags/Echizen%20Ryouma*s*Inui%20Sadaharu*s*Kaidou%20Kaoru*s*Momoshiro%20Takeshi,r
Fuji Shuusuke/Katou Kazuki,0,/tags/Fuji%20Shuusuke*s*Katou%20Kazuki,r
Fuji Shuusuke/Everyone,1,/tags/Fuji%20Shuusuke*s*Everyone,r
Kaidou Kaoru/Original Female Character(s),1,/tags/Kaidou%20Kaoru*s*Original%20Female%20Character(s),r
Echizen Ryouma & Tachibana Makoto,0,/tags/Echizen%20Ryouma%20*a*%20Tachibana%20Makoto,r
Fuji Shuusuke/Original Female Character(s),2,/tags/Fuji%20Shuusuke*s*Original%20Female%20Character(s),r
Female Echizen Ryouma,17,/tags/Female%20Echizen%20Ryouma,f
Sanada Genichirou & Tezuka Kunimitsu,1,/tags/Sanada%20Genichirou%20*a*%20Tezuka%20Kunimitsu,r
Seigaku Team & Tezuka Kunimitsu,4,/tags/Seigaku%20Team%20*a*%20Tezuka%20Kunimitsu,r
Rikkai Team & Yukimura Seiichi,1,/tags/Rikkai%20Team%20*a*%20Yukimura%20Seiichi,r
Kaidou Kaoru/Momoshiro Takeshi,43,/tags/Kaidou%20Kaoru*s*Momoshiro%20Takeshi,r
Kaidou Kaoru/Tezuka Kunimitsu,3,/tags/Kaidou%20Kaoru*s*Tezuka%20Kunimitsu,r
Tezuka Kunimitsu & Yukimura Seiichi,6,/tags/Tezuka%20Kunimitsu%20*a*%20Yukimura%20Seiichi,r
Echizen Ryoga/Tezuka Kunimitsu,2,/tags/Echizen%20Ryoga*s*Tezuka%20Kunimitsu,r
Kirihara Akaya & Sanada Genichirou,2,/tags/Kirihara%20Akaya%20*a*%20Sanada%20Genichirou,r
Kirihara Akaya & Yukimura Seiichi,2,/tags/Kirihara%20Akaya%20*a*%20Yukimura%20Seiichi,r
Ochi Tsukimitsu,51,/tags/Ochi%20Tsukimitsu,c
Echizen Ryouma & Fuji Shuusuke,10,/tags/Echizen%20Ryouma%20*a*%20Fuji%20Shuusuke,r
Echizen Ryouma/Kuroko Tetsuya,1,/tags/Echizen%20Ryouma*s*Kuroko%20Tetsuya,r
Osakada Tomoka & Ryuuzaki Sakuno,0,/tags/Osakada%20Tomoka%20*a*%20Ryuuzaki%20Sakuno,r
Echizen Ryouma & Osakada Tomoka,0,/tags/Echizen%20Ryouma%20*a*%20Osakada%20Tomoka,r
Atobe Keigo/Noah Dorgias,3,/tags/Atobe%20Keigo*s*Noah%20Dorgias,r
Noah Dorgias,8,/tags/Noah%20Dorgias,c
J.J. Dorgias,7,/tags/J*d*J*d*%20Dorgias,c
Yukimura Seiichi/Reader,2,/tags/Yukimura%20Seiichi*s*Reader,r
Leopold Camus,2,/tags/Leopold%20Camus,c
Akazawa Yoshirou/Hiyoshi Wakashi,1,/tags/Akazawa%20Yoshirou*s*Hiyoshi%20Wakashi,r
Inui Sadaharu & Tezuka Kunimitsu,0,/tags/Inui%20Sadaharu%20*a*%20Tezuka%20Kunimitsu,r
Kaidou Kaoru/Osakada Tomoka,4,/tags/Kaidou%20Kaoru*s*Osakada%20Tomoka,r
Chitose Senri/Shiraishi Kuranosuke/Tachibana Kippei,0,/tags/Chitose%20Senri*s*Shiraishi%20Kuranosuke*s*Tachibana%20Kippei,r
Kawamura Takashi/Sanada Genichirou,1,/tags/Kawamura%20Takashi*s*Sanada%20Genichirou,r
Kawamura Takashi & Sanada Genichirou,1,/tags/Kawamura%20Takashi%20*a*%20Sanada%20Genichirou,r
Fuji Shuusuke/Tezuka Kunimitsu/Yukimura Seiichi,2,/tags/Fuji%20Shuusuke*s*Tezuka%20Kunimitsu*s*Yukimura%20Seiichi,r
Fuji Shuusuke/Shiraishi Kuranosuke/Tezuka Kunimitsu/Yukimura Seiichi,0,/tags/Fuji%20Shuusuke*s*Shiraishi%20Kuranosuke*s*Tezuka%20Kunimitsu*s*Yukimura%20Seiichi,r
Atobe Keigo/Sebastian Michaelis,1,/tags/Atobe%20Keigo*s*Sebastian%20Michaelis,r
Fuji Yuuta/Nomura Takuya,1,/tags/Fuji%20Yuuta*s*Nomura%20Takuya,r
Atobe Keigo & Echizen Ryouma,3,/tags/Atobe%20Keigo%20*a*%20Echizen%20Ryouma,r
Hayashi Daisuke,1,/tags/Hayashi%20Daisuke,c
Fuji Shuusuke/Kaidou Kaoru/Kawamura Takashi,1,/tags/Fuji%20Shuusuke*s*Kaidou%20Kaoru*s*Kawamura%20Takashi,r
Inui Sadaharu/Kaidou Hazue,1,/tags/Inui%20Sadaharu*s*Kaidou%20Hazue,r
Inui Sadaharu/Original Male Character(s),0,/tags/Inui%20Sadaharu*s*Original%20Male%20Character(s),r
Kaidou Kaoru/Original Male Character(s),0,/tags/Kaidou%20Kaoru*s*Original%20Male%20Character(s),r
Kaidou Kaoru/Ooishi Shuuichirou,0,/tags/Kaidou%20Kaoru*s*Ooishi%20Shuuichirou,r
Oshitari Yuushi/Other(s),0,/tags/Oshitari%20Yuushi*s*Other(s),r
Inui Sadaharu/Kikumaru Eiji/Ooishi Shuuichirou,2,/tags/Inui%20Sadaharu*s*Kikumaru%20Eiji*s*Ooishi%20Shuuichirou,r
Inui Sadaharu/Ooishi Shuuichirou,1,/tags/Inui%20Sadaharu*s*Ooishi%20Shuuichirou,r
Aiba Hiroki/Echizen Ryouma,1,/tags/Aiba%20Hiroki*s*Echizen%20Ryouma,r
Konomi Takeshi,2,/tags/Konomi%20Takeshi,c
Alternate Universe - Prince of Tennis Fusion,3,/tags/Alternate%20Universe%20-%20Prince%20of%20Tennis%20Fusion,f
Echizen Ryouma/Sanada Genichirou/Tezuka Kunimitsu,0,/tags/Echizen%20Ryouma*s*Sanada%20Genichirou*s*Tezuka%20Kunimitsu,r
Shiraishi Kuranosuke/Original Character(s),1,/tags/Shiraishi%20Kuranosuke*s*Original%20Character(s),r
Sanada Sasuke/Other(s),0,/tags/Sanada%20Sasuke*s*Other(s),r
Echizen Ryouma/Kiryuu Zero/Kuran Kaname,1,/tags/Echizen%20Ryouma*s*Kiryuu%20Zero*s*Kuran%20Kaname,r
Inui Hinako & Inui Sadaharu,0,/tags/Inui%20Hinako%20*a*%20Inui%20Sadaharu,r
Oni Juujirou,1,/tags/Oni%20Juujirou,c
Byoudouin Houou/Tokugawa Kazuya,5,/tags/Byoudouin%20Houou*s*Tokugawa%20Kazuya,r
Akutagawa Jirou/Mukahi Gakuto,2,/tags/Akutagawa%20Jirou*s*Mukahi%20Gakuto,r
Saeki Kojirou/Sengoku Kiyosumi,9,/tags/Saeki%20Kojirou*s*Sengoku%20Kiyosumi,r
Araki Hirofumi/Konomi Takeshi,0,/tags/Araki%20Hirofumi*s*Konomi%20Takeshi,r
Araki Hirofumi/Fuji Shuusuke,0,/tags/Araki%20Hirofumi*s*Fuji%20Shuusuke,r
Kawamura Takashi/Tachibana An,0,/tags/Kawamura%20Takashi*s*Tachibana%20An,r
Niou Masaharu/Tezuka Kunimitsu/Yukimura Seiichi,0,/tags/Niou%20Masaharu*s*Tezuka%20Kunimitsu*s*Yukimura%20Seiichi,r
Echizen Ryouma & Fuji Shuusuke & Tezuka Kunimitsu,1,/tags/Echizen%20Ryouma%20*a*%20Fuji%20Shuusuke%20*a*%20Tezuka%20Kunimitsu,r
Horio Satoshi & Sugimoto Terufumi,1,/tags/Horio%20Satoshi%20*a*%20Sugimoto%20Terufumi,r
Mizuki Hajime/Other(s),0,/tags/Mizuki%20Hajime*s*Other(s),r
Echizen Ryouma/Everyone,2,/tags/Echizen%20Ryouma*s*Everyone,r
Akutsu Jin/Tezuka Kunimitsu,11,/tags/Akutsu%20Jin*s*Tezuka%20Kunimitsu,r
Chitose Senri/Tezuka Kunimitsu,3,/tags/Chitose%20Senri*s*Tezuka%20Kunimitsu,r
Niou Masaharu/Tezuka Kunimitsu/Yagyuu Hiroshi,1,/tags/Niou%20Masaharu*s*Tezuka%20Kunimitsu*s*Yagyuu%20Hiroshi,r
Tokugawa Kazuya/Original Female Character(s),1,/tags/Tokugawa%20Kazuya*s*Original%20Female%20Character(s),r
Atobe Keigo/Fuji Shuusuke/Sanada Genichirou/Tezuka Kunimitsu/Yukimura Seiichi,0,/tags/Atobe%20Keigo*s*Fuji%20Shuusuke*s*Sanada%20Genichirou*s*Tezuka%20Kunimitsu*s*Yukimura%20Seiichi,r
Tanegashima Shuuji/Original Female Character(s),0,/tags/Tanegashima%20Shuuji*s*Original%20Female%20Character(s),r
Atobe Keigo/Saeki Kojirou,5,/tags/Atobe%20Keigo*s*Saeki%20Kojirou,r
Hayakawa Ryou & Kawamura Takashi,1,/tags/Hayakawa%20Ryou%20*a*%20Kawamura%20Takashi,r
Kirihara Akaya/Yagyuu Hiroshi,0,/tags/Kirihara%20Akaya*s*Yagyuu%20Hiroshi,r
Kirihara Akaya/Jackal Kuwahara/Marui Bunta,0,/tags/Kirihara%20Akaya*s*Jackal%20Kuwahara*s*Marui%20Bunta,r
Jackal Kuwahara/Yukimura Seiichi,0,/tags/Jackal%20Kuwahara*s*Yukimura%20Seiichi,r
Kamio Akira/Momoshiro Takeshi,2,/tags/Kamio%20Akira*s*Momoshiro%20Takeshi,r
Fukutomi Juichi & Sanada Genichirou,0,/tags/Fukutomi%20Juichi%20*a*%20Sanada%20Genichirou,r
Fuji Shuusuke & Oshitari Yuushi,1,/tags/Fuji%20Shuusuke%20*a*%20Oshitari%20Yuushi,r
Atobe Keigo/Minami Kentarou,2,/tags/Atobe%20Keigo*s*Minami%20Kentarou,r
Fuji Shuusuke & Harry Potter,0,/tags/Fuji%20Shuusuke%20*a*%20Harry%20Potter,r
Echizen Ryouma & Harry Potter,0,/tags/Echizen%20Ryouma%20*a*%20Harry%20Potter,r
Atobe Keigo/Reader,3,/tags/Atobe%20Keigo*s*Reader,r
Atobe Keigo/Kite Eishirou,3,/tags/Atobe%20Keigo*s*Kite%20Eishirou,r
Niou Masaharu/Harry Potter,1,/tags/Niou%20Masaharu*s*Harry%20Potter,r
Fuji Yuuta/Original Male Character(s),0,/tags/Fuji%20Yuuta*s*Original%20Male%20Character(s),r
Aidou Hanabusa/Yukimura Seiichi,1,/tags/Aidou%20Hanabusa*s*Yukimura%20Seiichi,r
Tezuka Kunimitsu/Yanagi Renji,0,/tags/Tezuka%20Kunimitsu*s*Yanagi%20Renji,r
Sanada Genichirou/Shishido Ryou,1,/tags/Sanada%20Genichirou*s*Shishido%20Ryou,r
Atobe Keigo/Echizen Ryouma/Fuji Shuusuke/Sanada Genichirou/Tezuka Kunimitsu/Yukimura Seiichi/OMC,0,/tags/Atobe%20Keigo*s*Echizen%20Ryouma*s*Fuji%20Shuusuke*s*Sanada%20Genichirou*s*Tezuka%20Kunimitsu*s*Yukimura%20Seiichi*s*OMC,r
Atobe Keigo/Echizen Ryouma/Fuji Shuusuke/Sanada Genichirou/Tezuka Kunimitsu/Yukimura Seiichi/OC,0,/tags/Atobe%20Keigo*s*Echizen%20Ryouma*s*Fuji%20Shuusuke*s*Sanada%20Genichirou*s*Tezuka%20Kunimitsu*s*Yukimura%20Seiichi*s*OC,r
Atobe Keigo/Sanada Genichirou/Yukimura Seiichi,0,/tags/Atobe%20Keigo*s*Sanada%20Genichirou*s*Yukimura%20Seiichi,r
Kawamura Takashi/Ryuuzaki Sakuno,0,/tags/Kawamura%20Takashi*s*Ryuuzaki%20Sakuno,r
Echizen Ryouma & Original Character(s),0,/tags/Echizen%20Ryouma%20*a*%20Original%20Character(s),r
Fuji Yuuta/Tachibana Kippei,0,/tags/Fuji%20Yuuta*s*Tachibana%20Kippei,r
Tezuka Kunimitsu/Original Character(s),1,/tags/Tezuka%20Kunimitsu*s*Original%20Character(s),r
Aiba Hiroki/Atobe Keigo,0,/tags/Aiba%20Hiroki*s*Atobe%20Keigo,r
Aiba Hiroki/Atobe Keigo/Shirota Yuu,0,/tags/Aiba%20Hiroki*s*Atobe%20Keigo*s*Shirota%20Yuu,r
Atobe Keigo/Mukahi Gakuto,1,/tags/Atobe%20Keigo*s*Mukahi%20Gakuto,r
Mad Hatter | Belial (Angel Sanctuary)/Yukimura Seiichi,0,/tags/Mad%20Hatter%20%7C%20Belial%20(Angel%20Sanctuary)*s*Yukimura%20Seiichi,r
Mad Hatter | Belial (Angel Sanctuary)/Yagyuu Hiroshi,0,/tags/Mad%20Hatter%20%7C%20Belial%20(Angel%20Sanctuary)*s*Yagyuu%20Hiroshi,r
Harry Potter/Yukimura Seiichi,2,/tags/Harry%20Potter*s*Yukimura%20Seiichi,r
Akutagawa Jirou/Atobe Keigo/Fuji Shuusuke,1,/tags/Akutagawa%20Jirou*s*Atobe%20Keigo*s*Fuji%20Shuusuke,r
Akazawa Yoshirou/Tezuka Kunimitsu,1,/tags/Akazawa%20Yoshirou*s*Tezuka%20Kunimitsu,r
Inui Sadaharu & Kinjou Shingo,1,/tags/Inui%20Sadaharu%20*a*%20Kinjou%20Shingo,r
Kaidou Kaoru & Kinjou Shingo,1,/tags/Kaidou%20Kaoru%20*a*%20Kinjou%20Shingo,r
Fuji Shuusuke/Niou Masaharu/Tezuka Kunimitsu,0,/tags/Fuji%20Shuusuke*s*Niou%20Masaharu*s*Tezuka%20Kunimitsu,r
Atobe Keigo & Sanada Genichirou,3,/tags/Atobe%20Keigo%20*a*%20Sanada%20Genichirou,r
Rikkai Team & Yanagi Renji,1,/tags/Rikkai%20Team%20*a*%20Yanagi%20Renji,r
Echizen Ryouma & Seigaku Team,6,/tags/Echizen%20Ryouma%20*a*%20Seigaku%20Team,r
Karupin (Tennis no Oujisama)/Potya | Puma Tiger Scorpion,0,/tags/Karupin%20(Tennis%20no%20Oujisama)*s*Potya%20%7C%20Puma%20Tiger%20Scorpion,r
Sanada Genichirou/Reader,2,/tags/Sanada%20Genichirou*s*Reader,r
Tezuka Kunimitsu/Reader,1,/tags/Tezuka%20Kunimitsu*s*Reader,r
Shiraishi Kuranosuke/Reader,1,/tags/Shiraishi%20Kuranosuke*s*Reader,r
Fuji Shuusuke/Reader,1,/tags/Fuji%20Shuusuke*s*Reader,r
Kikumaru Eiji/Reader,1,/tags/Kikumaru%20Eiji*s*Reader,r
Ooishi Shuuichirou/Reader,0,/tags/Ooishi%20Shuuichirou*s*Reader,r
Shishido Ryou/Reader,0,/tags/Shishido%20Ryou*s*Reader,r
Community: tenipuri_es,8,/tags/Community:%20tenipuri_es,f
Oshitari Erina,5,/tags/Oshitari%20Erina,c
Echizen Ryouma/Reader,0,/tags/Echizen%20Ryouma*s*Reader,r
Saeki Kojirou/Shiraishi Kuranosuke,3,/tags/Saeki%20Kojirou*s*Shiraishi%20Kuranosuke,r
Yukimura Seiichi/Original Male Character(s),8,/tags/Yukimura%20Seiichi*s*Original%20Male%20Character(s),r
Chitose Senri/Echizen Ryouma,0,/tags/Chitose%20Senri*s*Echizen%20Ryouma,r
Atobe Keigo/Tezuka Kunimitsu/Original Character(s),0,/tags/Atobe%20Keigo*s*Tezuka%20Kunimitsu*s*Original%20Character(s),r
Kisarazu Ryou/Shudou Satoshi,1,/tags/Kisarazu%20Ryou*s*Shudou%20Satoshi,r
Tezuka Kunimitsu & Yamato Yuudai,2,/tags/Tezuka%20Kunimitsu%20*a*%20Yamato%20Yuudai,r
Tachibana An/Yukimura Seiichi,0,/tags/Tachibana%20An*s*Yukimura%20Seiichi,r
Michael (Tennis no Oujisama),0,/tags/Michael%20(Tennis%20no%20Oujisama),c
Yamashiro (Tennis no Oujisama),0,/tags/Yamashiro%20(Tennis%20no%20Oujisama),c
QP (Tennis no Oujisama),16,/tags/QP%20(Tennis%20no%20Oujisama),c
Kamio Akira/Mori Tatsunori,1,/tags/Kamio%20Akira*s*Mori%20Tatsunori,r
Keith (Tennis no Oujisama),0,/tags/Keith%20(Tennis%20no%20Oujisama),c
American Team (Tennis no Oujisama),0,/tags/American%20Team%20(Tennis%20no%20Oujisama),c
Ojii (Tennis no Oujisama),1,/tags/Ojii%20(Tennis%20no%20Oujisama),c
Niou Masaharu & Original Female Character(s),2,/tags/Niou%20Masaharu%20*a*%20Original%20Female%20Character(s),r
Atobe Keigo & Original Female Character(s),2,/tags/Atobe%20Keigo%20*a*%20Original%20Female%20Character(s),r
Ooishi Shuuichirou/Sanada Genichirou,0,/tags/Ooishi%20Shuuichirou*s*Sanada%20Genichirou,r
Fuji Shuusuke/Kaidou Kaoru/Tezuka Kunimitsu,0,/tags/Fuji%20Shuusuke*s*Kaidou%20Kaoru*s*Tezuka%20Kunimitsu,r
Niou Masaharu/You,0,/tags/Niou%20Masaharu*s*You,r
Kirihara Akaya/Kevin Smith,0,/tags/Kirihara%20Akaya*s*Kevin%20Smith,r
Aoi Kentarou/Saeki Kojirou,1,/tags/Aoi%20Kentarou*s*Saeki%20Kojirou,r
Fuji Yoshiko,5,/tags/Fuji%20Yoshiko,c
Hiyoshi Wakashi/Reader,2,/tags/Hiyoshi%20Wakashi*s*Reader,r
Kaburiel (Tennis no Oujisama),0,/tags/Kaburiel%20(Tennis%20no%20Oujisama),c
Kaburiel/Shiraishi Kuranosuke,0,/tags/Kaburiel*s*Shiraishi%20Kuranosuke,r
Yanagi Renji/Reader,1,/tags/Yanagi%20Renji*s*Reader,r
Kirihara Akaya/Reader,2,/tags/Kirihara%20Akaya*s*Reader,r
Kabaji Munehiro/Niou Masaharu,1,/tags/Kabaji%20Munehiro*s*Niou%20Masaharu,r
Oshitari Kenya/Original Character(s),0,/tags/Oshitari%20Kenya*s*Original%20Character(s),r
Momoshiro Takeshi/Reader,0,/tags/Momoshiro%20Takeshi*s*Reader,r
Akutsu Jin/Inui Sadaharu/Kaidou Kaoru,0,/tags/Akutsu%20Jin*s*Inui%20Sadaharu*s*Kaidou%20Kaoru,r
Momoshiro Takeshi & Seigaku Team,1,/tags/Momoshiro%20Takeshi%20*a*%20Seigaku%20Team,r
Atobe Keigo/Yagyuu Hiroshi,1,/tags/Atobe%20Keigo*s*Yagyuu%20Hiroshi,r
Oshitari Shouta,3,/tags/Oshitari%20Shouta,c
Shiraishi Kuranosuke/Yanagi Renji,2,/tags/Shiraishi%20Kuranosuke*s*Yanagi%20Renji,r
Nomura Takuya (Tennis no Oujisama),2,/tags/Nomura%20Takuya%20(Tennis%20no%20Oujisama),c
Tezuka Kunimitsu/Other(s),0,/tags/Tezuka%20Kunimitsu*s*Other(s),r
Echizen Ryouma & Urameshi Yuusuke,2,/tags/Echizen%20Ryouma%20*a*%20Urameshi%20Yuusuke,r
Michael Bismarck,26,/tags/Michael%20Bismarck,c
Fuji Yuuta/Niou Masaharu,0,/tags/Fuji%20Yuuta*s*Niou%20Masaharu,r
Akutsu Jin/Kaidou Kaoru,4,/tags/Akutsu%20Jin*s*Kaidou%20Kaoru,r
Yanagi Renji/Everyone,0,/tags/Yanagi%20Renji*s*Everyone,r
Tokugawa Kazuya/Yukimura Seiichi,26,/tags/Tokugawa%20Kazuya*s*Yukimura%20Seiichi,r
Fuji Shuusuke/Kirihira Akaya/Niou Masaharu,0,/tags/Fuji%20Shuusuke*s*Kirihira%20Akaya*s*Niou%20Masaharu,r
Echizen Ryouma & Momoshiro Takeshi,3,/tags/Echizen%20Ryouma%20*a*%20Momoshiro%20Takeshi,r
Saeki Kojirou/Yukimura Seiichi,0,/tags/Saeki%20Kojirou*s*Yukimura%20Seiichi,r
Mizuki Hajime/Everyone,0,/tags/Mizuki%20Hajime*s*Everyone,r
Echizen Nanjirou/Original Male Character(s),0,/tags/Echizen%20Nanjirou*s*Original%20Male%20Character(s),r
QP/Jürgen Valicevic Volk,0,/tags/QP*s*J%C3%BCrgen%20Valicevic%20Volk,r
Kabaji Munehiro/Kawamura Takashi,1,/tags/Kabaji%20Munehiro*s*Kawamura%20Takashi,r
Kaidou Kaoru/Reader,1,/tags/Kaidou%20Kaoru*s*Reader,r
Akutsu Jin/Byoudouin Houou,0,/tags/Akutsu%20Jin*s*Byoudouin%20Houou,r
Akutsu Jin/Reader,0,/tags/Akutsu%20Jin*s*Reader,r
Oshitari Shouta/Shiraishi Yukari,1,/tags/Oshitari%20Shouta*s*Shiraishi%20Yukari,r
Shiraishi Kuranosuke/Tanegashima Shuuji,2,/tags/Shiraishi%20Kuranosuke*s*Tanegashima%20Shuuji,r
Atobe Keigo/Tokugawa Kazuya,0,/tags/Atobe%20Keigo*s*Tokugawa%20Kazuya,r
Ochi Tsukimitsu/Tanegashima Shuuji,1,/tags/Ochi%20Tsukimitsu*s*Tanegashima%20Shuuji,r
Chitose Miyuki & Tezuka Kunimitsu,0,/tags/Chitose%20Miyuki%20*a*%20Tezuka%20Kunimitsu,r
Hyotei Gakuen | Hyotei,8,/tags/Hyotei%20Gakuen%20%7C%20Hyotei,f
Rikkai Daigaku Fuzoku Chuu | Rikkai,73,/tags/Rikkai%20Daigaku%20Fuzoku%20Chuu%20%7C%20Rikkai,f
Atobe Keigo/Echizen Ryouma/Sanada Genichirou/Tezuka Kunimitsu/Yukimura Seiichi,0,/tags/Atobe%20Keigo*s*Echizen%20Ryouma*s*Sanada%20Genichirou*s*Tezuka%20Kunimitsu*s*Yukimura%20Seiichi,r
Atobe Keigo Being Atobe Keigo,1,/tags/Atobe%20Keigo%20Being%20Atobe%20Keigo,f
Yagyuu Hiroshi/Original Female Character(s),3,/tags/Yagyuu%20Hiroshi*s*Original%20Female%20Character(s),r
Toshiki Tamaki,0,/tags/Toshiki%20Tamaki,c
Rikkai Team/Ryuuzaki Sakuno,0,/tags/Rikkai%20Team*s*Ryuuzaki%20Sakuno,r
Ryuuzaki Sakuno/Original Male Character(s),0,/tags/Ryuuzaki%20Sakuno*s*Original%20Male%20Character(s),r
Kikumaru Eiji/Original Male Character(s),1,/tags/Kikumaru%20Eiji*s*Original%20Male%20Character(s),r
Akutagawa Jirou/Hiyoshi Wakashi,0,/tags/Akutagawa%20Jirou*s*Hiyoshi%20Wakashi,r
Echizen Ryoga/Tokugawa Kazuya,0,/tags/Echizen%20Ryoga*s*Tokugawa%20Kazuya,r
Sengoku Kiyosumi/Reader,0,/tags/Sengoku%20Kiyosumi*s*Reader,r
Ohtori Choutarou/Reader,0,/tags/Ohtori%20Choutarou*s*Reader,r
Yagyuu Hiroshi/Reader,0,/tags/Yagyuu%20Hiroshi*s*Reader,r
Akutagawa Jirou/Reader,1,/tags/Akutagawa%20Jirou*s*Reader,r
Oshitari Yuushi/Reader,1,/tags/Oshitari%20Yuushi*s*Reader,r
Kawamura Takashi/Reader,0,/tags/Kawamura%20Takashi*s*Reader,r
Marui Bunta/Reader,0,/tags/Marui%20Bunta*s*Reader,r
Sakaki Tarou/Reader,0,/tags/Sakaki%20Tarou*s*Reader,r
Echizen Ryouma & Nanako,1,/tags/Echizen%20Ryouma%20*a*%20Nanako,r
Ibu Shinji/Reader,0,/tags/Ibu%20Shinji*s*Reader,r
Amane Hikaru/Reader,0,/tags/Amane%20Hikaru*s*Reader,r
Echizen Ryouma/Oshitari Kenya,0,/tags/Echizen%20Ryouma*s*Oshitari%20Kenya,r
Echizen Ryouma/Oshitari Yuushi,0,/tags/Echizen%20Ryouma*s*Oshitari%20Yuushi,r
Echizen Ryouma/Hyoutei Team,0,/tags/Echizen%20Ryouma*s*Hyoutei%20Team,r
Echizen Ryouma/Shitenhouji Team,0,/tags/Echizen%20Ryouma*s*Shitenhouji%20Team,r
Echizen Ryouma/Rikkai Team,1,/tags/Echizen%20Ryouma*s*Rikkai%20Team,r
Fuji Shuusuke/Harry Potter,4,/tags/Fuji%20Shuusuke*s*Harry%20Potter,r
Kiko Balentien,3,/tags/Kiko%20Balentien,c
Echizen Ryouma/Other(s),4,/tags/Echizen%20Ryouma*s*Other(s),r
Atobe Keigo/Marui Bunta,1,/tags/Atobe%20Keigo*s*Marui%20Bunta,r
Marui Bunta/Niou Masaharu/Yukimura Seiichi,0,/tags/Marui%20Bunta*s*Niou%20Masaharu*s*Yukimura%20Seiichi,r
Akashi Seijuurou/Ryuuzaki Sakuno,0,/tags/Akashi%20Seijuurou*s*Ryuuzaki%20Sakuno,r
Echizen Ryouma & Marui Bunta,1,/tags/Echizen%20Ryouma%20*a*%20Marui%20Bunta,r
Echizen Ryouma & Jackal Kuwahara,1,/tags/Echizen%20Ryouma%20*a*%20Jackal%20Kuwahara,r
Fuji Shuusuke & Mù Sīyáng,2,/tags/Fuji%20Shuusuke%20*a*%20M%C3%B9%20S%C4%ABy%C3%A1ng,r
Tezuka Kunimitsu (Tennis no Oujisama) & Zhuó Zhì (Prince of Tennis 2019),1,/tags/Tezuka%20Kunimitsu%20(Tennis%20no%20Oujisama)%20*a*%20Zhu%C3%B3%20Zh%C3%AC%20(Prince%20of%20Tennis%202019),r
Kaidou Kaoru/Original Character(s),0,/tags/Kaidou%20Kaoru*s*Original%20Character(s),r
Sanada Genichirou/Tokugawa Kazuya,0,/tags/Sanada%20Genichirou*s*Tokugawa%20Kazuya,r
Ishida Gin/Zaizen Hikaru,1,/tags/Ishida%20Gin*s*Zaizen%20Hikaru,r
Mutsu Yuuho/Oomagari Ryuuji,2,/tags/Mutsu%20Yuuho*s*Oomagari%20Ryuuji,r
Mutsu Yuuma/Oomagari Ryuuji,2,/tags/Mutsu%20Yuuma*s*Oomagari%20Ryuuji,r
Oomagari Ryuuji,11,/tags/Oomagari%20Ryuuji,c
Mutsu Yuuho,4,/tags/Mutsu%20Yuuho,c
Mutsu Yuuma,4,/tags/Mutsu%20Yuuma,c
AtoZuka Festival,2,/tags/AtoZuka%20Festival,f
AtoZuka Festival 2020,1,/tags/AtoZuka%20Festival%202020,f
S. Akamèche,1,/tags/S*d*%20Akam%C3%A8che,c
Series: Shin Tennis no Oujisama | New Prince of Tennis,0,/tags/Series:%20Shin%20Tennis%20no%20Oujisama%20%7C%20New%20Prince%20of%20Tennis,f
Fuji Shuusuke/Irie Kanata,2,/tags/Fuji%20Shuusuke*s*Irie%20Kanata,r
Fuji Shuusuke & Higurashi Kagome,1,/tags/Fuji%20Shuusuke%20*a*%20Higurashi%20Kagome,r
Hiyoshi Wakashi & Ohtori Choutarou,1,/tags/Hiyoshi%20Wakashi%20*a*%20Ohtori%20Choutarou,r
Akutagawa Jirou & Echizen Ryouma,1,/tags/Akutagawa%20Jirou%20*a*%20Echizen%20Ryouma,r
Tamagawa Yoshio,17,/tags/Tamagawa%20Yoshio,c
Hitouji Yuuji & Kaidou Kaoru,0,/tags/Hitouji%20Yuuji%20*a*%20Kaidou%20Kaoru,r
Tamagawa Yoshio/Original Character(s),1,/tags/Tamagawa%20Yoshio*s*Original%20Character(s),r
Fuji/Saeki/Shiraishi/Tezuka/Yukimura/Original Male Character(s),0,/tags/Fuji*s*Saeki*s*Shiraishi*s*Tezuka*s*Yukimura*s*Original%20Male%20Character(s),r
Rikkai Team/Sanada Genichirou,0,/tags/Rikkai%20Team*s*Sanada%20Genichirou,r
Echizen Ryouma & Tooyama Kintarou,3,/tags/Echizen%20Ryouma%20*a*%20Tooyama%20Kintarou,r
Akutsu Jin & Kawamura Takashi,0,/tags/Akutsu%20Jin%20*a*%20Kawamura%20Takashi,r
Fuji Shuusuke & Sengoku Kiyosumi,0,/tags/Fuji%20Shuusuke%20*a*%20Sengoku%20Kiyosumi,r
Aragaki Kouichi & Kite Eishirou,0,/tags/Aragaki%20Kouichi%20*a*%20Kite%20Eishirou,r
Fuji Shuusuke/KENN | Oohashi Kenichirou,0,/tags/Fuji%20Shuusuke*s*KENN%20%7C%20Oohashi%20Kenichirou,r
Atobe Keigo/Hyoutei Team,1,/tags/Atobe%20Keigo*s*Hyoutei%20Team,r
Momoshiro Takeshi/Other(s),0,/tags/Momoshiro%20Takeshi*s*Other(s),r
Michael Bismarck/E. Siegfried,24,/tags/Michael%20Bismarck*s*E*d*%20Siegfried,r
Hanamura Aoi/Sakaki Tarou,0,/tags/Hanamura%20Aoi*s*Sakaki%20Tarou,r
Sengoku Kiyosumi/Original Character(s),0,/tags/Sengoku%20Kiyosumi*s*Original%20Character(s),r
Hirakoba Rin/Original Character(s),0,/tags/Hirakoba%20Rin*s*Original%20Character(s),r
Echizen Nanjirou/Tezuka Kunimitsu,2,/tags/Echizen%20Nanjirou*s*Tezuka%20Kunimitsu,r
Tezuka Kunimitsu/Undisclosed,0,/tags/Tezuka%20Kunimitsu*s*Undisclosed,r
Mouri Jusaburou,61,/tags/Mouri%20Jusaburou,c
Hara Tetsuya/Mouri Jusaburou,0,/tags/Hara%20Tetsuya*s*Mouri%20Jusaburou,r
Mouri Jusaburou/Ochi Tsukimitsu,54,/tags/Mouri%20Jusaburou*s*Ochi%20Tsukimitsu,r
Ryuuzaki Sakuno/Yukimura Seiichi,1,/tags/Ryuuzaki%20Sakuno*s*Yukimura%20Seiichi,r
Inui Sadaharu/Harry Potter,0,/tags/Inui%20Sadaharu*s*Harry%20Potter,r
Kimijima Ikuto/Shiraishi Kuranosuke,1,/tags/Kimijima%20Ikuto*s*Shiraishi%20Kuranosuke,r
Kimijima Ikuto,16,/tags/Kimijima%20Ikuto,c
Nishikiori Tsubasa (Tennis no Oujisama),0,/tags/Nishikiori%20Tsubasa%20(Tennis%20no%20Oujisama),c
Atobe Keigo/Kaidou Kaoru,0,/tags/Atobe%20Keigo*s*Kaidou%20Kaoru,r
Echizen Ryouma/Fuji Shuusuke/Sanada Genichirou/Yukimura Seiichi,0,/tags/Echizen%20Ryouma*s*Fuji%20Shuusuke*s*Sanada%20Genichirou*s*Yukimura%20Seiichi,r
Akutsu Jin/Tezuka Kunimitsu/Yukimura Seiichi,0,/tags/Akutsu%20Jin*s*Tezuka%20Kunimitsu*s*Yukimura%20Seiichi,r
Kimijima Ikuto/Tohno Atsukyo,9,/tags/Kimijima%20Ikuto*s*Tohno%20Atsukyo,r
Kaidou Kaoru/Undisclosed,1,/tags/Kaidou%20Kaoru*s*Undisclosed,r
Mouri Jusaburou/Original Female Character(s),2,/tags/Mouri%20Jusaburou*s*Original%20Female%20Character(s),r
Inui Sadaharu/Original Female Character(s),1,/tags/Inui%20Sadaharu*s*Original%20Female%20Character(s),r
Marui Bunta & Rikkai Team,0,/tags/Marui%20Bunta%20*a*%20Rikkai%20Team,r
Shishido Ryou/Original Character(s),0,/tags/Shishido%20Ryou*s*Original%20Character(s),r
Niou Masaharu/Tanegashima Shuuji,0,/tags/Niou%20Masaharu*s*Tanegashima%20Shuuji,r
Sanada Genichirou/Other(s),0,/tags/Sanada%20Genichirou*s*Other(s),r
Series: Shin Tennis no Oujisama | New Prince of Tennis Spoilers,0,/tags/Series:%20Shin%20Tennis%20no%20Oujisama%20%7C%20New%20Prince%20of%20Tennis%20Spoilers,f
Mitsuya Akuto/Original Female Character(s),1,/tags/Mitsuya%20Akuto*s*Original%20Female%20Character(s),r
Kikumaru Eiji & Ooishi Shuuichirou,1,/tags/Kikumaru%20Eiji%20*a*%20Ooishi%20Shuuichirou,r
Ooishi Shuuichirou/Original Female Character(s),0,/tags/Ooishi%20Shuuichirou*s*Original%20Female%20Character(s),r
Atobe Keigo/Fuji Shuusuke/Sanada Genichirou/Kevin Smith/Tezuka Kunimitsu/Yukimura Seiichi,0,/tags/Atobe%20Keigo*s*Fuji%20Shuusuke*s*Sanada%20Genichirou*s*Kevin%20Smith*s*Tezuka%20Kunimitsu*s*Yukimura%20Seiichi,r
Atobe Keigo/Shiraishi Kuranosuke/Yukimura Seiichi,0,/tags/Atobe%20Keigo*s*Shiraishi%20Kuranosuke*s*Yukimura%20Seiichi,r
Atobe Keigo/Ohtori Choutarou/Shishido Ryou,0,/tags/Atobe%20Keigo*s*Ohtori%20Choutarou*s*Shishido%20Ryou,r
Byoudouin Houou/Irie Kanata,0,/tags/Byoudouin%20Houou*s*Irie%20Kanata,r
Kirihara Akaya & Shiraishi Kuranosuke & Yukimura Seiichi,1,/tags/Kirihara%20Akaya%20*a*%20Shiraishi%20Kuranosuke%20*a*%20Yukimura%20Seiichi,r
Atobe Keigo/Leon Wakefield,2,/tags/Atobe%20Keigo*s*Leon%20Wakefield,r
Leon Wakefield,1,/tags/Leon%20Wakefield,c
Charlie Palmer,2,/tags/Charlie%20Palmer,c
Eric Paddington,1,/tags/Eric%20Paddington,c
Billy Cassidy & Kevin Smith,1,/tags/Billy%20Cassidy%20*a*%20Kevin%20Smith,r
Billy Cassidy,2,/tags/Billy%20Cassidy,c
Sanada Genichirou/Akutagawa Jirou,0,/tags/Sanada%20Genichirou*s*Akutagawa%20Jirou,r
Atobe Keigo & Hiyoshi Wakashi,1,/tags/Atobe%20Keigo%20*a*%20Hiyoshi%20Wakashi,r
Kirihara Akaya/Kirihara Akaya,0,/tags/Kirihara%20Akaya*s*Kirihara%20Akaya,r
Mouri Jusaburou/Yanagi Renji,10,/tags/Mouri%20Jusaburou*s*Yanagi%20Renji,r
Niou Masaharu/Everyone,0,/tags/Niou%20Masaharu*s*Everyone,r
Byoudouin Houou/Duke Watanabe,3,/tags/Byoudouin%20Houou*s*Duke%20Watanabe,r
Kamio Akira & Tachibana An,1,/tags/Kamio%20Akira%20*a*%20Tachibana%20An,r
Ralph Rhinehart,3,/tags/Ralph%20Rhinehart,c
Fuji Yuuta & Tooyama Kintarou,1,/tags/Fuji%20Yuuta%20*a*%20Tooyama%20Kintarou,r
Tamagawa Yoshio/Yukimura Seiichi,8,/tags/Tamagawa%20Yoshio*s*Yukimura%20Seiichi,r
Tamagawa Yoshio/Yanagi Renji,1,/tags/Tamagawa%20Yoshio*s*Yanagi%20Renji,r
Mitsuya Akuto/Yamato Yuudai,0,/tags/Mitsuya%20Akuto*s*Yamato%20Yuudai,r
Kaidou Kaoru & Tezuka Kunimitsu,0,/tags/Kaidou%20Kaoru%20*a*%20Tezuka%20Kunimitsu,r
Leopold Camus/Duke Watanabe,0,/tags/Leopold%20Camus*s*Duke%20Watanabe,r
Echizen Ryouma & Kaidou Kaoru,0,/tags/Echizen%20Ryouma%20*a*%20Kaidou%20Kaoru,r
Zaizen Hikaru/Original Male Character(s),2,/tags/Zaizen%20Hikaru*s*Original%20Male%20Character(s),r
Michael Bismarck/Kirihara Akaya,0,/tags/Michael%20Bismarck*s*Kirihara%20Akaya,r
Atobe Keigo & Fuji Shuusuke & Saeki Kojirou,0,/tags/Atobe%20Keigo%20*a*%20Fuji%20Shuusuke%20*a*%20Saeki%20Kojirou,r
Shishigaku Team,1,/tags/Shishigaku%20Team,c
Akutsu Jin/Yukimura Seiichi,2,/tags/Akutsu%20Jin*s*Yukimura%20Seiichi,r
Yamato Yuudai/Original Female Character(s),1,/tags/Yamato%20Yuudai*s*Original%20Female%20Character(s),r
Mouri Jusaburou/Yukimura Seiichi,4,/tags/Mouri%20Jusaburou*s*Yukimura%20Seiichi,r
Echizen Ryoma/Hanesaki Ayano,1,/tags/Echizen%20Ryoma*s*Hanesaki%20Ayano,r
Chitose Miyuki/Fuji Yuuta,1,/tags/Chitose%20Miyuki*s*Fuji%20Yuuta,r
Kaidou Shibuki,1,/tags/Kaidou%20Shibuki,c
Fuji Shuusuke & Inui Sadaharu,1,/tags/Fuji%20Shuusuke%20*a*%20Inui%20Sadaharu,r
Akutagawa Jirou/Fuji Shuusuke,1,/tags/Akutagawa%20Jirou*s*Fuji%20Shuusuke,r
Atobe Keigo & Fuji Shuusuke & Oshitari Yuushi & Tezuka Kunimitsu,1,/tags/Atobe%20Keigo%20*a*%20Fuji%20Shuusuke%20*a*%20Oshitari%20Yuushi%20*a*%20Tezuka%20Kunimitsu,r
Sanada Genichirou & Yukimura Seiichi,5,/tags/Sanada%20Genichirou%20*a*%20Yukimura%20Seiichi,r
Kaji Kazena,1,/tags/Kaji%20Kazena,c
Fuwa Tetsuhito,1,/tags/Fuwa%20Tetsuhito,c
Date Danji,1,/tags/Date%20Danji,c
Ban Rikiya,1,/tags/Ban%20Rikiya,c
Akiba Kouyou,1,/tags/Akiba%20Kouyou,c
Kurobe Yukio,3,/tags/Kurobe%20Yukio,c
Tsuge Ryuuji,1,/tags/Tsuge%20Ryuuji,c
Richard Sakata,2,/tags/Richard%20Sakata,c
Hiyoshi Wakashi & Kaidou Kaoru & Kirihara Akaya & Zaizen Hikaru,0,/tags/Hiyoshi%20Wakashi%20*a*%20Kaidou%20Kaoru%20*a*%20Kirihara%20Akaya%20*a*%20Zaizen%20Hikaru,r
Jin Onojieha,1,/tags/Jin%20Onojieha,c
Alexander Amadeus,2,/tags/Alexander%20Amadeus,c
Albert Federer,1,/tags/Albert%20Federer,c
Henri Nobel III,1,/tags/Henri%20Nobel%20III,c
Claraga Tatsuta,1,/tags/Claraga%20Tatsuta,c
Peter Lambiel,1,/tags/Peter%20Lambiel,c
Randy Pugu,1,/tags/Randy%20Pugu,c
Mouri Jusaburou/Sanada Genichirou,3,/tags/Mouri%20Jusaburou*s*Sanada%20Genichirou,r
Tristan Bardot/Timothée Moreau,1,/tags/Tristan%20Bardot*s*Timoth%C3%A9e%20Moreau,r
Tristan Bardot,1,/tags/Tristan%20Bardot,c
Timothée Moreau,1,/tags/Timoth%C3%A9e%20Moreau,c
A. Frankensteiner,0,/tags/A*d*%20Frankensteiner,c
Suzuki Shun,2,/tags/Suzuki%20Shun,c
Washio Issa,2,/tags/Washio%20Issa,c
Tanaka (Tennis no Oujisama),0,/tags/Tanaka%20(Tennis%20no%20Oujisama),c
Kiko Balentien/Echizen Ryoma,0,/tags/Kiko%20Balentien*s*Echizen%20Ryoma,r
Kabaji Munehiro/Tezuka Kunimitsu,0,/tags/Kabaji%20Munehiro*s*Tezuka%20Kunimitsu,r
Ishida Gin & Ishida Tetsu,0,/tags/Ishida%20Gin%20*a*%20Ishida%20Tetsu,r
Fuji Shuusuke/Yagyuu Hiroshi,0,/tags/Fuji%20Shuusuke*s*Yagyuu%20Hiroshi,r
Inui Sadaharu/Tezuka Kunimitsu/Yanagi Renji,0,/tags/Inui%20Sadaharu*s*Tezuka%20Kunimitsu*s*Yanagi%20Renji,r
Kikumaru Eiji/Original Female Character(s),0,/tags/Kikumaru%20Eiji*s*Original%20Female%20Character(s),r
Sanada Genichirou/Tezuka Kunimitsu/Yukimura Seiichi,0,/tags/Sanada%20Genichirou*s*Tezuka%20Kunimitsu*s*Yukimura%20Seiichi,r
Fuji Yuuta & Tezuka Kunimitsu,0,/tags/Fuji%20Yuuta%20*a*%20Tezuka%20Kunimitsu,r
Echizen Ryoma/Oikawa Tooru,1,/tags/Echizen%20Ryoma*s*Oikawa%20Tooru,r
Byoudouin Houou/Echizen Ryoga,1,/tags/Byoudouin%20Houou*s*Echizen%20Ryoga,r
Echizen Ryoma & Original Female Character(s),2,/tags/Echizen%20Ryoma%20*a*%20Original%20Female%20Character(s),r
Kevin Smith (Tennis no Oujisama)/Original Character(s),0,/tags/Kevin%20Smith%20(Tennis%20no%20Oujisama)*s*Original%20Character(s),r
Kimijima Ikuto/Original Female Character(s),0,/tags/Kimijima%20Ikuto*s*Original%20Female%20Character(s),r
Echizen Ryoma & Kikumaru Eiji,0,/tags/Echizen%20Ryoma%20*a*%20Kikumaru%20Eiji,r
Fuji Shuusuke & Tezuka Kunimitsu & Yukimura Seiichi,0,/tags/Fuji%20Shuusuke%20*a*%20Tezuka%20Kunimitsu%20*a*%20Yukimura%20Seiichi,r
Atobe Keigo/Fuji Shuusuke/Saeki Kojirou,0,/tags/Atobe%20Keigo*s*Fuji%20Shuusuke*s*Saeki%20Kojirou,r
Echizen Ryoga/Echizen Ryoma/Yukimura Seiichi,1,/tags/Echizen%20Ryoga*s*Echizen%20Ryoma*s*Yukimura%20Seiichi,r
Jackal Kuwahara/Yanagi Renji,0,/tags/Jackal%20Kuwahara*s*Yanagi%20Renji,r
Atobe Keigo/Oshitari Yuushi/Shiraishi Kuranosuke,0,/tags/Atobe%20Keigo*s*Oshitari%20Yuushi*s*Shiraishi%20Kuranosuke,r
Ijuuin Kurumi,0,/tags/Ijuuin%20Kurumi,c
Ludwig Chardard,0,/tags/Ludwig%20Chardard,c
Musashi Kaishou,0,/tags/Musashi%20Kaishou,c
Atobe Keigo & Shishido Ryou,1,/tags/Atobe%20Keigo%20*a*%20Shishido%20Ryou,r
Echizen Ryoma/Liliadent Krauser,0,/tags/Echizen%20Ryoma*s*Liliadent%20Krauser,r
Tenipuri Summer Valentine Exchange,0,/tags/Tenipuri%20Summer%20Valentine%20Exchange,f
Echizen Ryoga/Ralph Rhinehart,0,/tags/Echizen%20Ryoga*s*Ralph%20Rhinehart,r
Oomagari Ryuuji/Tanegashima Shuuji,3,/tags/Oomagari%20Ryuuji*s*Tanegashima%20Shuuji,r
Suzuki Shun/Washio Issa,2,/tags/Suzuki%20Shun*s*Washio%20Issa,r
Murata Ugetsu/Oshitari Yuushi,0,/tags/Murata%20Ugetsu*s*Oshitari%20Yuushi,r
Shinjou Reiji,1,/tags/Shinjou%20Reiji,c
Fuji Shuusuke & Shiraishi Kuranosuke & Yukimura Seiichi,2,/tags/Fuji%20Shuusuke%20*a*%20Shiraishi%20Kuranosuke%20*a*%20Yukimura%20Seiichi,r
Byoudouin Houou/Original Character(s),1,/tags/Byoudouin%20Houou*s*Original%20Character(s),r
Ibu Shinji/Kaidou Kaoru,0,/tags/Ibu%20Shinji*s*Kaidou%20Kaoru,r
Fuji Shuusuke/Inui Sadaharu/Yanagi Renji,0,/tags/Fuji%20Shuusuke*s*Inui%20Sadaharu*s*Yanagi%20Renji,r
Kirihara Akaya & Ryuuzaki Sakuno,2,/tags/Kirihara%20Akaya%20*a*%20Ryuuzaki%20Sakuno,r
Fuji Shuusuke & Saeki Kojirou & Tezuka Kunimitsu,1,/tags/Fuji%20Shuusuke%20*a*%20Saeki%20Kojirou%20*a*%20Tezuka%20Kunimitsu,r
Atobe Keigo & Fuji Shuusuke & Saeki Kojirou & Tezuka Kunimitsu,2,/tags/Atobe%20Keigo%20*a*%20Fuji%20Shuusuke%20*a*%20Saeki%20Kojirou%20*a*%20Tezuka%20Kunimitsu,r
Atobe Keigo & Oshitari Yuushi & Saeki Kojirou & Tezuka Kunimitsu,1,/tags/Atobe%20Keigo%20*a*%20Oshitari%20Yuushi%20*a*%20Saeki%20Kojirou%20*a*%20Tezuka%20Kunimitsu,r
Atobe Keigo & Fuji Shuusuke & Tezuka Kunimitsu,1,/tags/Atobe%20Keigo%20*a*%20Fuji%20Shuusuke%20*a*%20Tezuka%20Kunimitsu,r
Ryuuzaki Sakuno & Sanada Genichirou,0,/tags/Ryuuzaki%20Sakuno%20*a*%20Sanada%20Genichirou,r
Tezuka Kunimitsu/Jürgen Valicevic Volk,0,/tags/Tezuka%20Kunimitsu*s*J%C3%BCrgen%20Valicevic%20Volk,r
Kikumaru Eiji/Ohtori Choutarou,0,/tags/Kikumaru%20Eiji*s*Ohtori%20Choutarou,r
Echizen Ryoga/Yukimura Seiichi,3,/tags/Echizen%20Ryoga*s*Yukimura%20Seiichi,r
Byoudouin Houou/Antonio da Medanoré,1,/tags/Byoudouin%20Houou*s*Antonio%20da%20Medanor%C3%A9,r
Byoudouin Houou/Mouri Jusaburou,1,/tags/Byoudouin%20Houou*s*Mouri%20Jusaburou,r
Byoudouin Houou/Tanegashima Shuuji,1,/tags/Byoudouin%20Houou*s*Tanegashima%20Shuuji,r
Byoudouin Houou/Oni Juujirou,1,/tags/Byoudouin%20Houou*s*Oni%20Juujirou,r
Antonio da Medanoré,1,/tags/Antonio%20da%20Medanor%C3%A9,c
Chloe Watanabe,1,/tags/Chloe%20Watanabe,c
Echizen Ryoga/Echizen Ryoma,1,/tags/Echizen%20Ryoga*s*Echizen%20Ryoma,r
QP/Tezuka Kunimitsu,1,/tags/QP*s*Tezuka%20Kunimitsu,r
Ralph Rhinehart/Tanegashima Shuuji,1,/tags/Ralph%20Rhinehart*s*Tanegashima%20Shuuji,r
Charlie Palmer/Christine Palmer,0,/tags/Charlie%20Palmer*s*Christine%20Palmer,r
Alexander Amadeus/Byoudouin Houou,0,/tags/Alexander%20Amadeus*s*Byoudouin%20Houou,r
Oni Juujirou & Tooyama Kintarou,0,/tags/Oni%20Juujirou%20*a*%20Tooyama%20Kintarou,r
Byoudouin Houou/Jürgen Valicevic Volk,0,/tags/Byoudouin%20Houou*s*J%C3%BCrgen%20Valicevic%20Volk,r
Akutagawa Jirou/Jackal Kuwahara,0,/tags/Akutagawa%20Jirou*s*Jackal%20Kuwahara,r
Echizen Ryoga/Echizen Ryoma/Harry Potter,0,/tags/Echizen%20Ryoga*s*Echizen%20Ryoma*s*Harry%20Potter,r
Atobe/Echizen Ryoga/Echizen Ryoma/Fuji/Harry Potter/Sanada/Tezuka/Yukimura,0,/tags/Atobe*s*Echizen%20Ryoga*s*Echizen%20Ryoma*s*Fuji*s*Harry%20Potter*s*Sanada*s*Tezuka*s*Yukimura,r
Echizen Ryoga/Original Character(s),0,/tags/Echizen%20Ryoga*s*Original%20Character(s),r
Atobe Keigo/Echizen Ryoga,0,/tags/Atobe%20Keigo*s*Echizen%20Ryoga,r
Echizen Ryoga/Shiraishi Kuranosuke,0,/tags/Echizen%20Ryoga*s*Shiraishi%20Kuranosuke,r
Echizen Ryoga & Original Female Character(s),0,/tags/Echizen%20Ryoga%20*a*%20Original%20Female%20Character(s),r
Echizen Ryoga/Reader,0,/tags/Echizen%20Ryoga*s*Reader,r
Echizen Nanjirou & Echizen Ryoga,0,/tags/Echizen%20Nanjirou%20*a*%20Echizen%20Ryoga,r
Oomagari Ryuuji/Shiraishi Kuranosuke,0,/tags/Oomagari%20Ryuuji*s*Shiraishi%20Kuranosuke,r
